fund_symbol,fund_long_name,fund_category,fund_family,total_net_assets,fund_annual_report_net_expense_ratio,asset_stocks,asset_bonds,fund_return_ytd,fund_return_1year,fund_return_3years,fund_return_5years,fund_return_10years,fund_alpha_3years,fund_beta_3years,fund_stdev_3years,fund_sharpe_ratio_3years,fund_type
AAAU,DWS RREEF Real Assets Fund - Class A,,DWS,384448608.0,0.0018,,,-0.0465,-0.079,0.146,,,13.18,0.07,14.93,0.91,ETF
AADR,Virtus AllianzGI Health Sciences Fund Class P,Foreign Large Growth,Virtus,88836160.0,0.011,,,0.094,0.2587,0.0803,0.1188,0.083,-1.3,1.11,22.42,0.4,ETF
AAXJ,American Century One Choice Blend+ 2015 Portfolio Investor Class,Pacific/Asia ex-Japan Stk,American Century Investments,5574671872.0,0.007,,,-0.0173,0.1859,0.0804,0.1067,0.0535,1.2,0.9,18.48,0.46,ETF
ABEQ,Thrivent Large Cap Growth Fund Class A,Large Value,Thrivent Funds,49694168.0,0.0088,,,0.07,0.2252,,,,,,,,ETF
ACES,American Century One Choice Blend+ 2015 Portfolio I Class,Miscellaneous Sector,American Century Investments,1007483264.0,0.0055,0.9992,0.0,-0.0511,0.9507,0.462,,,24.18,1.31,32.6,1.3,ETF
ACIO,American Century Strategic Allocation: Aggressive Fund I Class,,American Century Investments,232107728.0,0.0079,1.0,0.0,0.0876,0.2055,,,,,,,,ETF
ACSI,American Century One Choice Blend+ 2015 Portfolio A Class,Large Blend,American Century Investments,80720528.0,0.0066,0.9995,0.0,0.1666,0.4211,0.1706,,,-1.22,1.02,19.42,0.85,ETF
ACTV,American Century One Choice Blend+ 2015 Portfolio R Class,Small Value,American Century Investments,71334696.0,0.0075,0.9908,0.0,0.2287,,,,,,,,,ETF
ACWI,American Century One Choice Blend+ 2015 Portfolio R6 Class,,American Century Investments,16854806528.0,0.0032,0.9954,0.0,0.1234,0.3932,0.1465,0.147,0.1001,0.1,1.0,17.94,0.78,ETF
ACWV,American Century One Choice Blend+ 2020 Portfolio Investor Class,,American Century Investments,5115469824.0,0.002,0.9981,0.0,0.0711,0.1951,0.0977,0.0854,,,0.63,12.45,0.71,ETF
ACWX,Horizon Active Asset Allocation Fund Investor Class,Foreign Large Blend,Horizon Investments,4305794560.0,0.0032,0.9927,0.0,0.0957,0.3568,0.0943,0.1082,0.0524,-0.12,1.0,17.6,0.52,ETF
ADFI,American Century One Choice Blend+ 2020 Portfolio I Class,Multisector Bond,American Century Investments,15340206.0,0.0199,,,-0.0212,,,,,,,,,ETF
ADIV,DWS RREEF Real Assets Fund - Class C,Pacific/Asia ex-Japan Stk,DWS,4788004.0,0.0078,0.997,0.0,,,,,,2.2,0.93,17.34,0.62,ETF
ADRE,DWS RREEF Real Assets Fund - Class R,Diversified Emerging Mkts,DWS,209000368.0,0.003,1.0,0.0,-0.0676,0.121,0.1016,0.108,0.0427,1.04,1.05,21.98,0.5,ETF
AEMB,American Century Strategic Allocation: Aggressive Fund R Class,Emerging Markets Bond,American Century Investments,22636396.0,0.0039,,,,,,,,,,,,ETF
AESR,DWS RREEF Real Assets Fund - Class S,Large Blend,DWS,106446112.0,0.0146,0.9976,0.0,0.1428,0.3832,,,,,,,,ETF
AFIF,American Funds 2010 Target Date Retirement Fund Class A,Multisector Bond,American Funds,129347520.0,0.0121,,,,0.0043,,,,,,,,ETF
AFK,American Century Strategic Allocation: Aggressive Fund R6 Class,Miscellaneous Region,American Century Investments,64691716.0,0.0079,0.9978,0.0,0.0726,0.3845,0.0155,0.0514,-0.0075,-8.56,1.22,24.15,0.12,ETF
AFLG,DWS RREEF Real Assets Fund - Class R6,Large Blend,DWS,7627908.0,0.0055,0.999,0.0,0.1459,0.363,,,,,,,,ETF
AFMC,DWS RREEF Real Assets Fund - Class T,Mid-Cap Blend,DWS,1268811.0,0.0065,0.9982,0.0,0.19,0.5131,,,,,,,,ETF
AFSM,DWS RREEF Real Assets Fund - Class Inst,Small Blend,DWS,1329882.0,0.0077,0.9989,0.0,0.2032,0.5871,,,,,,,,ETF
AFTY,Cavanal Hill Active Core Fund Class A,China Region,Cavanal Hill funds,11670758.0,0.007,,,0.0088,0.402,0.1782,0.169,,8.95,0.86,20.27,0.84,ETF
AGGP,Putnam Dynamic Asset Allocation Balanced Fund Class C,,Putnam,23019592.0,0.003,,,0.0375,0.0375,0.029,,,-1.02,0.64,2.79,0.5,ETF
AGGY,American Century One Choice Blend+ 2020 Portfolio A Class,Intermediate-Term Bond,American Century Investments,1065714944.0,0.0012,,,-0.0173,-0.0038,0.0561,0.032,,-0.57,1.22,4.7,0.95,ETF
AGNG,Thrivent Balanced Income Plus Fund Class A,Health,Thrivent Funds,60047984.0,0.005,0.9958,0.0,0.0948,0.2524,0.1455,0.1567,,2.3,0.84,17.69,0.79,ETF
AGOX,American Century One Choice Blend+ 2020 Portfolio R Class,Tactical Allocation,American Century Investments,162115536.0,0.0155,,,,,,,,1.72,1.61,19.03,0.94,ETF
AGQ,American Century One Choice Blend+ 2020 Portfolio R6 Class,Trading--Leveraged Commodities,American Century Investments,661808448.0,0.0095,,,-0.1006,0.5725,0.1585,-0.0066,-0.1786,26.41,2.3,69.83,0.5,ETF
AGZ,American Century One Choice Blend+ 2025 Portfolio Investor Class,Short Government,American Century Investments,728093568.0,0.002,,,-0.0069,-0.0044,0.0418,0.0236,0.023,0.55,0.59,2.44,1.24,ETF
AGZD,American Century One Choice Blend+ 2025 Portfolio I Class,Nontraditional Bond,American Century Investments,202086208.0,0.0023,,,0.0065,0.0197,0.0197,0.0217,,0.3,0.11,2.26,0.34,ETF
AIA,Cavanal Hill Bond Fund Class A,Pacific/Asia ex-Japan Stk,Cavanal Hill funds,2980516864.0,0.005,0.9907,0.0,0.0566,0.4311,0.1572,0.1775,0.0929,7.06,0.88,19.1,0.79,ETF
AIEQ,American Beacon Balanced Fund Investor Class,Large Growth,American Beacon,173179712.0,0.008,0.9935,0.0,0.1689,0.4736,0.1793,,,-1.77,1.12,22.66,0.79,ETF
AIIQ,American Century One Choice Blend+ 2025 Portfolio A Class,,American Century Investments,11342475.0,0.0079,0.9937,0.0,0.0585,0.3208,,,,,,,,ETF
AIRR,American Century One Choice Blend+ 2025 Portfolio R Class,Industrials,American Century Investments,247632160.0,0.007,0.9912,0.0,0.208,0.6947,0.1545,0.1778,,-2.43,1.38,26.96,0.63,ETF
ALFA,American Funds 2015 Target Date Retirement Fund Class A,,American Funds,34786552.0,0.0065,0.9959,0.0,0.0076,0.418,0.1899,0.1822,,-0.31,1.12,22.63,0.83,ETF
ALTL,American Century One Choice Blend+ 2025 Portfolio R6 Class,Large Value,American Century Investments,105047336.0,0.006,0.9988,0.0,0.2893,0.7044,,,,,,,,ETF
ALTS,American Century One Choice Blend+ 2030 Portfolio Investor Class,,American Century Investments,9462420.0,0.0095,,,0.0777,0.144,0.0317,0.025,,-3.18,0.4,8.3,0.28,ETF
ALTY,American Beacon AHL TargetRisk Core Fund Y Class,Allocation--70% to 85% Equity,American Beacon,33678136.0,0.005,,,0.1987,0.371,0.0586,0.0647,,-12.44,2.05,26.16,0.32,ETF
AMER,American Century One Choice Blend+ 2030 Portfolio A Class,,American Century Investments,7869031.0,0.0049,1.0,0.0,0.201,,,,,,,,,ETF
AMJ,Cavanal Hill Active Core Fund Class C,Energy Limited Partnership,Cavanal Hill funds,2334006528.0,0.0085,,,0.4684,0.6301,-0.0159,-0.0186,0.0026,-19.94,2.08,48.2,0.19,ETF
AMLP,American Century Strategic Allocation: Conservative Fund C Class,Energy Limited Partnership,American Century Investments,5749876736.0,0.009,0.9987,0.0,0.4827,0.6381,-0.0155,-0.025,-0.001,-19.87,2.05,47.39,0.19,ETF
AMND,American Century Strategic Allocation: Conservative Fund R6 Class,Energy Limited Partnership,American Century Investments,36146700.0,0.0075,,,0.3453,,,,,,,,,ETF
AMOM,Invesco Greater China Fund Class A,Large Growth,Invesco,34994380.0,0.0075,0.9985,0.0,0.1506,0.536,,,,,,,,ETF
AMTR,American Century Strategic Allocation: Conservative Fund R5 Class,,American Century Investments,43738080.0,0.0075,,,0.2791,,,,,,,,,ETF
AMZA,American Century One Choice Blend+ 2030 Portfolio R Class,Energy Limited Partnership,American Century Investments,317647456.0,0.0201,0.998,0.0,0.6539,0.8041,-0.1568,-0.1024,,-34.74,2.9,64.69,0.09,ETF
ANEW,American Beacon Mid-Cap Value Fund R5 Class,,American Beacon,41210312.0,0.0045,0.9969,0.0,0.0557,,,,,,,,,ETF
ANGL,American Century One Choice Blend+ 2030 Portfolio R6 Class,High Yield Bond,American Century Investments,5051470848.0,0.0035,0.0091,0.9843,0.0432,0.2017,0.1029,0.0906,,5.15,0.95,11.36,0.79,ETF
AOA,American Century One Choice Blend+ 2035 Portfolio Investor Class,Allocation--70% to 85% Equity,American Century Investments,1434986112.0,0.0025,,,0.1027,0.31,0.1223,0.121,0.0959,-1.32,1.26,14.43,0.79,ETF
AOK,American Century One Choice Blend+ 2035 Portfolio I Class,Allocation--30% to 50% Equity,American Century Investments,926759744.0,0.0025,,,0.0314,0.1134,0.0797,0.0656,0.0544,1.27,0.54,6.28,1.06,ETF
AOM,American Century One Choice Blend+ 2035 Portfolio A Class,Allocation--30% to 50% Equity,American Century Investments,1678707072.0,0.0025,,,0.0455,0.1517,0.0884,0.0769,0.0629,0.78,0.68,7.77,0.97,ETF
AOR,Cavanal Hill Opportunistic Fund Class C,Allocation--50% to 70% Equity,Cavanal Hill funds,1814910848.0,0.0025,,,0.0751,0.2296,0.1061,0.099,0.0808,-0.27,0.97,11.05,0.86,ETF
APRZ,American Century One Choice Blend+ 2035 Portfolio R Class,,American Century Investments,5258110.0,0.0079,0.0757,0.9219,,,,,,,,,,ETF
AQWA,American Century One Choice Blend+ 2035 Portfolio R6 Class,Natural Resources,American Century Investments,3160387.0,0.005,0.9997,0.0,,,,,,,,,,ETF
ARB,American Century Strategic Allocation: Conservative Fund R Class,,American Century Investments,6544212.0,0.0076,,,0.0182,0.0856,,,,,,,,ETF
ARCM,American Century One Choice Blend+ 2040 Portfolio Investor Class,Ultrashort Bond,American Century Investments,51019512.0,0.005,,,-0.0007,-0.0012,0.0154,,,-0.06,0.06,0.74,0.28,ETF
ARGT,American Funds 2020 Target Date Retirement Fund Class A,Miscellaneous Region,American Funds,36250424.0,0.006,0.9969,0.0,0.0209,0.2997,0.0571,0.0758,0.0133,-2.92,1.64,39.04,0.32,ETF
ARKF,American Century One Choice Blend+ 2040 Portfolio I Class,Technology,American Century Investments,4002014464.0,0.0075,0.9985,0.0,0.0885,0.7198,,,,,,,,ETF
ARKG,American Century One Choice Blend+ 2040 Portfolio A Class,Health,American Century Investments,9743135744.0,0.0075,0.9927,0.0,-0.0081,0.7883,0.5,0.426,,25.99,1.52,39.28,1.2,ETF
ARKK,American Century One Choice Blend+ 2040 Portfolio R Class,Mid-Cap Growth,American Century Investments,25520136192.0,0.0075,0.9971,0.0,0.0505,0.8641,0.4538,0.4865,,15.79,1.56,37.57,1.15,ETF
ARKQ,American Century One Choice Blend+ 2040 Portfolio R6 Class,Technology,American Century Investments,3090148608.0,0.0075,0.9994,0.0,0.13,0.8383,0.3718,0.3645,,16.24,1.34,29.48,1.18,ETF
ARKW,Invesco Select Risk: Growth Investor Fund Class A,Technology,Invesco,6354094080.0,0.0079,0.9995,0.0,0.0527,0.8395,0.471,0.5182,,22.96,1.44,32.86,1.31,ETF
ARKX,American Beacon Balanced Fund R5 Class,,American Beacon,669418624.0,0.0075,0.9976,0.0,,,,,,,,,,ETF
ARMR,Invesco Select Risk: Growth Investor Fund Class C,Large Blend,Invesco,26425592.0,0.006,0.9961,0.0,0.1388,0.4258,,,,,,,,ETF
ASEA,American Beacon Large Cap Value Fund R5 Class,Pacific/Asia ex-Japan Stk,American Beacon,33818980.0,0.0065,0.999,0.0,0.0045,0.1858,0.0103,0.0379,0.0143,-8.75,1.09,21.25,0.06,ETF
ASET,Aasgard Small & Mid-Cap Fund No Load Class,,Aasgard,30690664.0,0.0057,,,0.1294,0.314,0.0876,0.0824,,-3.43,0.87,16.84,0.52,ETF
ASHR,American Century One Choice Blend+ 2045 Portfolio Investor Class,China Region,American Century Investments,2773868032.0,0.0065,0.9914,0.0,0.012,0.376,0.1637,0.1232,,9.26,0.79,22.73,0.73,ETF
ASHS,Invesco Select Risk: Growth Investor Fund Class R5,China Region,Invesco,40269792.0,0.0065,0.9953,0.0,0.083,0.2813,0.1058,0.0251,,5.6,0.68,24.12,0.49,ETF
ASHX,American Century One Choice Blend+ 2045 Portfolio I Class,China Region,American Century Investments,15479985.0,0.006,,,0.0396,0.4166,0.1907,0.1313,,12.06,0.75,22.5,0.84,ETF
ASPY,American Century One Choice Blend+ 2050 Portfolio Investor Class,Long-Short Equity,American Century Investments,3279288.0,0.0095,0.9966,0.0,,,,,,,,,,ETF
ATFV,American Century One Choice Blend+ 2050 Portfolio A Class,Large Growth,American Century Investments,11395190.0,0.0055,,,,,,,,,,,,ETF
ATMP,Invesco Select Risk: Growth Investor Fund Class R,Energy Limited Partnership,Invesco,195445248.0,0.0095,,,0.4603,0.6378,0.0013,0.005,,-17.87,1.87,42.35,0.2,ETF
AUGZ,American Funds 2025 Target Date Retirement Fund Class A,,American Funds,10096958.0,0.0079,,,0.1158,,,,,,,,,ETF
AUSF,American Century One Choice Blend+ 2050 Portfolio R6 Class,,American Century Investments,177803584.0,0.0027,0.9995,0.0,0.1929,0.5062,,,,,,,,ETF
AVDE,American Century One Choice Blend+ 2055 Portfolio Investor Class,,American Century Investments,775033088.0,0.0023,0.994,0.0001,0.0906,0.4767,,,,,,,,ETF
AVDG,Invesco Select Risk: Growth Investor Fund Class Y,,Invesco,1522106.0,0.006,0.9915,0.0,0.1217,,,,,,,,,ETF
AVDR,American Beacon AHL TargetRisk Core Fund C Class,,American Beacon,4985553.0,0.006,0.9971,0.0,0.1278,,,,,,,,,ETF
AVDV,American Century One Choice Blend+ 2055 Portfolio R6 Class,,American Century Investments,860706368.0,0.0036,0.9939,0.0003,0.1706,0.5516,,,,,,,,ETF
AVEM,American Century One Choice Blend+ 2060 Portfolio Investor Class,,American Century Investments,678537216.0,0.0033,0.994,0.0,0.0638,0.6842,,,,,,,,ETF
AVIG,American Century One Choice Blend+ 2060 Portfolio I Class,Intermediate-Term Bond,American Century Investments,56688444.0,0.0015,,,-0.0168,,,,,,,,,ETF
AVMU,American Century One Choice Blend+ 2060 Portfolio A Class,Muni National Interm,American Century Investments,27557456.0,0.0015,0.0,0.9992,0.0026,,,,,,,,,ETF
AVSF,American Century One Choice Blend+ 2060 Portfolio R Class,,American Century Investments,20002296.0,0.0015,,,-0.0024,,,,,,,,,ETF
AVUS,American Century One Choice Blend+ 2060 Portfolio R6 Class,,American Century Investments,1262527232.0,0.0015,0.9994,0.0,0.1695,0.5184,,,,,,,,ETF
AVUV,American Century One Choice Blend+ 2065 Portfolio Investor Class,,American Century Investments,932347264.0,0.0025,0.9994,0.0,0.2751,1.3564,,,,,,,,ETF
AWAY,American Century One Choice Blend+ 2065 Portfolio I Class,Consumer Cyclical,American Century Investments,381284480.0,0.0075,0.9855,0.0092,0.1506,0.6184,,,,,,,,ETF
AWTM,Alger Emerging Markets Fund Class A,Ultrashort Bond,Alger,155644032.0,0.0025,,,0.0052,0.0252,,,,,,,,ETF
AZAA,Cavanal Hill Strategic Enhanced Yield Fund Class A,Large Blend,Cavanal Hill funds,18157956.0,0.0074,0.9987,0.0,0.0655,0.1586,,,,,,,,ETF
AZAJ,American Century One Choice Blend+ 2065 Portfolio A Class,Large Blend,American Century Investments,41533828.0,0.0074,0.9993,0.0,,,,,,,,,,ETF
AZAL,American Beacon International Equity Fund Class R6,Large Blend,American Beacon,30547872.0,0.0074,0.9976,0.0,0.0388,,,,,,,,,ETF
AZAO,Invesco Select Risk: Growth Investor Fund Class R6,Large Blend,Invesco,33549998.0,0.0074,1.0,0.0,0.0649,,,,,,,,,ETF
AZBA,American Funds 2030 Target Date Retirement Fund Class A,Large Blend,American Funds,24564352.0,0.0074,0.9987,0.0,0.0308,0.0809,,,,,,,,ETF
AZBJ,American Century One Choice Blend+ 2065 Portfolio R Class,Large Blend,American Century Investments,55607812.0,0.0074,0.9991,0.0,,,,,,,,,,ETF
AZBL,American Century One Choice Blend+ 2065 Portfolio R6 Class,Large Blend,American Century Investments,22474416.0,0.0074,0.9991,0.0,0.0183,,,,,,,,,ETF
AZBO,American Century One Choice Blend+ 2030 Portfolio I Class,Large Blend,American Century Investments,30840740.0,0.0074,0.9998,0.0,0.0308,,,,,,,,,ETF
BAB,American Funds 2035 Target Date Retirement Fund Class A,,American Funds,2266937088.0,0.0028,,,-0.0375,0.0664,0.0579,0.0508,0.0697,-0.96,1.73,7.42,0.63,ETF
BAL,Alger Large Cap Growth Portfolio Class I-2,,Alger,12809062.0,0.0045,,,0.0432,0.2967,-0.0346,,,-5.73,0.97,22.88,-0.09,ETF
BALT,American Beacon Large Cap Value Fund Investor Class,,American Beacon,25.0,0.0069,,,,,,,,,,,,ETF
BAPR,Aberdeen Short Duration High Yield Municipal Fund Class A,,Aberdeen,129622496.0,0.0079,0.9905,0.0,0.0686,0.1479,,,,,,,,ETF
BAR,American Funds 2045 Target Date Retirement Fund Class A,,American Funds,1009450240.0,0.00175,,,-0.0688,-0.0085,0.12,,,10.86,0.09,15.04,0.74,ETF
BATT,Cavanal Hill Moderate Duration Fund Class A,,Cavanal Hill funds,173481360.0,0.0059,0.9985,0.0,0.0398,0.9568,,,,,,,,ETF
BAUG,American Beacon International Equity Fund R5 Class,,American Beacon,29997818.0,0.0079,1.0,0.0,0.0585,0.2063,,,,,,,,ETF
BBAX,Ancora Income Fund Class I,,Ancora,3723602944.0,0.0019,0.9934,0.0,0.0575,0.552,,,,,,,,ETF
BBC,Thrivent Opportunity Income Plus Fund Class A,Health,Thrivent Funds,42532132.0,0.0079,,,0.0071,0.1562,0.1517,0.2291,,0.1,1.36,35.69,0.54,ETF
BBCA,American Beacon International Equity Fund Investor Class,,American Beacon,5250377728.0,0.0019,0.9957,0.0,0.1544,0.4962,,,,,,,,ETF
BBEU,American Beacon International Equity Fund Advisor Class,Europe Stock,American Beacon,8554058240.0,0.0009,0.9961,0.0,0.1357,0.3562,0.0886,,,-0.58,1.08,19.56,0.48,ETF
BBIN,Cavanal Hill Hedged Income Fund Class A,Foreign Large Blend,Cavanal Hill funds,3493609216.0,0.0007,0.9956,0.0,0.0965,0.3284,,,,,,,,ETF
BBJP,American Beacon Large Cap Value Fund Class R6,Japan Stock,American Beacon,8577313792.0,0.0019,0.9938,0.0,0.0088,0.246,0.0666,,,-0.28,0.75,15.39,0.43,ETF
BBMC,American Funds 2050 Target Date Retirement Fund Class A,Mid-Cap Blend,American Funds,1689578240.0,0.0007,0.9958,0.0,0.1451,0.5344,,,,,,,,ETF
BBP,Absolute Capital Asset Allocator Fund Class A,Health,Absolute Capital,26683864.0,0.0079,,,0.0029,0.1254,0.0673,0.1467,,-4.87,0.98,26.6,0.33,ETF
BBRE,Thrivent Municipal Bond Fund Class A,Real Estate,Thrivent Funds,1465035904.0,0.0011,0.9958,0.0,0.2168,0.3776,0.102,,,-2.31,0.9,19.69,0.53,ETF
BBSA,Absolute Capital Asset Allocator Fund Investor Class,,Absolute Capital,62027192.0,0.0005,,,-0.0063,0.0186,,,,,,,,ETF
BBSC,Absolute Capital Asset Allocator Fund Institutional Class,,Absolute Capital,427573312.0,0.0009,0.9902,0.0,0.1462,,,,,,,,,ETF
BBUS,Alger Weatherbie Specialized Gr Prt I-2,,Alger,538910464.0,0.0002,0.9954,0.0,0.122,0.4194,,,,,,,,ETF
BCD,American Funds 2055 Target Date Retirement Fund Class A,Commodities Broad Basket,American Funds,36874288.0,0.0029,,,0.2213,0.493,0.0721,,,3.2,0.88,13.82,0.47,ETF
BCI,American Funds 2060 Target Date Retirement Fund Class A,Commodities Broad Basket,American Funds,676630848.0,0.0025,,,0.2041,0.4534,0.0373,,,-0.23,1.0,15.24,0.23,ETF
BCM,Cavanal Hill Opportunistic Fund Class A,Commodities Broad Basket,Cavanal Hill funds,32205584.0,0.006,,,0.2191,0.4596,0.0711,0.058,-0.0229,2.57,1.0,16.51,0.38,ETF
BDEC,American Funds 2065 Target Date Retirement Fund Class A,,American Funds,79662088.0,0.0079,0.9997,0.0,0.0886,0.2583,,,,,,,,ETF
BDRY,Thrivent Mid Cap Stock Fund Class A,Miscellaneous Region,Thrivent Funds,114044272.0,0.035,,,2.8117,2.9716,0.1002,,,32.39,0.52,80.64,0.46,ETF
BEDZ,Thrivent Small Cap Stock Fund Class A,Consumer Cyclical,Thrivent Funds,7723598.0,0.0079,,,,,,,,,,,,ETF
BETZ,Alger Small Cap Growth Portfolio Class I-2,Consumer Cyclical,Alger,418377088.0,0.0075,0.9963,0.0,0.1745,1.0141,,,,,,,,ETF
BFEB,American Beacon Small Cap Value Fund R6 Class,,American Beacon,84867440.0,0.0079,0.9923,0.0,0.1259,0.2782,,,,,,,,ETF
BFIT,American Beacon Small Cap Value Fund Advisor Class,,American Beacon,38274444.0,0.005,0.9984,0.0,0.194,0.551,0.1794,0.1618,,3.27,1.03,20.36,0.87,ETF
BFOR,Cavanal Hill Limited Duration Fund Class A,Mid-Cap Growth,Cavanal Hill funds,142525216.0,0.007,0.993,0.0,0.1937,0.5313,0.1196,0.1525,,-8.19,1.2,23.29,0.56,ETF
BFTR,Ancora/Thelen Small-Mid Cap Fund Class I,Mid-Cap Growth,Ancora,23180106.0,0.008,0.9978,0.0,0.0854,,,,,,,,,ETF
BGLD,Ancora/Thelen Small-Mid Cap Fund Class S,,Ancora,7711451.0,0.009,,,,,,,,,,,,ETF
BIB,Cavanal Hill Ultra Short Tax-Free Income Fund Class A,Trading--Leveraged Equity,Cavanal Hill funds,270422208.0,0.0095,,,0.1416,0.3575,0.1988,0.2047,0.262,-4.42,1.81,47.27,0.58,ETF
BIBL,Thrivent Large Cap Value Fund Class A,Large Blend,Thrivent Funds,247182752.0,0.0035,0.9942,0.0,0.1712,0.4246,0.1901,,,0.63,0.98,18.64,0.96,ETF
BICK,Cavanal Hill World Energy Fund A,Diversified Emerging Mkts,Cavanal Hill funds,93996840.0,0.0064,0.9973,0.0,0.0853,0.5591,0.1529,0.1588,0.0389,4.49,1.26,23.92,0.68,ETF
BIL,Cavanal Hill Mid Cap Diverse Leadership Fund Class A,Ultrashort Bond,Cavanal Hill funds,11959208960.0,0.00136,,,-0.0005,-0.0006,0.0112,0.0097,0.0045,-0.1,,0.3,-1.0,ETF
BILS,AB Municipal Income Fund II Arizona Portfolio Class A,,AllianceBernstein,10007506.0,0.00136,,,,,,,,,,,,ETF
BIS,AB Municipal Income Fund II Arizona Portfolio Class C,Trading--Inverse Equity,AllianceBernstein,9117357.0,0.0095,,,-0.2188,-0.4282,-0.3773,-0.3534,-0.3977,-11.43,-1.5,44.47,-0.86,ETF
BITQ,AB Municipal Income Fund II Arizona Portfolio Advisor Class,,AllianceBernstein,20.0,0.0085,,,,,,,,,,,,ETF
BIV,AB Emerging Markets Multi-Asset Portfolio Class A,Intermediate-Term Bond,AllianceBernstein,39047475200.0,0.0005,,,-0.0198,-0.0044,0.0661,0.0335,0.0421,0.54,1.18,4.18,1.29,ETF
BIZD,American Funds American Balanced Fund Class A,Financial,American Funds,459326880.0,0.1023,1.0,0.0,0.2787,0.5743,0.1224,0.1092,,-5.66,1.55,32.35,0.5,ETF
BJAN,AB Discovery Value Fund Class A,,AllianceBernstein,163663696.0,0.0079,0.9929,0.0,0.0937,0.2629,,,,,,,,ETF
BJK,American Beacon The London Company Income Equity Fund A Class,Consumer Cyclical,American Beacon,153854992.0,0.0065,0.9998,0.0,0.1341,0.6028,0.0744,0.1383,0.0733,-11.5,1.64,33.41,0.34,ETF
BJUL,American Beacon Balanced Fund C Class,,American Beacon,48600056.0,0.0079,1.0,0.0,0.0427,0.1639,,,,,,,,ETF
BJUN,AB Emerging Markets Multi-Asset Portfolio Class C,,AllianceBernstein,87169936.0,0.0079,,,0.046,0.1599,,,,,,,,ETF
BKAG,American Beacon The London Company Income Equity Fund R5 Class,Intermediate-Term Bond,American Beacon,106473768.0,,,,-0.0147,-0.0041,,,,,,,,ETF
BKCH,American Beacon The London Company Income Equity Fund Class R6,Technology,American Beacon,,0.005,,,,,,,,,,,,ETF
BKEM,AB Discovery Value Fund Class C,Diversified Emerging Mkts,AllianceBernstein,42156872.0,0.0011,0.9978,0.0,0.0653,0.3819,,,,,,,,ETF
BKHY,American Beacon The London Company Income Equity Fund Investor Class,High Yield Bond,American Beacon,45482072.0,0.0022,,,0.0331,0.1546,,,,,,,,ETF
BKIE,American Beacon The London Company Income Equity Fund Y Class,Foreign Large Blend,American Beacon,66118812.0,0.0004,0.997,0.0,0.1069,0.3252,,,,,,,,ETF
BKLC,Columbia Capital Allocation Conservative Portfolio Class A,Large Blend,Columbia Threadneedle,317043456.0,,0.9978,0.0,0.1459,0.4006,,,,,,,,ETF
BKLN,American Beacon The London Company Income Equity Fund C Class,,American Beacon,6566394368.0,0.0065,,,0.0052,0.0909,0.0289,0.0334,0.0296,1.56,0.05,6.16,0.28,ETF
BKMC,Aberdeen Intermediate Municipal Income Fund Institutional Class,Mid-Cap Blend,Aberdeen,107411528.0,0.0004,0.9971,0.0002,0.1582,0.4818,,,,,,,,ETF
BKSB,Aberdeen Emerging Markets Fund Institutional Class,Short-Term Bond,Aberdeen,38535584.0,0.0006,,,,0.0177,,,,,,,,ETF
BKSE,Aberdeen Intermediate Municipal Income Fund Institutional Services Class,Small Blend,Aberdeen,121826232.0,0.0004,0.9993,0.0001,0.1629,0.5747,,,,,,,,ETF
BLCN,American Beacon International Equity Fund Class Y,Technology,American Beacon,312433312.0,0.0068,0.996,0.0,0.1706,0.6907,0.2974,,,11.18,1.2,23.82,1.17,ETF
BLDG,American Beacon Balanced Fund Class A,,American Beacon,14245206.0,0.0059,,,0.1036,,,,,,,,,ETF
BLES,American Century Balanced Fund R5 Class,,American Century Investments,139874048.0,0.0052,,,0.1756,0.5125,0.1408,,,-2.78,1.26,23.05,0.64,ETF
BLHY,American High-Income Municipal Bond Fund Class F-1,,American Funds,6249378.0,0.0069,,,0.023,0.1204,0.0467,,,2.76,0.25,6.83,0.54,ETF
BLOK,American Century High-Yield Fund Investor Class,Technology,American Century Investments,1153367040.0,0.0071,,,0.3628,1.4077,0.3737,,,17.52,1.33,34.03,1.06,ETF
BLV,American Century Government Bond Fund I Class,Long-Term Bond,American Century Investments,11039080448.0,0.0005,0.0,0.999,-0.0457,-0.0223,0.0993,0.0537,0.0726,-3.24,2.99,10.61,0.84,ETF
BMAR,American Century High Yield Municipal Fund Investor Class,Large Blend,American Century Investments,67288312.0,0.0079,0.9914,0.0,0.1073,0.2207,,,,,,,,ETF
BMAY,AB International Value Fund Class A,Large Blend,AllianceBernstein,87937592.0,0.0079,0.9903,0.0,0.0489,0.1585,,,,,,,,ETF
BMED,AB International Value Fund Class C,Health,AllianceBernstein,7247944.0,0.0085,,,0.0061,,,,,,,,,ETF
BND,AB Emerging Markets Multi-Asset Portfolio Class I,Intermediate-Term Bond,AllianceBernstein,312150884352.0,0.00035,0.0,0.9902,-0.0178,-0.0059,0.0541,0.0298,0.0336,-0.09,1.04,3.63,1.16,ETF
BNDC,AB Impact Municipal Income Shares,Intermediate-Term Bond,AllianceBernstein,119968144.0,0.0035,,,-0.0159,0.0033,0.0578,,,0.35,1.04,3.72,1.24,ETF
BNDX,American Century Balanced Fund I Class,,American Century Investments,116407050240.0,0.0008,,,-0.0212,-0.0002,0.0397,0.0282,,-0.29,0.74,3.38,0.83,ETF
BNE,AB International Value Fund Advisor Class,,AllianceBernstein,7013170.0,0.0087,0.9961,0.0,0.0029,,,,,,,,,ETF
BNOV,AMG River Road Mid Cap Value Fund - Class Z,,AMG Funds,20668820.0,0.0079,0.9999,0.0,0.0659,0.2108,,,,,,,,ETF
BOB,AB Emerging Markets Multi-Asset Portfolio Class K,Large Blend,AllianceBernstein,14130040.0,0.0085,0.9904,0.0,,,,,,,,,,ETF
BOCT,Alger Balanced Portfolio Class I-2,,Alger,81503288.0,0.008,1.0,0.0,0.0731,0.2464,,,,,,,,ETF
BOIL,American Beacon Balanced Fund Advisor Class,Trading--Leveraged Commodities,American Beacon,70214528.0,0.0131,,,0.7643,0.3106,-0.4974,-0.4692,,-37.76,1.98,92.06,-0.33,ETF
BOND,American Beacon Large Cap Value Fund Class Y,,American Beacon,4282889216.0,0.0057,,,-0.0086,0.0197,0.0571,0.0384,,0.41,0.98,3.87,1.15,ETF
BOSS,American Beacon Mid-Cap Value Fund Class A,Mid-Cap Growth,American Beacon,11577862.0,0.0045,0.9989,0.0,0.1654,0.5612,0.2278,,,0.67,1.24,25.34,0.89,ETF
BOTZ,AMG River Road Mid Cap Value Fund - Class I,Miscellaneous Sector,AMG Funds,2581059840.0,0.0068,0.9995,0.0,0.0566,0.4666,0.1774,,,1.29,1.18,23.97,0.74,ETF
BOUT,AB Bond Inflation Strategy Class A,,AllianceBernstein,19716544.0,0.008,0.9912,0.0,0.0383,0.4983,,,,,,,,ETF
BRF,AB Bond Inflation Strategy Class C,Latin America Stock,AllianceBernstein,51909700.0,0.006,0.9921,0.0,0.1565,0.5006,0.1388,0.1408,-0.0417,6.03,1.58,39.94,0.52,ETF
BRZU,American Funds The Bond Fund of America Class A,Trading--Leveraged Equity,American Funds,223097872.0,0.0133,,,0.1647,0.8231,-0.3921,-0.3126,,-13.76,2.74,101.4,0.34,ETF
BSAE,American Funds The Bond Fund of America Class F-2,Emerging Markets Bond,American Funds,9986890.0,0.0029,,,-0.003,0.016,,,,,,,,ETF
BSBE,Aberdeen International Small Cap Fund Institutional Class,Emerging Markets Bond,Aberdeen,38571416.0,0.0029,0.0,0.9989,0.0049,0.037,,,,,,,,ETF
BSCE,AB Bond Inflation Strategy Class K,Emerging Markets Bond,AllianceBernstein,31412636.0,0.0029,0.0,0.9907,0.005,0.0512,,,,,,,,ETF
BSCL,AB Bond Inflation Strategy Class 1,,AllianceBernstein,1772620800.0,0.001,,,0.0005,0.0046,0.0297,0.0203,,0.74,0.27,1.68,1.13,ETF
BSCM,AB Bond Inflation Strategy Class R,,AllianceBernstein,2380715520.0,0.001,,,0.001,0.0111,0.0421,0.0269,,1.14,0.46,2.8,1.1,ETF
BSCN,AB Bond Inflation Strategy Class 2,,AllianceBernstein,1986999424.0,0.001,0.0,1.0,0.0006,0.0181,0.0523,0.0328,,1.45,0.63,3.65,1.11,ETF
BSCO,AB Bond Inflation Strategy Advisor Class,,AllianceBernstein,1479704192.0,0.001,0.0,1.0,0.0008,0.0285,0.0638,0.0389,,1.78,0.83,4.89,1.06,ETF
BSCP,AB Bond Inflation Strategy Fund Class Z,,AllianceBernstein,1023496064.0,0.001,0.0,0.9909,-0.0053,0.0242,0.0707,0.0406,,1.73,1.03,5.56,1.07,ETF
BSCQ,AB Conservative Wealth Strategy Class A,,AllianceBernstein,535562560.0,0.001,0.0,0.992,-0.0087,0.0226,0.0789,,,1.75,1.19,5.93,1.12,ETF
BSCR,AB Conservative Wealth Strategy Class C,,AllianceBernstein,338570272.0,0.001,0.0,0.9952,-0.0106,0.0289,0.0813,,,1.28,1.4,7.08,0.99,ETF
BSCS,AB Large Cap Growth Fund Class R,,AllianceBernstein,290933280.0,0.001,0.0,0.9992,-0.0114,0.0302,,,,,,,,ETF
BSCT,AB Conservative Wealth Strategy Advisor Class,,AllianceBernstein,111701736.0,0.001,0.0,0.9988,-0.015,0.0234,,,,,,,,ETF
BSCU,AB Total Return Bond Portfolio Class C,,AllianceBernstein,26519706.0,0.001,,,-0.0256,,,,,,,,,ETF
BSDE,AB Total Return Bond Portfolio Class I,Emerging Markets Bond,AllianceBernstein,23649972.0,0.0029,0.0,0.998,0.0167,0.0697,,,,,,,,ETF
BSEP,AB Total Return Bond Portfolio Class K,,AllianceBernstein,58153096.0,0.0079,1.0,0.0,0.092,0.2401,,,,,,,,ETF
BSJL,AB Total Return Bond Portfolio Class R,High Yield Bond,AllianceBernstein,628667072.0,0.0042,0.0,1.0,0.0079,0.0443,0.0215,0.0383,,-0.05,0.28,5.74,0.19,ETF
BSJM,AB Total Return Bond Portfolio Class A,High Yield Bond,AllianceBernstein,887304320.0,0.0042,0.0,1.0,0.0185,0.0877,0.0329,0.0437,,0.87,0.32,6.61,0.33,ETF
BSJN,AB Total Return Bond Portfolio Advisor Class,High Yield Bond,AllianceBernstein,631152576.0,0.0042,,,0.0232,0.1083,0.0462,0.0515,,1.67,0.47,8.36,0.43,ETF
BSJO,AB Total Return Bond Portfolio Class Z,,AllianceBernstein,308002560.0,0.0042,,,0.0201,0.1493,0.0547,,,2.8,0.42,7.58,0.58,ETF
BSJP,Invesco Balanced-Risk Allocation Fund Class C,High Yield Bond,Invesco,271814528.0,0.0042,,,0.0312,0.1373,0.0661,,,3.53,0.5,9.27,0.6,ETF
BSJQ,AB Emerging Markets Multi-Asset Portfolio Class R,High Yield Bond,AllianceBernstein,98031888.0,0.0042,,,0.0303,0.135,,,,,,,,ETF
BSJR,AmericaFirst Monthly Risk-On Risk-Off Fund Class A,High Yield Bond,AmericaFirst Funds,41023856.0,0.0042,,,0.0225,0.1521,,,,,,,,ETF
BSJS,Invesco Balanced-Risk Allocation Fund R5 Class,High Yield Bond,Invesco,12792857.0,0.0042,,,0.0186,,,,,,,,,ETF
BSML,ABR 50/50 Volatility Fund Investor Shares,,ABR,40390524.0,0.0018,,,0.0018,0.017,,,,,,,,ETF
BSMM,Invesco Balanced-Risk Allocation Fund Class R,,Invesco,50751796.0,0.0018,0.0,0.9978,0.0017,0.0265,,,,,,,,ETF
BSMN,ABR 50/50 Volatility Fund Institutional Shares,,ABR,30714928.0,0.0018,0.0,0.9929,0.0052,0.0442,,,,,,,,ETF
BSMO,ABR Dynamic Blend Equity & Volatility Fund Investor Shares,,ABR,28300248.0,0.0018,,,0.0062,0.0562,,,,,,,,ETF
BSMP,AmericaFirst Monthly Risk-On Risk-Off Fund Class U,,AmericaFirst Funds,31081872.0,0.0018,0.0,0.9926,0.0023,0.0669,,,,,,,,ETF
BSMQ,ABR Dynamic Blend Equity & Volatility Fund Institutional Shares,,ABR,20689774.0,0.0018,,,0.0061,0.0934,,,,,,,,ETF
BSMR,AmericaFirst Monthly Risk-On Risk-Off Fund Class I,,AmericaFirst Funds,17843824.0,0.0018,0.0,0.9942,-0.0078,0.0542,,,,,,,,ETF
BSMS,Invesco Balanced-Risk Allocation Fund Class Y,,Invesco,13023086.0,0.0018,0.0,0.9908,0.0034,0.0654,,,,,,,,ETF
BSMT,Invesco Balanced-Risk Allocation Fund Class A,,Invesco,10365555.0,0.0018,,,-0.0013,0.0941,,,,,,,,ETF
BSMU,American Beacon Small Cap Value Fund Class A,,American Beacon,7676980.0,0.0018,,,0.011,,,,,,,,,ETF
BSV,AB Discovery Value Fund Class I,Short-Term Bond,AllianceBernstein,67711201280.0,0.0005,,,-0.0037,0.0031,0.0366,0.0212,0.0188,0.94,0.35,1.43,1.76,ETF
BTAL,AB Discovery Value Fund Class K,,AllianceBernstein,98821304.0,0.0219,,,-0.1132,-0.3048,-0.051,-0.0592,,3.47,-0.62,15.85,-0.33,ETF
BTEC,AB Discovery Value Fund Class R,Health,AllianceBernstein,176196640.0,0.0042,0.9986,0.0,0.0368,0.3684,0.2074,,,5.01,1.21,30.04,0.73,ETF
BTEK,American Beacon Small Cap Value Fund Class Y,Technology,American Beacon,20761084.0,0.0088,,,0.0694,,,,,,,,,ETF
BUFD,AB Discovery Value Fund Class Z,,AllianceBernstein,116980944.0,0.0105,0.9905,0.0,,,,,,,,,,ETF
BUFF,American Century Government Bond Fund A Class,Large Value,American Century Investments,53915320.0,0.0099,0.9959,0.0,0.0493,0.138,0.066,,,-7.11,0.82,20.16,0.37,ETF
BUFR,American Century Government Bond Fund C Class,,American Century Investments,191731712.0,0.0105,0.9911,0.0,0.0575,,,,,,,,,ETF
BUG,AB High Income Municipal Portfolio Class C,,AllianceBernstein,352025344.0,0.005,1.0,0.0,-0.0283,0.4197,,,,,,,,ETF
BUL,AB High Income Municipal Portfolio Class A,Mid-Cap Blend,AllianceBernstein,3809692.0,0.006,0.9984,0.0,0.1768,0.5112,,,,,,,,ETF
BUYZ,American Century Government Bond Fund R5 Class,,American Century Investments,36784424.0,0.005,0.9956,0.0,-0.0471,0.5749,,,,,,,,ETF
BUZZ,American Century Government Bond Fund R Class,,American Century Investments,307287936.0,0.0075,0.9976,0.0,,,,,,,,,,ETF
BWX,AB High Income Municipal Portfolio Advisor Class,World Bond,AllianceBernstein,994836736.0,0.0035,0.0,0.9964,-0.0568,0.0245,0.0299,0.0136,0.0077,-3.04,1.18,5.91,0.29,ETF
BWZ,AB High Income Municipal Portfolio Class Z,World Bond,AllianceBernstein,212359536.0,0.0035,0.0,0.9959,-0.0326,0.041,0.0104,0.0065,-0.0155,-2.24,0.5,4.95,-0.04,ETF
BZQ,Columbia Capital Allocation Moderate Portfolio Class A,Trading--Inverse Equity,Columbia Threadneedle,10648056.0,0.0095,,,-0.307,-0.6585,-0.54,-0.4606,-0.2749,-27.72,-1.66,61.09,-0.94,ETF
CACG,AB Value Fund Class A,Large Growth,AllianceBernstein,225621072.0,0.0053,,,0.1269,0.3934,0.1933,,,0.91,0.98,18.64,0.98,ETF
CALF,AB Value Fund Class C,Small Value,AllianceBernstein,403871616.0,0.0059,0.9981,0.0,0.431,0.9109,0.1711,,,-5.56,1.38,29.02,0.65,ETF
CANE,AB Value Fund Class R,,AllianceBernstein,22049152.0,0.0213,,,0.2578,0.4765,0.0385,-0.0811,,1.29,0.99,22.84,0.22,ETF
CAPE,AB All Market Total Return Portfolio Class A,Large Value,AllianceBernstein,413714208.0,0.0045,,,0.1769,0.477,0.2016,0.1955,,1.1,1.01,18.98,1.0,ETF
CARZ,AB All Market Total Return Portfolio Class C,Consumer Cyclical,AllianceBernstein,69548528.0,0.007,0.9999,0.0,0.1728,0.9734,0.1986,0.1766,0.0879,1.26,1.39,28.45,0.73,ETF
CATH,AB All Market Total Return Portfolio Class I,Large Blend,AllianceBernstein,558324800.0,0.0029,0.9992,0.0,0.1595,0.4153,0.1871,0.1788,,-0.06,1.01,18.69,0.95,ETF
CBLS,AB All Market Total Return Portfolio Class K,,AllianceBernstein,7424708.0,0.0195,,,0.1435,,,,,,,,,ETF
CBON,AB All Market Total Return Portfolio Class R,Emerging-Markets Local-Currency Bond,AllianceBernstein,118528760.0,0.005,,,0.0144,0.1143,0.0517,0.0386,,3.99,-0.03,4.85,0.78,ETF
CBSE,AB All Market Total Return Portfolio Advisor Class,,AllianceBernstein,8955579.0,0.0085,,,0.252,,,,,,,,,ETF
CBTG,Abbey Capital Futures Strategy Fund Class A,,Abbey Capital,38130772.0,0.0075,0.9994,0.0,0.1651,,,,,,,,,ETF
CCOR,Abbey Capital Futures Strategy Fund Class C,,Abbey Capital,184988352.0,0.0109,,,0.0328,0.0728,0.0779,,,6.58,,6.38,1.02,ETF
CCRV,AB Emerging Markets Multi-Asset Portfolio Advisor Class,Commodities Broad Basket,AllianceBernstein,35836652.0,0.004,,,0.2049,,,,,,,,,ETF
CDC,Abbey Capital Futures Strategy Fund Class I,,Abbey Capital,866048960.0,0.0037,0.9988,0.0,0.21,0.4475,0.1585,0.1481,,2.03,0.72,16.11,0.91,ETF
CDL,AB Discovery Value Fund Advisor Class,Large Value,AllianceBernstein,221055552.0,0.0035,0.9993,0.0,0.2144,0.4761,0.1129,0.1201,,-6.34,1.03,20.88,0.57,ETF
CEFA,AB Emerging Markets Multi-Asset Portfolio Class Z,Foreign Large Blend,AllianceBernstein,3208577.0,0.0035,0.9991,0.0,0.0906,0.332,,,,,,,,ETF
CEFS,Alger Capital Appreciation Fund Class A,Tactical Allocation,Alger,74306464.0,0.038,,,0.1356,0.3196,0.1142,,,-3.5,1.49,18.56,0.62,ETF
CEW,AB Municipal Income Fund California Portfolio Class C,Emerging-Markets Local-Currency Bond,AllianceBernstein,16386980.0,0.0055,,,-0.0148,0.0661,0.0082,0.0125,-0.0149,-0.42,0.04,7.89,-0.03,ETF
CEY,Alger Capital Appreciation Institutional Fund Class R,Diversified Emerging Mkts,Alger,19686372.0,0.005,0.9992,0.0,0.1229,0.2965,0.053,,,-3.36,1.0,19.15,0.31,ETF
CFA,Access Capital Community Investment Fund Class A,Large Blend,RBC Global Asset Management.,705437504.0,0.0035,0.9994,0.0,0.1487,0.4269,0.1453,0.1541,,-4.2,1.05,19.98,0.72,ETF
CFCV,Access Capital Community Investment Fund Class IS,Large Value,RBC Global Asset Management.,4014858.0,0.0049,0.9927,0.0,0.1806,0.4281,,,,,,,,ETF
CFO,Alger Capital Appreciation Institutional Fund Class Y,,Alger,855606656.0,0.0038,0.9958,0.0,0.0786,0.4528,0.1265,0.1434,,0.19,0.72,15.12,0.77,ETF
CGW,Alger Capital Appreciation Fund Class Z,Natural Resources,Alger,964499072.0,0.0057,0.9993,0.0,0.1464,0.4559,0.1902,0.1425,0.1139,5.52,0.85,16.26,1.07,ETF
CHAD,American Century Diversified Bond Fund I Class,Trading--Inverse Equity,American Century Investments,125670120.0,0.0085,,,-0.0646,-0.3529,-0.2128,-0.1696,,-12.79,-0.56,21.26,-1.07,ETF
CHAU,American Beacon Balanced Fund Class Y,Trading--Leveraged Equity,American Beacon,143255232.0,0.0116,,,0.038,0.9045,0.2735,0.2073,,11.05,1.24,45.16,0.73,ETF
CHB,American Century Strategic Allocation: Conservative Fund A Class,China Region,American Century Investments,6541478.0,0.0067,0.9972,0.0,0.1477,,,,,,,,,ETF
CHGX,Invesco Corporate Bond Fund Class A,Large Blend,Invesco,74164888.0,0.0049,1.0,0.0,0.1478,0.4397,0.2113,,,1.57,1.04,19.47,1.02,ETF
CHIC,Invesco Corporate Bond Fund Class C,China Region,Invesco,15963227.0,0.0065,0.9988,0.0,-0.011,0.0738,-0.0279,0.0807,0.0586,-8.5,0.8,23.13,-0.04,ETF
CHIE,Invesco Corporate Bond Fund Class Y,China Region,Invesco,3066447.0,0.0066,0.9971,0.0,0.2356,0.3613,-0.0204,0.0494,-0.0181,-9.84,0.88,20.77,-0.08,ETF
CHIH,American Century Strategic Allocation: Conservative Fund I Class,China Region,American Century Investments,22062060.0,0.0065,0.9991,0.0,0.232,0.3988,,,,,,,,ETF
CHII,American Century Core Plus Fund Class C,China Region,American Century Investments,2740541.0,0.0066,0.9991,0.0,0.163,0.4028,0.0986,0.1074,0.0293,2.71,0.7,17.77,0.51,ETF
CHIK,American Century Mid Cap Value Fund C Class,China Region,American Century Investments,40597624.0,0.0065,0.9992,0.0,-0.0143,0.3924,,,,,,,,ETF
CHIL,American Century Core Plus Fund Investor Class,China Region,American Century Investments,13302511.0,0.0029,0.9954,0.0,0.0224,0.3522,,,,,,,,ETF
CHIM,American Century International Value Fund C Class,China Region,American Century Investments,5298026.0,0.0066,,,0.1216,0.6576,0.1323,0.1759,0.0179,4.58,1.07,28.12,0.51,ETF
CHIQ,American Century Core Plus Fund Class R,China Region,American Century Investments,891406464.0,0.0065,0.9941,0.0,-0.0059,0.6942,0.2731,0.2839,0.0842,16.71,1.03,26.51,0.99,ETF
CHIR,American Century Core Plus Fund Class A,China Region,American Century Investments,4931187.0,0.0066,1.0,0.0,-0.017,-0.0171,,,,,,,,ETF
CHIS,Access Capital Community Investment Fund Institutional Class,China Region,RBC Global Asset Management.,20010448.0,0.0065,0.9981,0.0,-0.0647,0.3062,,,,,,,,ETF
CHIU,American Century Core Plus Fund I Class,China Region,American Century Investments,1680215.0,0.0066,0.995,0.0,0.1232,0.3208,,,,,,,,ETF
CHIX,American Century Core Plus Fund R5 Class,China Region,American Century Investments,55166792.0,0.0065,,,0.0121,0.1543,0.0096,0.0775,0.0405,-5.84,0.77,19.57,0.07,ETF
CHNA,Invesco Corporate Bond Fund R5 Class,,Invesco,17978276.0,0.0079,0.9997,0.0,0.3843,0.6872,,,,,,,,ETF
CIBR,American Century Core Plus Fund G Class,Technology,American Century Investments,4061771264.0,0.006,0.9986,0.0,0.0544,0.4185,0.2193,0.2279,,6.27,1.1,24.33,0.89,ETF
CID,Invesco Corporate Bond Fund Class R,Foreign Large Value,Invesco,22978256.0,0.0045,0.995,0.0,0.1257,0.3555,0.0297,0.055,,-6.3,1.13,20.67,0.2,ETF
CIL,AB All China Equity Portfolio Class A,Foreign Large Blend,AllianceBernstein,116710064.0,0.0045,0.9953,0.0,0.0866,0.3299,0.0711,0.0956,,-1.64,0.96,17.14,0.42,ETF
CIZ,American Century Emerging Markets Fund C Class,Foreign Large Blend,American Century Investments,42742456.0,0.0046,0.9933,0.0,0.0981,0.2923,0.0249,0.0536,,-5.12,0.84,15.86,0.17,ETF
CLDL,Invesco Exchange Fund,Trading--Leveraged Equity,Invesco,27698024.0,0.0107,,,,,,,,,,,,ETF
CLDS,Invesco Equity and Income Fund Class A,Trading--Inverse Equity,Invesco,15456768.0,0.0107,,,,,,,,,,,,ETF
CLIX,Invesco Equity and Income Fund R5 Class,Long-Short Equity,Invesco,100735736.0,0.0065,,,-0.1014,0.1569,0.1965,,,8.14,0.63,23.06,0.84,ETF
CLOU,Alger Emerging Markets Fund Class C,Technology,Alger,1395380608.0,0.0068,0.999,0.0,0.0233,0.3329,,,,,,,,ETF
CLRG,Invesco Equity and Income Fund Class C,Large Value,Invesco,311727840.0,0.0025,0.9987,0.0,0.1627,0.4632,0.1233,,,-7.56,1.18,22.44,0.59,ETF
CLTL,Invesco Equity and Income Fund Class R,Ultrashort Bond,Invesco,686853760.0,0.0008,,,0.0002,0.0005,0.0145,,,0.22,,0.42,0.73,ETF
CMBS,Invesco Equity and Income Fund Class Y,Intermediate-Term Bond,Invesco,708259968.0,0.0025,0.0,0.9907,-0.0079,0.0174,0.0562,0.0311,,0.5,0.96,3.88,1.14,ETF
CMDY,American Century International Value Fund Investor Class,,American Century Investments,86107560.0,0.0028,,,0.1878,0.4475,0.0243,,,0.27,0.87,13.55,0.14,ETF
CMF,AB All China Equity Portfolio Advisor Class,Muni California Long,AllianceBernstein,1850624896.0,0.0025,,,0.0035,0.0244,0.0429,0.0257,0.043,-0.66,0.97,3.93,0.78,ETF
CN,American Century Investments Focused Dynamic Growth Fund R Class,China Region,American Century Investments,34825720.0,0.005,0.9948,0.0,0.0329,0.3217,0.1254,0.1461,,5.45,0.74,19.56,0.63,ETF
CNBS,American Century Investments Focused Dynamic Growth Fund A Class,,American Century Investments,146674576.0,0.0075,,,0.5358,1.7567,,,,,,,,ETF
CNCR,Columbia Acorn International Select Fund Institutional Class,Health,Columbia Threadneedle,47805304.0,0.0079,0.9987,0.0,0.0053,0.1875,0.1005,0.0751,,-2.76,1.11,30.31,0.42,ETF
CNRG,American Century Investments Focused Dynamic Growth Fund G Class,Equity Energy,American Century Investments,402314144.0,0.0045,0.9992,0.0,-0.0175,1.156,,,,,,,,ETF
CNXT,Water Island Credit Opportunities Fund Class I,China Region,Arbitrage Fund,54379440.0,0.0065,0.9921,0.0003,0.1168,0.52,0.2291,0.1016,,15.69,0.86,28.79,0.82,ETF
CNYA,American Century Investments Focused Dynamic Growth Fund R6 Class,,American Century Investments,713454848.0,0.006,0.9976,0.0,0.0637,0.5833,0.1566,,,8.62,0.84,21.75,0.74,ETF
COM,American Century Investments Focused Dynamic Growth Fund Investor Class,Commodities Broad Basket,American Century Investments,208950976.0,0.007,,,0.2015,0.4131,0.0782,,,4.96,0.49,9.41,0.71,ETF
COMB,American Century Investments Focused Dynamic Growth Fund I Class,Commodities Broad Basket,American Century Investments,221823312.0,0.0025,,,0.2082,0.4575,0.0371,,,-0.34,1.0,15.25,0.22,ETF
COMT,American Century Disciplined Core Value Fund C Class,Commodities Broad Basket,American Century Investments,2454140928.0,0.0048,,,0.2936,0.4581,0.0023,0.0497,,-3.52,1.16,19.31,0.04,ETF
COPX,American Century Global Gold Fund A Class,Natural Resources,American Century Investments,1149898240.0,0.0065,0.9995,0.0,0.229,1.1376,0.1775,0.2116,-0.0207,-3.05,1.86,40.7,0.57,ETF
CORN,Invesco Growth and Income Fund Class A,,Invesco,176720000.0,0.0111,,,0.3716,0.7234,0.0914,0.0083,-0.0619,7.07,0.6,19.55,0.47,ETF
CORP,Invesco Growth and Income Fund Class C,Corporate Bond,Invesco,794188416.0,0.002,,,-0.0119,0.0296,0.0784,0.0472,0.0513,0.4,1.52,6.9,0.96,ETF
COW,Invesco Growth and Income Fund Class R,,Invesco,22806504.0,0.0045,,,0.0838,0.2609,-0.0722,,,-9.24,0.6,18.04,-0.39,ETF
COWZ,Invesco Growth and Income Fund Class Y,Large Value,Invesco,654776704.0,0.0049,0.9985,0.0,0.2819,0.6297,0.1542,,,-5.1,1.21,24.36,0.67,ETF
CPI,Invesco Growth and Income Fund R5 Class,Tactical Allocation,Invesco,53411312.0,0.0042,,,0.0036,0.0189,0.0106,0.0149,0.0139,-3.35,0.33,4.04,-0.01,ETF
CRAK,AB Income Fund Advisor Class,Equity Energy,AllianceBernstein,21390002.0,0.0059,1.0,0.0,0.1797,0.3921,-0.0025,0.1227,,-18.34,1.56,32.19,0.11,ETF
CROC,AB Income Fund Class Z,Trading--Miscellaneous,AllianceBernstein,2302901.0,0.0103,,,0.0471,-0.1802,-0.0354,-0.0298,,7.99,-24.67,19.97,-0.12,ETF
CRUZ,American Century Equity Income Fund I Class,Consumer Cyclical,American Century Investments,2260941.0,0.0045,0.9951,0.0,,,,,,,,,,ETF
CSA,Columbia Acorn International Fund Institutional Class,Small Blend,Columbia Threadneedle,25985688.0,0.0035,0.9984,0.0,0.2157,0.6394,0.1163,0.1531,,-8.37,1.22,25.15,0.52,ETF
CSB,American Century International Opportunities Fund I Class,Small Value,American Century Investments,251797376.0,0.0035,0.9993,0.0,0.218,0.7039,0.1337,0.1529,,-5.96,1.15,24.3,0.59,ETF
CSD,AB Corporate Income Shares,Mid-Cap Blend,AllianceBernstein,75436352.0,0.0062,0.9976,0.0,0.1639,0.7292,0.0703,0.1153,0.1135,-17.1,1.6,32.65,0.34,ETF
CSF,American Century Inflation Adjusted Bond Fund Investor Class,Small Blend,American Century Investments,63572452.0,0.0038,0.9958,0.0,0.2101,0.5661,0.0993,0.1404,,-4.99,0.86,19.68,0.52,ETF
CSM,Alger Capital Appreciation Institutional Fund Class Z-2,Large Blend,Alger,481263424.0,0.0046,,,0.1819,0.414,0.1534,0.158,0.1409,-3.66,1.06,19.76,0.76,ETF
CSML,Virtus AllianzGI Core Plus Bond Fund Institutional Class,Small Blend,Virtus,208267120.0,0.0035,1.0,0.0,0.2281,0.6708,0.0895,,,-13.31,1.41,29.16,0.4,ETF
CTEC,Virtus AllianzGI Core Plus Bond Fund Class P,,Virtus,138074336.0,0.005,1.0,0.0,-0.1571,,,,,,,,,ETF
CURE,American Century Mid Cap Value Fund A Class,Trading--Leveraged Equity,American Century Investments,167176864.0,0.0101,,,0.358,0.9256,0.327,0.2746,0.3584,-1.66,2.34,50.64,0.79,ETF
CUT,American Century Value Fund C Class,Natural Resources,American Century Investments,110709920.0,0.0061,0.9964,0.0,0.117,0.5538,0.0772,0.1301,0.0813,-8.07,1.2,23.34,0.37,ETF
CVY,American Century NT Diversified Bond Fund G Class,Allocation--70% to 85% Equity,American Century Investments,133014936.0,0.0094,,,0.234,0.5378,0.0755,0.0941,0.0615,-12.12,2.17,26.54,0.37,ETF
CWB,American Century NT Equity Growth Fund G Class,Convertibles,American Century Investments,6802137600.0,0.004,,,0.0528,0.4685,0.2232,0.1925,0.1281,5.83,1.48,18.43,1.12,ETF
CWEB,American Century NT Emerging Markets Fund G Class,,American Century Investments,124414688.0,0.0131,,,-0.1094,1.1021,0.0392,,,-8.66,1.58,57.56,0.33,ETF
CWS,American Century NT Focused Large Cap Value Fund G Class,Mid-Cap Growth,American Century Investments,28921190.0,0.0077,,,0.0681,0.342,0.1467,,,-1.64,0.9,17.44,0.81,ETF
CXSE,American Century NT Mid Cap Value Fund G Class,China Region,American Century Investments,1159317504.0,0.0032,1.0,0.0,0.0285,0.4136,0.1925,0.2577,,11.1,0.85,22.92,0.83,ETF
CYB,American Century NT International Growth Fund G Class,Single Currency,American Century Investments,52705336.0,0.0045,,,0.0183,0.1264,0.0343,0.0337,0.0201,2.24,-0.52,4.86,0.41,ETF
CZA,American Century NT Growth Fund G Class,Mid-Cap Blend,American Century Investments,223769872.0,0.0069,0.9991,0.0,0.1811,0.4841,0.1315,0.1373,0.1224,-5.79,1.1,22.35,0.62,ETF
DALI,American Century NT Heritage Fund G Class,Tactical Allocation,American Century Investments,111817024.0,0.0081,0.9988,0.0,0.1688,0.4815,0.0906,,,-6.19,1.57,20.14,0.48,ETF
DALT,Absolute Capital Defender Fund Class A,World Allocation,Absolute Capital,68700976.0,0.0383,,,0.0942,0.3518,0.0462,,,-10.73,1.62,19.72,0.28,ETF
DAPP,AB Intermediate California Municipal Portfolio Class C,,AllianceBernstein,25247644.0,0.0065,,,,,,,,,,,,ETF
DAPR,Absolute Capital Defender Fund Investor Class,,Absolute Capital,,0.0085,,,,,,,,,,,,ETF
DAUG,Absolute Capital Defender Fund Institutional Class,,Absolute Capital,77349288.0,0.0085,0.9937,0.0,0.0379,0.1286,,,,,,,,ETF
DAX,Argent Small Cap Fund Institutional Shares,Miscellaneous Region,Argent,41716512.0,0.002,1.0,0.0,0.1069,0.3237,0.0833,0.1071,,-2.34,1.24,23.1,0.4,ETF
DBA,AB All Market Real Return Portfolio Class C,,AllianceBernstein,912166720.0,0.0085,,,0.1543,0.3795,0.0199,-0.0282,-0.0494,-0.72,0.59,12.87,0.12,ETF
DBAW,American Century Mid Cap Value Fund Investor Class,Foreign Large Blend,American Century Investments,128382664.0,0.0041,,,0.121,0.2984,0.1032,0.1174,,1.7,0.82,14.8,0.63,ETF
DBB,American Beacon Mid-Cap Value Fund Class Y,,American Beacon,388998688.0,0.0075,,,0.1715,0.4857,0.0593,0.0927,-0.0132,2.36,0.91,17.08,0.34,ETF
DBE,American Century Strategic Allocation: Moderate Fund A Class,,American Century Investments,109173248.0,0.0075,,,0.4382,0.6818,-0.0187,0.0513,-0.0592,-4.15,1.77,33.12,0.08,ETF
DBEF,Virtus AllianzGI Core Plus Bond Fund Class R6,Foreign Large Blend,Virtus,3970983936.0,0.0036,,,0.136,0.28,0.0953,0.1146,0.0883,1.16,0.83,15.74,0.56,ETF
DBEH,Invesco Core Plus Bond Fund Class A,Long-Short Equity,Invesco,21983144.0,0.0085,,,0.0532,0.2848,,,,,,,,ETF
DBEM,Horizon Active Risk Assist Fund Class I,Diversified Emerging Mkts,Horizon Investments,117476512.0,0.0066,,,0.0703,0.3442,0.1106,0.1147,0.0412,2.9,0.81,15.62,0.66,ETF
DBEU,Columbia Acorn Fund Institutional Class,Europe Stock,Columbia Threadneedle,562835072.0,0.0046,,,0.1589,0.2722,0.0977,0.1101,,1.33,0.85,16.4,0.56,ETF
DBEZ,American Century Small Cap Value Fund A Class,Europe Stock,American Century Investments,15077495.0,0.0047,,,0.1699,0.3287,0.1054,0.1253,,0.91,1.04,19.7,0.53,ETF
DBGR,Invesco Comstock Fund Class Y,Miscellaneous Region,Invesco,14560880.0,0.0045,,,0.1391,0.2557,0.0923,0.1083,0.067,-0.17,1.05,20.45,0.47,ETF
DBJA,Invesco Comstock Fund R5 Class,Large Blend,Invesco,14369117.0,0.0079,0.9924,0.0,,,,,,,,,,ETF
DBJP,American Century Short Duration Fund C Class,Japan Stock,American Century Investments,196448480.0,0.0046,,,0.085,0.2844,0.0851,0.1263,0.1028,0.92,0.79,17.15,0.48,ETF
DBLV,American Century Select Fund C Class,Large Value,American Century Investments,48242588.0,0.0091,,,0.1905,0.4574,0.1316,0.1267,,-4.89,1.04,20.22,0.66,ETF
DBMF,Advisors Capital Small/Mid Cap Fund,Managed Futures,Advisors Capital,53879924.0,0.0085,,,0.1147,0.1656,,,,,,,,ETF
DBO,American Century Short Duration Fund Investor Class,,American Century Investments,516884832.0,0.0075,,,0.5291,0.8441,0.0224,0.0777,-0.0741,0.8,1.93,37.96,0.21,ETF
DBOC,American Century Short Duration Fund R Class,Large Blend,American Century Investments,38711632.0,0.0079,0.9953,0.0,0.0569,,,,,,,,,ETF
DBP,American Century Short Duration Fund A Class,,American Century Investments,123206992.0,0.0075,,,-0.0672,0.0289,0.1123,0.043,-0.0083,9.77,0.28,16.77,0.64,ETF
DBS,Invesco Comstock Fund Class R,,Invesco,25579966.0,0.0075,,,-0.0207,0.3735,0.1563,0.0484,-0.0467,13.92,1.14,33.73,0.54,ETF
DBV,Invesco Comstock Fund Class A,,Invesco,25029936.0,0.0075,,,0.041,0.0544,0.0175,0.0118,0.0035,-2.95,0.27,6.44,0.13,ETF
DDEC,American Century Short Duration Fund R5 Class,,American Century Investments,47650272.0,0.0085,0.9917,0.0,0.0406,,,,,,,,,ETF
DDG,Invesco Comstock Fund Class C,Trading--Inverse Equity,Invesco,3740259.0,0.0095,,,-0.3483,-0.4282,-0.0743,-0.0836,-0.0718,30.18,-1.79,38.9,-0.04,ETF
DDIV,Invesco High Yield Municipal Fund Class Y,Mid-Cap Value,Invesco,43865320.0,0.006,0.9948,0.0,0.2719,0.6129,0.1166,0.0977,,-6.31,1.08,23.67,0.54,ETF
DDLS,Invesco High Yield Municipal Fund Class C,Foreign Small/Mid Value,Invesco,41337968.0,0.0048,1.0,0.0,0.1344,0.3653,0.0597,0.0971,,-2.77,1.0,18.81,0.35,ETF
DDM,Invesco High Yield Municipal Fund Class A,Trading--Leveraged Equity,Invesco,490084000.0,0.0095,,,0.277,0.7899,0.2069,0.2688,0.2213,-10.38,2.03,39.03,0.65,ETF
DDWM,Advisors Capital Tactical Fixed Income Fund,Foreign Large Value,Advisors Capital,161666384.0,0.004,0.9994,0.0,0.118,0.2581,0.0553,0.0861,,-2.98,0.88,16.23,0.32,ETF
DECZ,Invesco High Yield Municipal Fund Class R5,,Invesco,3541151.0,0.0079,0.1284,0.8682,0.112,,,,,,,,,ETF
DEED,Invesco High Yield Municipal Fund Class R6,Multisector Bond,Invesco,208512992.0,0.0065,,,0.0139,0.0449,,,,,,,,ETF
DEEF,American Century Zero Coupon 2025 Fund Advisor Class,Foreign Large Blend,American Century Investments,70757744.0,0.0024,,,0.088,0.32,0.0731,0.1051,,-1.45,0.94,16.96,0.43,ETF
DEEP,Columbia Dividend Opportunity Fund Class C,Small Value,Columbia Threadneedle,50408648.0,0.008,0.9999,0.0,0.2599,0.6155,0.0367,0.1184,,-16.8,1.33,28.95,0.24,ETF
DEF,Advisors Capital US Dividend Fund,Large Blend,Advisors Capital,253653840.0,0.0053,0.9995,0.0,0.1143,0.2941,0.1385,0.1267,0.1169,-2.16,0.87,16.77,0.79,ETF
DEFN,American Century Strategic Allocation: Aggressive Fund A Class,,American Century Investments,7482987.0,0.0055,,,-0.0366,,,,,,,,,ETF
DEM,American Century International Value Fund R6 Class,Diversified Emerging Mkts,American Century Investments,2011405312.0,0.0063,0.9938,0.0,0.1304,0.3305,0.0726,0.1005,0.0139,-2.04,1.03,19.39,0.39,ETF
DEMZ,AC Alternatives Market Neutral Value Fund C Class,Large Blend,American Century Investments,4115645.0,0.0045,0.9976,0.0,0.1953,,,,,,,,,ETF
DEUS,American Century Small Cap Value Fund I Class,Mid-Cap Blend,American Century Investments,196782080.0,0.0017,,,0.1477,0.4038,0.133,0.1357,,-5.33,1.06,20.27,0.66,ETF
DFAC,AC Alternatives Market Neutral Value Fund I Class,Large Blend,American Century Investments,13318554624.0,0.0019,0.9999,0.0,,,,,,-4.2,1.13,21.31,0.74,ETF
DFAE,AC Alternatives Market Neutral Value Fund A Class,,American Century Investments,207915200.0,0.0035,0.9995,0.0,0.073,,,,,,,,,ETF
DFAI,American Century International Value Fund R Class,Foreign Large Blend,American Century Investments,442612192.0,0.0018,1.0,0.0,0.1131,,,,,,,,,ETF
DFAS,American Century International Value Fund I Class,Small Value,American Century Investments,3973948672.0,0.0034,0.9995,0.0,,,,,,-9.73,1.25,25.21,0.49,ETF
DFAT,AC Alternatives Market Neutral Value Fund Investor Class,Small Value,American Century Investments,5914255360.0,0.0034,0.9994,0.0,,,,,,-13.13,1.38,28.53,0.4,ETF
DFAU,AC Alternatives Market Neutral Value Fund R Class,Large Blend,American Century Investments,946716544.0,0.0012,1.0,0.0,0.1542,,,,,,,,,ETF
DFEB,AMG GW&K Small/Mid Cap Growth Fund – N,,AMG Funds,293499840.0,0.0085,,,0.0571,0.1463,,,,,,,,ETF
DFEN,Cavanal Hill World Energy Fund C,Trading--Leveraged Equity,Cavanal Hill funds,366816352.0,0.0101,,,0.448,0.9861,-0.175,,,-41.52,3.8,86.6,0.3,ETF
DFHY,AMG GW&K Small/Mid Cap Growth Fund – I,High Yield Bond,AMG Funds,89427368.0,0.0095,,,0.0168,,,,,,,,,ETF
DFND,Cavanal Hill Mid Cap Diverse Leadership Fund Class C,,Cavanal Hill funds,35114656.0,0.0164,,,0.0035,0.0713,0.1111,0.0988,,3.12,0.39,8.57,1.13,ETF
DFNL,Catalyst Multi-Strategy Fund Class A,Financial,Catalyst Mutual Funds,208101856.0,0.0064,1.0,0.0,0.2576,0.6437,0.1079,,,-5.52,1.28,25.38,0.49,ETF
DFNV,Catalyst Multi-Strategy Fund Class I,Large Growth,Catalyst Mutual Funds,86771184.0,0.0069,0.998,0.0,0.1126,,,,,,,,,ETF
DFUS,American Century California High Yield Municipal Fund Y Class,Large Blend,American Century Investments,5584181248.0,0.0011,1.0,0.0,,,,,,-0.79,1.05,19.44,0.91,ETF
DGL,American Century California Intermediate-Term Tax-Free Bond Fund Y Class,,American Century Investments,96963440.0,0.0075,,,-0.0784,-0.0409,0.1013,0.0412,0.0006,9.2,0.07,14.33,0.66,ETF
DGP,AQR Diversified Arbitrage Fund Class I,Trading--Leveraged Commodities,AQR Funds,101201976.0,0.0075,,,-0.1613,-0.1157,0.181,0.0549,-0.0219,18.99,0.14,28.61,0.68,ETF
DGRE,AQR Diversified Arbitrage Fund Class N,Diversified Emerging Mkts,AQR Funds,96258128.0,0.0032,1.0,0.0,0.0673,0.3538,0.0928,0.0941,,0.25,0.99,19.22,0.49,ETF
DGRO,Aberdeen Dynamic Dividend Fund Class A,Large Value,Aberdeen,19184340992.0,0.0008,0.997,0.0,0.1356,0.3713,0.1653,0.1577,,-0.92,0.94,17.98,0.88,ETF
DGRS,AMG Beutel Goodman Core Plus Bond Fund - Class N,,AMG Funds,203473616.0,0.0038,1.0,0.0,0.212,0.6761,0.1257,0.1381,,-7.13,1.23,25.34,0.55,ETF
DGRW,American Century Disciplined Growth Fund Class C,Large Blend,American Century Investments,5929164800.0,0.0028,1.0,0.0,0.1163,0.3382,0.1598,0.161,,-1.14,0.92,17.48,0.87,ETF
DGS,American Century Disciplined Growth Fund Institutional Class,Diversified Emerging Mkts,American Century Investments,2239056128.0,0.0063,0.999,0.0,0.1601,0.4559,0.0896,0.1122,0.0394,-0.9,1.12,21.21,0.45,ETF
DGZ,American Century Disciplined Growth Fund Class A,Trading--Inverse Commodities,American Century Investments,3526412.0,0.0075,,,0.0629,,-0.1016,-0.0479,-0.0303,-10.66,-0.07,14.3,-0.76,ETF
DIA,American Century Disciplined Growth Fund Y Class,Large Value,American Century Investments,30459787264.0,0.0016,0.9979,0.0,0.1374,0.3622,0.1483,0.165,0.1333,-2.94,0.98,18.76,0.77,ETF
DIAL,American Century Diversified Bond Fund R6 Class,Multisector Bond,American Century Investments,1153437056.0,0.0028,,,-0.0144,0.0464,0.0745,,,1.35,1.12,5.65,1.04,ETF
DIG,Columbia Large Cap Value Fund Class C,Trading--Leveraged Equity,Columbia Threadneedle,232619776.0,0.0095,,,1.0086,0.9803,-0.2876,-0.1531,-0.1118,-63.05,3.64,82.2,0.02,ETF
DINT,Ancora Dividend Value Equity Fund Class I,Foreign Large Blend,Ancora,310793280.0,0.0065,1.0,0.0,-0.0002,0.279,0.0777,,,-1.28,1.05,20.68,0.41,ETF
DIV,American Century Diversified Bond Fund A Class,Mid-Cap Value,American Century Investments,691637056.0,0.0045,0.9965,0.0,0.2143,0.4264,-0.0014,0.0207,,-18.98,1.26,28.01,0.12,ETF
DIVA,American Century Diversified Bond Fund Investor Class,Long-Short Equity,American Century Investments,3610896.0,0.0121,,,0.0943,0.1824,0.0357,0.0319,,-5.64,0.52,12.58,0.28,ETF
DIVO,AB Core Opportunities Fund Class A,,AllianceBernstein,475440768.0,0.0055,1.0,0.0,0.1194,0.3336,0.1557,,,0.75,0.78,15.0,0.94,ETF
DIVZ,AB Core Opportunities Fund Class C,,AllianceBernstein,28672800.0,0.0065,,,,,,,,,,,,ETF
DJAN,American Century Disciplined Growth Fund R5 Class,,American Century Investments,58121592.0,0.0085,0.9911,0.0,,,,,,,,,,ETF
DJCB,AB Core Opportunities Fund Class I,,AllianceBernstein,105776336.0,,,,0.1701,0.5285,,,,,,,,ETF
DJD,AB Core Opportunities Fund Class K,Large Value,AllianceBernstein,165111808.0,0.0007,1.0,0.0,0.1678,0.3627,0.1309,0.1388,,-3.09,0.9,18.13,0.71,ETF
DJP,AB Core Opportunities Fund Class R,Commodities Broad Basket,AllianceBernstein,750025920.0,0.007,,,0.242,0.5463,0.0376,0.0192,-0.0537,-0.34,1.19,18.17,0.23,ETF
DJUL,AB Core Opportunities Fund Advisor Class,,AllianceBernstein,22799992.0,0.0085,0.9944,0.0,0.0249,,,,,,,,,ETF
DJUN,Aperture Discover Equity Fund Institutional Shares,,Aperture Investors,33544088.0,0.0085,,,0.033,0.0981,,,,,,,,ETF
DMAR,Azzad Ethical Fund,,Azzad Fund,50773844.0,0.0085,,,,,,,,,,,,ETF
DMAY,Virtus NFJ Dividend Value Fund Class P,,Virtus,50068012.0,0.0085,,,0.0197,0.0773,,,,,,,,ETF
DMCY,Adirondack Small Cap Fund,,Adirondack Funds,1288778.0,0.005,0.9937,0.0,,,,,,,,,,ETF
DMDV,AMG Beutel Goodman Core Plus Bond Fund - Class I,Foreign Large Value,AMG Funds,2494907.0,0.0039,0.9938,0.0,0.1459,0.3203,,,,,,,,ETF
DMRE,Adler Value Fund Institutional Class,Diversified Emerging Mkts,Adler,54995444.0,0.006,0.9943,0.0,0.0596,0.3135,,,,,,,,ETF
DMRI,361 Domestic Long/Short Equity Fund Investor Class,Foreign Large Blend,361 Funds,186709472.0,0.005,0.994,0.0,0.09,0.2118,0.033,,,-3.52,0.7,13.33,0.22,ETF
DMRL,361 Domestic Long/Short Equity Fund Class Y,Large Blend,361 Funds,414012928.0,0.0035,0.9984,0.0,0.134,0.2683,0.1147,,,0.79,0.57,12.2,0.89,ETF
DMRM,361 Domestic Long/Short Equity Fund Class I,Mid-Cap Blend,361 Funds,100143344.0,0.0045,0.9291,0.0697,0.1144,0.2399,0.0347,,,-6.87,0.58,12.93,0.26,ETF
DMRS,American Beacon ARK Transformational Innovation Fund Class A,Small Blend,American Beacon,45791432.0,0.0045,0.6836,0.3137,0.1139,0.2229,0.0116,,,-8.79,0.56,13.11,0.09,ETF
DMXF,American Beacon ARK Transformational Innovation Fund Class C,Foreign Large Blend,American Beacon,182116208.0,0.0012,0.9966,0.0,0.0808,0.3422,,,,,,,,ETF
DNOV,American Beacon ARK Transformational Innovation Fund R5 Class,,American Beacon,97404112.0,0.0085,0.9919,0.0,0.0399,0.1241,,,,,,,,ETF
DOCT,American Beacon ARK Transformational Innovation Fund Investor Class,,American Beacon,33629680.0,0.0085,,,0.0339,,,,,,,,,ETF
DOG,American Beacon ARK Transformational Innovation Fund Y Class,Trading--Inverse Equity,American Beacon,235800256.0,0.0095,,,-0.1309,-0.2878,-0.1654,-0.1639,-0.142,-2.23,-0.88,17.19,-1.04,ETF
DPST,ACM Dynamic Opportunity Fund Class A,Trading--Leveraged Equity,ACM,477719424.0,0.01,,,0.7821,2.5477,-0.3332,-0.0232,,-46.72,3.82,99.37,0.21,ETF
DRIP,Alger Dynamic Opportunities Fund Class C,Trading--Inverse Equity,Alger,55031220.0,0.0106,,,-0.7327,-0.8683,-0.7097,-0.6618,,49.24,-3.43,132.79,-0.09,ETF
DRIV,ACM Dynamic Opportunity Fund Class I,Miscellaneous Sector,ACM,972385216.0,0.0068,0.9985,0.0,0.1834,0.9512,0.2693,,,6.44,1.44,27.98,0.95,ETF
DRN,Alger Dynamic Opportunities Fund Class Z,Trading--Leveraged Equity,Alger,162109920.0,0.0099,,,0.7085,1.1577,0.022,-0.0171,0.1069,-21.04,2.51,58.31,0.4,ETF
DRSK,AB Short Duration Portfolio Class A,,AllianceBernstein,668358784.0,0.0078,,,0.0083,0.0408,,,,,,,,ETF
DRV,AB Short Duration Portfolio Class C,Trading--Inverse Equity,AllianceBernstein,18461832.0,0.0103,,,-0.484,-0.6666,-0.5176,-0.3826,-0.4185,-31.08,-1.78,41.92,-1.5,ETF
DRW,American Century Disciplined Growth Fund Class R,Global Real Estate,American Century Investments,60848824.0,0.0058,0.9918,0.0,0.0641,0.1793,0.0049,0.0552,0.0461,-11.97,0.93,19.56,0.06,ETF
DSEP,American Century Diversified Bond Fund R5 Class,,American Century Investments,22555556.0,0.0085,0.9931,0.0,0.0346,,,,,,,,,ETF
DSJA,American Century Disciplined Growth Fund Investor Class,Large Blend,American Century Investments,4987178.0,0.0079,,,,,,,,,,,,ETF
DSOC,Aperture Discover Equity Fund Class X Shares,Large Blend,Aperture Investors,22197800.0,0.008,0.9947,0.0,0.0896,,,,,,,,,ETF
DSPC,Aberdeen Dynamic Dividend Fund Institutional Class,,Aberdeen,,0.0075,,,,,,,,,,,,ETF
DSTL,North Square Advisory Research All Cap Value Fund I,Large Blend,North Square,357571968.0,0.0039,0.9995,0.0,0.1536,0.3922,,,,,,,,ETF
DSTX,Vaughan Nelson International Small Cap Fund Investor Class,,Vaughan Nelson,20610714.0,0.0055,0.9982,0.0,0.0701,,,,,,,,,ETF
DTEC,Vaughan Nelson Emerging Markets Opportunities Fund Investor Class,Technology,Vaughan Nelson,230687152.0,0.005,0.9984,0.0,0.0509,0.4097,0.2099,,,4.33,1.16,22.85,0.9,ETF
DUDE,Vaughan Nelson International Small Cap Fund Class I,Tactical Allocation,Vaughan Nelson,173663936.0,0.0132,,,,,,,,,,,,ETF
DUG,Vaughan Nelson Emerging Markets Opportunities Fund Institutional Class,Trading--Inverse Equity,Vaughan Nelson,19399812.0,0.0095,,,-0.5963,-0.7178,-0.2715,-0.2452,-0.2025,54.55,-3.36,72.91,-0.07,ETF
DURA,North Square Strategic Income Fund I,Large Value,North Square,48679928.0,0.0029,0.9982,0.0,0.0881,0.2453,,,,,,,,ETF
DUSA,American Century Diversified Bond Fund R Class,Large Blend,American Century Investments,388990944.0,0.0062,1.0,0.0,0.201,0.5235,0.1511,,,-5.0,1.16,22.39,0.69,ETF
DUSL,American Century Diversified Bond Fund Y Class,Trading--Leveraged Equity,American Century Investments,87166432.0,0.0099,,,0.4966,2.0401,0.1435,,,-20.01,3.6,73.42,0.59,ETF
DUST,Virtus AllianzGI Global Dynamic Allocation Fund Class R6,Trading--Inverse Equity,Virtus,85482424.0,0.0104,,,-0.0372,-0.2296,-0.681,-0.5422,-0.5142,-74.58,0.1,81.11,-0.9,ETF
DVLU,AMG Beutel Goodman Core Plus Bond Fund - Class Z,Mid-Cap Value,AMG Funds,30545368.0,0.006,,,0.3147,0.702,,,,,,,,ETF
DVOL,American Century Emerging Markets Small Cap Fund C Class,Large Blend,American Century Investments,120965048.0,0.006,0.9987,0.0,0.1093,0.3338,,,,,,,,ETF
DVY,American Century Emerging Markets Small Cap Fund A Class,,American Century Investments,18495580160.0,0.0039,0.9973,0.0,0.2402,0.5246,0.1119,0.1146,0.1205,-6.04,1.0,20.56,0.56,ETF
DVYA,American Century Emerging Markets Small Cap Fund R Class,Pacific/Asia ex-Japan Stk,American Century Investments,44530568.0,0.0049,0.993,0.0,0.0943,0.2779,0.0182,0.0396,,-7.52,1.15,22.72,0.14,ETF
DVYE,American Century Emerging Markets Small Cap Fund I Class,Diversified Emerging Mkts,American Century Investments,880994752.0,0.0049,,,0.0856,0.326,0.0646,0.0917,,-2.94,1.06,20.23,0.34,ETF
DWAS,American Century Emerging Markets Small Cap Fund R6 Class,Small Growth,American Century Investments,630966656.0,0.006,0.9993,0.0,0.1931,0.6805,0.1864,0.2079,,-1.89,1.21,26.47,0.74,ETF
DWAT,American Century Emerging Markets Small Cap Fund Investor Class,Tactical Allocation,American Century Investments,3981666.0,0.0166,,,0.0921,0.3064,0.0592,0.0714,,-7.22,1.31,15.98,0.38,ETF
DWAW,Invesco European Growth Fund Class A,,Invesco,166637552.0,0.0124,0.997,0.0,0.0308,0.518,,,,,,,,ETF
DWCR,Invesco European Growth Fund Class C,Foreign Large Blend,Invesco,15985421.0,0.0136,0.9977,0.0,0.1054,0.4432,0.0988,,,0.16,1.06,19.44,0.51,ETF
DWEQ,Water Island Event-Driven Fund ClassR,,Arbitrage Fund,81534184.0,0.0103,0.9973,0.0,0.017,0.5297,,,,,,,,ETF
DWLD,American Century Emerging Markets Debt Fund G CLASS,,American Century Investments,422648736.0,0.0063,1.0,0.0,0.1119,0.4521,0.1152,,,-4.53,1.2,23.06,0.54,ETF
DWMC,American Century Emerging Markets Debt Fund C Class,Small Growth,American Century Investments,8899219.0,0.0132,,,0.3407,0.8136,,,,,,,,ETF
DWPP,American Century Emerging Markets Debt Fund R5 Class,Large Blend,American Century Investments,11298657.0,0.006,0.9993,0.0,0.1534,0.2799,0.0456,0.0778,,-10.31,0.87,18.26,0.28,ETF
DWSH,American Century Emerging Markets Fund R6 Class,Trading--Inverse Equity,American Century Investments,25164742.0,0.0367,,,-0.2522,-0.5589,,,,,,,,ETF
DWUS,Water Island Event-Driven Fund Class I,,Arbitrage Fund,87585416.0,0.0117,0.9967,0.0,0.072,0.4863,,,,,,,,ETF
DWX,American Century Emerging Markets Debt Fund A Class,Foreign Large Value,American Century Investments,653997440.0,0.0045,,,0.0957,0.234,0.053,0.0699,0.0112,-2.78,0.85,15.75,0.32,ETF
DXD,Invesco European Growth Fund Class R,Trading--Inverse Equity,Invesco,100060792.0,0.0095,,,-0.2484,-0.5011,-0.3458,-0.33,-0.2843,-8.9,-1.62,33.0,-1.14,ETF
DXGE,American Century Emerging Markets Debt Fund Investor Class,Miscellaneous Region,American Century Investments,31789574.0,0.0048,1.0,0.0,0.1644,0.3158,0.0896,0.1088,,-0.89,1.13,22.07,0.43,ETF
DXJS,American Century Emerging Markets Debt Fund R Class,Japan Stock,American Century Investments,30499168.0,0.0058,1.0,0.0,0.1005,0.2136,0.021,0.1116,,-4.03,0.7,18.44,0.13,ETF
DYHG,Invesco European Growth Fund Class Y,Long-Short Equity,Invesco,7148376.0,0.0058,,,0.0971,0.1873,,,,,,,,ETF
DYNF,AB Global Real Estate Investment Fund Class I,,AllianceBernstein,77945936.0,0.003,0.9956,0.0,0.0769,0.5461,,,,,,,,ETF
DZZ,Water Island Event-Driven Fund Class C,Trading--Inverse Commodities,Arbitrage Fund,7408969.0,0.0075,,,0.071,-0.1623,-0.2151,-0.1128,-0.0843,-20.54,-0.14,28.6,-0.74,ETF
EAGG,American Funds EuroPacific Growth Fund Class F-1,,American Funds,1274424320.0,0.001,,,-0.0246,-0.0082,,,,,,,,ETF
EAOA,American Century Emerging Markets Fund R5 Class,,American Century Investments,19857928.0,0.0018,,,0.0878,,,,,,,,,ETF
EAOK,Invesco European Growth Fund Class R6,,Invesco,5504113.0,0.0018,,,0.0189,,,,,,,,,ETF
EAOM,American Century Emerging Markets Debt Fund I Class,,American Century Investments,5721704.0,0.0018,,,0.0331,,,,,,,,,ETF
EAOR,American Century Equity Income Fund G Class,,American Century Investments,7702439.0,0.0018,,,0.0609,,,,,,,,,ETF
EAPR,American Century Equity Income Fund R5 Class,Diversified Emerging Mkts,American Century Investments,27526458.0,0.0089,,,,,,,,,,,,ETF
EASG,American Century Equity Income Fund Y Class,Foreign Large Blend,American Century Investments,18418016.0,0.0014,,,0.0746,0.2941,,,,,,,,ETF
EATZ,Aberdeen U.S. Sustainable Leaders Smaller Companies Fund Institutional Service Class,Consumer Cyclical,Aberdeen,5988285.0,0.0079,0.99,0.0,,,,,,,,,,ETF
EBIZ,Acadian Emerging Markets Portfolio Investor Class,,Acadian Funds,229761552.0,0.005,0.9983,0.0,0.0545,0.5661,,,,,,,,ETF
EBLU,American Century Emerging Markets Fund A Class,Natural Resources,American Century Investments,46659336.0,0.004,0.9991,0.0,0.1218,0.4443,0.1928,,,4.52,0.9,17.44,0.98,ETF
EBND,Virtus AllianzGI Emerging Markets Opportunities Fund R6,Emerging-Markets Local-Currency Bond,Virtus,1350248576.0,0.003,,,-0.0443,0.0454,0.0371,0.023,0.0055,0.07,0.66,9.56,0.28,ETF
ECLN,Virtus AllianzGI Emerging Markets Opportunities Fund Class P,Utilities,Virtus,12720479.0,0.0097,,,0.0399,0.2072,,,,,,,,ETF
ECON,American Century Emerging Markets Fund R Class,Diversified Emerging Mkts,American Century Investments,176777744.0,0.0059,0.9956,0.0,0.0009,0.2438,0.0618,0.049,0.0234,-1.39,0.78,16.28,0.36,ETF
ECOW,Aberdeen Emerging Markets Fund Institutional Service Class,Diversified Emerging Mkts,Aberdeen,9258468.0,0.0074,0.9958,0.0,0.1255,0.3849,,,,,,,,ETF
ECOZ,Acadian Emerging Markets Portfolio Class Y,Large Growth,Acadian Funds,9679941.0,0.0058,0.991,0.0,0.1038,0.4237,,,,,,,,ETF
EDC,Acadian Emerging Markets Portfolio Class I,Trading--Leveraged Equity,Acadian Funds,244925472.0,0.0128,,,0.1496,1.4138,0.0665,0.1658,-0.079,-19.49,2.5,59.03,0.42,ETF
EDIV,American Funds EuroPacific Growth Fund Class C,Diversified Emerging Mkts,American Funds,303836704.0,0.0049,0.9946,0.0,0.0964,0.2508,0.0309,0.0613,-0.0177,-5.32,0.98,19.15,0.2,ETF
EDOC,American Funds EuroPacific Growth Fund Class F-2,Health,American Funds,747157632.0,0.0068,0.9985,0.0,0.001,,,,,,,,,ETF
EDOG,American Funds EuroPacific Growth Fund Class A,Diversified Emerging Mkts,American Funds,25606520.0,0.006,,,0.0983,0.401,0.0939,0.0654,,-0.66,1.14,21.75,0.46,ETF
EDOW,Virtus AllianzGI Emerging Markets Consumer Fund Institutional Class,Large Value,Virtus,107008832.0,0.005,0.9997,0.0,0.1364,0.3377,0.1416,,,-2.52,0.93,18.01,0.77,ETF
EDUT,American Century Equity Income Fund R6 Class,,American Century Investments,13103614.0,0.005,0.9987,0.0,-0.2126,,,,,,,,,ETF
EDV,American Century Equity Income Fund R Class,Long Government,American Century Investments,2366696704.0,0.0007,0.0,1.0,-0.1068,-0.1398,0.0959,0.035,0.0992,-9.09,4.68,19.0,0.52,ETF
EDZ,American Century Emerging Markets Debt Fund R6 Class,Trading--Inverse Equity,American Century Investments,23357212.0,0.011,,,-0.277,-0.7106,-0.4675,-0.4502,-0.3319,-17.17,-1.92,48.16,-1.06,ETF
EEH,American Century Equity Growth Fund C Class,Large Blend,American Century Investments,1417347.0,0.0075,,,0.1271,0.3446,0.1406,0.1338,0.1266,-1.03,0.86,16.37,0.86,ETF
EELV,American Century Emerging Markets Debt Fund Y Class,Diversified Emerging Mkts,American Century Investments,337798848.0,0.003,1.0,0.0,0.1003,0.2821,0.0433,0.0548,,-3.48,0.83,15.8,0.27,ETF
EEMA,American Century Equity Growth Fund R5 Class,Pacific/Asia ex-Japan Stk,American Century Investments,994329472.0,0.005,0.9942,0.0,0.0588,0.3997,0.12,0.1403,,3.4,0.89,17.89,0.65,ETF
EEMD,American Century Equity Income Fund C Class,Diversified Emerging Mkts,American Century Investments,7474248.0,0.005,0.9916,0.0,0.0904,0.3484,0.0498,,,-4.74,1.09,21.24,0.26,ETF
EEMO,American Century Emerging Markets Fund Y Class,Diversified Emerging Mkts,American Century Investments,8228974.0,0.0031,0.9979,0.0,0.0842,0.4555,0.0864,0.11,,0.15,1.04,22.52,0.43,ETF
EEMV,American Century Equity Growth Fund R Class,Diversified Emerging Mkts,American Century Investments,3854954496.0,0.0025,0.9946,0.0,0.0589,0.2635,0.0618,0.0709,,-1.2,0.73,13.79,0.41,ETF
EEMX,Yorktown Capital Appreciation Fund Class Institutional,Diversified Emerging Mkts,Yorktown Funds,188373760.0,0.003,0.9952,0.0,0.0683,0.3956,0.1199,,,2.2,0.92,18.15,0.59,ETF
EES,Applied Finance Core Fund Investor Class,Small Blend,Applied Finance Advisors,619247232.0,0.0038,1.0,0.0,0.2743,0.761,0.1008,0.1495,0.12,-12.94,1.47,30.17,0.43,ETF
EET,AMG River Road Focused Absolute Value Fund Class I,Trading--Leveraged Equity,AMG Funds,99558160.0,0.0095,,,0.1252,0.8768,0.1216,0.172,0.0014,-11.06,1.66,38.91,0.47,ETF
EEV,Applied Finance Core Fund Institutional Class,Trading--Inverse Equity,Applied Finance Advisors,5330741.0,0.0095,,,-0.1893,-0.554,-0.3136,-0.306,-0.2041,-8.26,-1.38,33.47,-0.98,ETF
EFAD,Access Flex Bear High Yield ProFund Investor Class,Foreign Large Growth,ProFunds,138085568.0,0.0051,0.9911,0.0,0.0636,0.2593,0.0844,0.0769,,-0.16,0.89,16.39,0.5,ETF
EFAS,Access Flex Bear High Yield ProFund Service Class,Foreign Large Value,ProFunds,14262897.0,0.0056,0.9998,0.0,0.1175,0.3747,0.034,,,-7.07,1.32,24.83,0.21,ETF
EFAV,American Century Focused International Growth Fund G Class,Foreign Large Blend,American Century Investments,8636889088.0,0.002,,,0.0461,0.1625,0.0495,0.0581,,-1.69,0.64,12.21,0.35,ETF
EFAX,American Century Focused International Growth Fund C Class,Foreign Large Blend,American Century Investments,233323344.0,0.002,0.9951,0.0,0.086,0.3153,0.0912,,,-0.07,0.98,17.42,0.52,ETF
EFIV,American Century Focused International Growth Fund A Class,Large Blend,American Century Investments,235699680.0,0.001,0.9995,0.0,0.1598,,,,,,,,,ETF
EFIX,American Century Focused International Growth Fund R6 Class,Emerging Markets Bond,American Century Investments,19815804.0,0.0085,,,,,,,,,,,,ETF
EFO,American Century Focused International Growth Fund Investor Class,Trading--Leveraged Equity,American Century Investments,12891051.0,0.0095,,,0.1788,0.6812,0.0877,0.1393,0.054,-17.16,1.74,35.96,0.38,ETF
EFU,American Century Focused International Growth Fund I Class,Trading--Inverse Equity,American Century Investments,1434996.0,0.0095,,,-0.1937,-0.475,-0.2382,-0.2348,-0.1932,3.55,-1.52,31.41,-0.74,ETF
EFZ,American Century Focused International Growth Fund R Class,Trading--Inverse Equity,American Century Investments,9635600.0,0.0095,,,-0.0989,-0.2685,-0.1057,-0.1106,-0.0868,3.06,-0.8,16.4,-0.68,ETF
EGIS,American Century Sustainable Equity Fund A Class,Large Blend,American Century Investments,16199240.0,0.0075,,,0.2044,,,,,,,,,ETF
EGPT,American Century Sustainable Equity Fund C Class,Miscellaneous Region,American Century Investments,21431276.0,0.0098,,,-0.0019,0.0937,-0.0954,-0.054,-0.063,-16.87,0.94,24.47,-0.33,ETF
EINC,Yorktown Capital Appreciation Fund Class L,Energy Limited Partnership,Yorktown Funds,26055116.0,0.0045,,,0.3933,0.5547,0.0226,0.0301,,-16.4,1.8,38.41,0.23,ETF
EJAN,American Century Sustainable Equity Fund R5 Class,Diversified Emerging Mkts,American Century Investments,123115976.0,0.0089,,,0.0336,0.2132,,,,,,,,ETF
EJUL,American Century Sustainable Equity Fund Investor Class,,American Century Investments,18745820.0,0.009,0.9983,0.0,0.021,0.0828,,,,,,,,ETF
EKAR,American Century Sustainable Equity Fund R Class,Technology,American Century Investments,11268042.0,0.0095,,,0.1127,0.8558,0.2108,,,2.7,1.35,26.45,0.82,ETF
ELD,Applied Finance Explorer Fund Investor Shares,Emerging-Markets Local-Currency Bond,Applied Finance Advisors,145182800.0,0.0055,,,-0.0264,0.0866,0.0392,0.0268,-0.0012,0.54,0.64,11.74,0.27,ETF
EMAG,Applied Finance Explorer Fund Institutional Shares,Emerging Markets Bond,Applied Finance Advisors,15689557.0,0.0035,,,-0.0244,0.0747,0.0609,0.0446,0.0273,0.71,0.89,8.98,0.48,ETF
EMBD,American Century Sustainable Equity Fund R6 Class,Emerging Markets Bond,American Century Investments,128915872.0,0.0039,,,-0.0115,0.0904,,,,,,,,ETF
EMBH,American Century Sustainable Equity Fund G Class,Emerging Markets Bond,American Century Investments,7190984.0,0.0047,,,0.0181,0.1287,0.0209,0.0362,,1.59,0.03,12.92,0.13,ETF
EMCB,American Century Sustainable Equity Fund I Class,Emerging Markets Bond,American Century Investments,53159740.0,0.006,,,0.0058,0.0968,0.0756,0.061,,3.21,0.79,9.05,0.71,ETF
EMDV,Yorktown Multi-Sector Bond Fund Class C,Diversified Emerging Mkts,Yorktown Funds,22159812.0,0.0061,0.9913,0.0002,0.0586,0.3089,0.0574,0.0778,,-3.05,0.99,19.24,0.32,ETF
EMFM,Yorktown Multi-Sector Bond Fund Class L,Diversified Emerging Mkts,Yorktown Funds,20654934.0,0.007,0.9925,0.0,0.0577,0.2614,0.0131,0.0296,,-7.62,0.97,18.43,0.08,ETF
EMHC,American Funds Mortgage Fund Class F-3,Emerging Markets Bond,American Funds,181181904.0,0.0023,0.0,0.9991,,,,,,,,,,ETF
EMIF,Virtus AllianzGI Focused Growth Fund R6,Diversified Emerging Mkts,Virtus,15940076.0,0.006,,,0.0308,0.1852,-0.0143,-0.0101,-0.0072,-10.72,1.13,23.06,-0.01,ETF
EMLC,Yorktown Growth Fund Class A,Emerging-Markets Local-Currency Bond,Yorktown Funds,3553029120.0,0.003,0.0,0.9991,-0.0379,0.072,0.0329,0.0203,-0.0019,0.36,0.56,11.95,0.22,ETF
EMLP,Alger Global Focus Fund Class I,Energy Limited Partnership,Alger,2059332096.0,0.0096,0.9948,0.0,0.1873,0.277,0.0621,0.0406,,-5.94,0.93,21.17,0.33,ETF
EMNT,Alger International Focus Fund Class B,Ultrashort Bond,Alger,152999856.0,0.0024,,,0.0021,0.01,,,,,,,,ETF
EMSG,Alger Global Focus Fund Class Z,Diversified Emerging Mkts,Alger,17583894.0,0.002,0.9953,0.0,0.1005,0.419,,,,,,,,ETF
EMSH,American Funds Fundamental Investors Class C,Emerging Markets Bond,American Funds,7337642.0,0.005,0.0,0.9966,0.0128,0.0472,0.0276,0.0233,,0.39,0.3,5.13,0.31,ETF
EMTL,American Funds Fundamental Investors Class F-1,Emerging Markets Bond,American Funds,123662216.0,0.0065,,,0.0085,0.0711,0.0557,0.0505,,1.65,0.74,8.77,0.53,ETF
EMTY,Virtus NFJ International Value Fund Class A,Trading--Inverse Equity,Virtus,6380121.0,0.0066,,,-0.3015,-0.497,-0.2,,,5.24,-1.38,30.89,-0.62,ETF
EMXC,Virtus NFJ International Value Fund Class C,Diversified Emerging Mkts,Virtus,835443904.0,0.0025,,,0.1015,0.4776,0.1134,,,1.28,1.14,21.28,0.56,ETF
EMXF,Angel Oak Financials Income Fund Class C,,Angel Oak,12974914.0,0.0016,0.9962,0.0,0.0424,,,,,,,,,ETF
ENFR,Anfield Universal Fixed Income Fund Class A,Energy Limited Partnership,Anfield,70241840.0,0.0035,0.997,0.0,0.4212,0.5545,0.0299,0.0377,,-15.21,1.76,37.8,0.25,ETF
ENTR,Anfield Universal Fixed Income Fund Class I,,Anfield,132549944.0,0.0049,,,-0.0785,0.2377,0.1475,,,-2.96,1.07,23.67,0.65,ETF
ENZL,Anfield Universal Fixed Income Fund Class C,Miscellaneous Region,Anfield,158816704.0,0.0051,0.9976,0.0,-0.0999,0.0936,0.1085,0.1082,0.1097,2.92,0.91,20.04,0.57,ETF
EOPS,American Funds American Balanced Fund Class F-3,,American Funds,,0.0195,,,,,,,,,,,,ETF
EPI,Acuitas US Microcap Fund Institutional Shares,India Equity,Acuitas Investments,852500672.0,0.0084,1.0,0.0,0.1637,0.7046,0.1156,0.1202,0.0459,3.37,1.1,26.96,0.5,ETF
EPRF,American Funds American Mutual Fund Class F-3,,American Funds,184549376.0,0.0047,,,-0.0358,0.0587,0.0592,,,0.82,1.02,8.84,0.53,ETF
EPS,Yorktown Short Term Bond Fund Class L,Large Blend,Yorktown Funds,579606272.0,0.0008,1.0,0.0,0.1599,0.4185,0.1694,0.17,0.1398,-1.91,1.04,19.42,0.84,ETF
EPV,AAM/Bahl & Gaynor Income Growth Fund Class A,Trading--Inverse Equity,AAM,7464526.0,0.0095,,,-0.2483,-0.5193,-0.2723,-0.2637,-0.232,3.01,-1.67,34.77,-0.77,ETF
EQAL,AAM/Bahl & Gaynor Income Growth Fund Class I,Mid-Cap Blend,AAM,665635840.0,0.002,1.0,0.0,0.1815,0.5146,0.1497,0.1457,,-6.04,1.22,23.45,0.66,ETF
EQL,Archer Focus Fund,Large Blend,Archer,210116528.0,0.0028,0.998,0.0,0.1704,0.4025,0.1546,0.1432,0.1276,-2.33,0.98,18.34,0.81,ETF
EQOP,Aperture International Equity Fund Class X Shares,,Aperture Investors,13995050.0,0.009,,,0.1827,,,,,,,,,ETF
EQRR,Alger Mid Cap Focus Fund Class I,Large Value,Alger,7848376.0,0.0035,0.9983,0.0,0.2971,0.6916,0.0302,,,-21.42,1.65,33.84,0.23,ETF
EQWL,Aperture International Equity Fund Institutional Shares,Large Blend,Aperture Investors,97432920.0,0.0025,0.9988,0.0,0.1856,0.4567,0.1716,0.1772,0.1457,-1.24,1.01,19.09,0.87,ETF
ERM,Ariel Focus Fund Institutional Class,Large Value,Ariel Investments,11289620.0,0.0068,0.9969,0.0,0.2056,0.4645,0.0599,,,-9.9,0.94,19.63,0.34,ETF
ERSX,Alger Mid Cap Focus Fund Class Z,Foreign Small/Mid Growth,Alger,42366720.0,0.0075,,,0.045,0.4496,,,,,,,,ETF
ERTH,AmericaFirst Income Fund Class A,Miscellaneous Sector,AmericaFirst Funds,427715744.0,0.0058,0.9975,0.0,0.0608,0.6205,0.2409,0.2263,0.1176,5.74,1.27,24.61,0.95,ETF
ERX,AmericaFirst Income Fund Class I,Trading--Leveraged Equity,AmericaFirst Funds,655720384.0,0.01,,,0.9906,0.9214,-0.5719,-0.3703,-0.2726,-94.23,4.48,97.88,-0.15,ETF
ERY,AmericaFirst Income Fund Class U,Trading--Inverse Equity,AmericaFirst Funds,25979456.0,0.0105,,,-0.5958,-0.7176,-0.2446,-0.2818,-0.2897,77.02,-3.93,85.63,0.09,ETF
ESCR,Alpha Fiduciary Quantitative Strategy Fund,Corporate Bond,Alpha Fiduciary,7784243.0,0.0015,,,-0.0179,0.0249,0.0152,0.0233,,-1.94,0.63,8.77,0.07,ETF
ESEB,Invesco Floating Rate ESG Fund Class A,Emerging Markets Bond,Invesco,30574756.0,0.0035,,,-0.0118,0.0534,0.022,0.0367,,-0.37,0.52,11.77,0.15,ETF
ESG,Invesco Floating Rate ESG Fund Class C,Large Blend,Invesco,173305744.0,0.0032,0.9944,0.0,0.1557,0.4236,0.1961,,,0.8,1.01,18.74,0.99,ETF
ESGA,Invesco Floating Rate ESG Fund Class R6,Large Blend,Invesco,149207552.0,0.0039,0.9976,0.0,0.1479,,,,,,,,,ETF
ESGD,Invesco Floating Rate ESG Fund Class R5,,Invesco,5841972224.0,0.002,,,0.1104,0.3959,0.0908,,,0.25,0.99,17.86,0.5,ETF
ESGE,Invesco Floating Rate ESG Fund Class R,,Invesco,7537788928.0,0.0025,,,0.066,0.5028,0.1022,,,1.78,0.98,18.93,0.55,ETF
ESGG,Invesco Floating Rate ESG Fund Class Y,,Invesco,175451968.0,0.0042,,,0.1397,0.3907,0.1638,,,1.82,0.98,17.83,0.88,ETF
ESGN,American Funds Tax-Exempt Bond Fund Class A,,American Funds,5690624.0,0.0045,,,0.1364,0.389,0.0427,,,-4.87,1.06,19.74,0.23,ETF
ESGS,American Funds Tax-Exempt Bond Fund Class F1,,American Funds,5572019.0,0.0035,0.9958,0.0,0.2517,0.5612,0.1326,,,-6.52,1.21,23.84,0.59,ETF
ESGV,Applied Finance Select Fund Investor Class Shares,,Applied Finance Advisors,4476920832.0,0.0012,0.9999,0.0,0.1105,0.4327,,,,,,,,ETF
ESGY,Virtus NFJ International Value Fund Class P,Large Blend,Virtus,5204632.0,0.0039,1.0,0.0,,,,,,,,,,ETF
ESHY,Applied Finance Select Fund Institutional Class Shares,High Yield Bond,Applied Finance Advisors,21342188.0,0.002,,,0.0321,0.1516,0.0391,0.0583,,2.84,0.14,10.19,0.33,ETF
ESML,AAM/Bahl & Gaynor Income Growth Fund Class C,Small Blend,AAM,1000216384.0,0.0017,0.9979,0.0,0.1878,0.6288,0.1541,,,-5.76,1.26,25.0,0.66,ETF
ESPO,American Century Sustainable Equity Fund Y Class,Technology,American Century Investments,820848128.0,0.0055,0.9984,0.0,0.0367,0.404,,,,,,,,ETF
ETHO,Virtus AllianzGI Global Dynamic Allocation Fund Institutional Class,Mid-Cap Growth,Virtus,169381440.0,0.0048,0.9933,0.0,0.1425,0.4803,0.2053,0.1993,,0.77,1.08,20.64,0.96,ETF
EUCG,Virtus AllianzGI Global Allocation Fund Administrative Class,World Allocation,Virtus,48986396.0,0.0082,,,,,,,,,,,,ETF
EUDG,Virtus AllianzGI Global Allocation Fund Class P,Europe Stock,Virtus,55267944.0,0.0058,1.0,0.0,0.1275,0.344,0.1232,0.1188,,3.01,0.92,17.02,0.68,ETF
EUDV,361 Global Long/Short Equity Fund Investor Class,,361 Funds,8426431.0,0.0056,0.9914,0.0,-0.0232,0.1292,0.0535,0.069,,0.46,0.92,17.08,0.32,ETF
EUFN,Virtus AllianzGI Global Allocation Fund Class R6,Financial,Virtus,1563914624.0,0.0048,,,0.1373,0.4076,0.0224,0.0827,0.0196,-14.48,1.39,29.24,0.17,ETF
EUFX,361 Global Long/Short Equity Fund Class Y,Trading--Miscellaneous,361 Funds,2157042.0,0.0097,,,0.0432,-0.0379,0.0127,0.0015,,0.47,-0.66,6.03,0.03,ETF
EUM,361 Global Long/Short Equity Fund Class I,Trading--Inverse Equity,361 Funds,20496720.0,0.0095,,,-0.0908,-0.3202,-0.1432,-0.1454,-0.0864,-2.02,-0.74,17.64,-0.86,ETF
EUO,American Century Global Bond Fund A Class,Trading--Miscellaneous,American Century Investments,48821348.0,0.0095,,,0.0577,-0.1089,0.0148,-0.0041,0.0358,1.79,-2.01,11.89,0.08,ETF
EURL,American Century Global Bond Fund R6 Class,Trading--Leveraged Equity,American Century Investments,57629008.0,0.0107,,,0.3927,1.3066,0.0479,0.1522,,-27.68,2.93,62.11,0.39,ETF
EURZ,American Century Global Bond Fund G CLASS,Europe Stock,American Century Investments,2698631.0,0.0009,,,0.1292,0.3715,0.0854,0.1222,,-1.92,1.2,21.97,0.42,ETF
EUSB,American Century Global Bond Fund I Class,,American Century Investments,266819344.0,0.0012,,,-0.0213,,,,,,,,,ETF
EUSC,American Century Global Bond Fund R5 Class,Europe Stock,American Century Investments,38419268.0,0.0058,1.0,0.0,0.1595,0.3597,0.084,0.1181,,-1.61,1.13,21.22,0.42,ETF
EVGBC,American Century Global Bond Fund R Class,,American Century Investments,6839121.0,0.0085,,,0.035,0.4337,0.0969,0.0982,,-2.16,1.32,15.21,0.59,ETF
EVLMC,American Century Global Bond Fund C Class,,American Century Investments,7618406.0,0.0035,,,0.0082,0.0507,0.0513,0.035,,0.16,0.98,3.96,0.97,ETF
EVSTC,American Century Global Bond Fund Investor Class,,American Century Investments,7841925.0,0.0065,0.9983,0.0,0.0418,0.5405,0.1693,0.1523,,0.29,0.99,18.46,0.87,ETF
EVX,American Century Global Bond Fund Y Class,Industrials,American Century Investments,62135240.0,0.0055,0.9987,0.0,0.1768,0.5271,0.167,0.1672,0.1131,0.41,1.16,22.45,0.74,ETF
EWCO,Water Island Credit Opportunities Fund Class A,Communications,Arbitrage Fund,48281792.0,0.004,1.0,0.0,0.2484,0.6111,,,,,,,,ETF
EWEB,American Century Global Small Cap Fund C Class,Diversified Emerging Mkts,American Century Investments,7031822.0,0.0065,0.9987,0.0,-0.03,,,,,,,,,ETF
EWJE,Aberdeen Global Absolute Return Strategies Fund Institutional Class,Japan Stock,Aberdeen,7783983.0,0.0015,0.9972,0.0,0.0179,0.2127,,,,,,,,ETF
EWJV,American Century Global Small Cap Fund I Class,Japan Stock,American Century Investments,41539876.0,0.0015,0.9947,0.0,0.0794,0.2832,,,,,,,,ETF
EWMC,American Century Global Small Cap Fund R6 Class,Mid-Cap Blend,American Century Investments,136157712.0,0.004,1.0,0.0,0.2025,0.6004,0.1294,0.1417,0.1198,-9.03,1.34,26.36,0.55,ETF
EWRE,American Century Global Small Cap Fund Investor Class,Real Estate,American Century Investments,60402104.0,0.004,1.0,0.0,0.2698,0.4457,0.1389,0.0879,,0.66,0.95,20.49,0.68,ETF
EWSC,American Century Global Small Cap Fund R Class,Small Blend,American Century Investments,63666732.0,0.004,1.0,0.0,0.3064,0.8404,0.1366,0.1666,0.1097,-9.12,1.42,29.51,0.54,ETF
EWV,AB High Income Fund Class A,Trading--Inverse Equity,AllianceBernstein,4850313.0,0.0095,,,-0.0553,-0.4075,-0.2003,-0.2242,-0.2039,2.9,-1.25,29.52,-0.65,ETF
EWX,AB High Income Fund Class C,Diversified Emerging Mkts,AllianceBernstein,654840320.0,0.0065,0.9936,0.0,0.1965,0.5372,0.1192,0.1227,0.0424,1.89,1.12,21.53,0.57,ETF
EWZS,AB High Income Fund Class I,Latin America Stock,AllianceBernstein,129347912.0,0.0059,0.9927,0.0,0.2048,0.5949,0.1954,0.1783,-0.0131,11.59,1.65,42.39,0.64,ETF
EYLD,AB High Income Fund Class K,Diversified Emerging Mkts,AllianceBernstein,66456132.0,0.0069,,,0.1462,0.5037,0.113,,,1.18,1.12,21.4,0.54,ETF
EZJ,AB High Income Fund Class R,Trading--Leveraged Equity,AllianceBernstein,5787386.0,0.0095,,,-0.0082,0.4712,0.0702,0.1365,0.0758,-14.16,1.37,30.9,0.33,ETF
EZM,AB High Income Fund Advisor Class,Mid-Cap Blend,AllianceBernstein,733165952.0,0.0038,1.0,0.0,0.2096,0.6316,0.1102,0.1316,0.1193,-11.08,1.37,27.47,0.48,ETF
FAAR,AB High Income Fund Class Z,,AllianceBernstein,93497840.0,0.0095,,,0.0942,0.2204,0.0169,,,0.19,0.28,6.78,0.09,ETF
FAB,Water Island Event-Driven Fund Class A,Mid-Cap Value,Arbitrage Fund,163311968.0,0.007,0.9996,0.0,0.2245,0.5679,0.1004,0.1272,0.1052,-12.28,1.41,28.37,0.44,ETF
FAD,American Beacon Frontier Markets Income Fund C Class,Mid-Cap Growth,American Beacon,221120992.0,0.0063,0.9987,0.0,0.1523,0.5362,0.1875,0.189,0.143,-0.94,1.11,22.21,0.84,ETF
FAIL,American Beacon Frontier Markets Income Fund R5 Class,Emerging-Markets Local-Currency Bond,American Beacon,6855270.0,0.0069,,,-0.1339,-0.066,-0.0037,0.0008,,-3.37,0.5,9.12,-0.15,ETF
FALN,American Beacon Frontier Markets Income Fund Investor Class,High Yield Bond,American Beacon,2639135488.0,0.0025,,,0.0341,0.1989,0.1021,0.092,,4.85,1.11,13.22,0.7,ETF
FAN,American Beacon Frontier Markets Income Fund Y Class,Miscellaneous Sector,American Beacon,396561376.0,0.0061,0.9982,0.0,-0.0697,0.5111,0.2167,0.1472,0.0999,7.34,0.96,22.01,0.94,ETF
FAPR,Virtus AllianzGI Global Dynamic Allocation Fund Administrative Class,,Virtus,121963960.0,0.0085,,,,,,,,,,,,ETF
FAS,Alger Responsible Investing Fund Class C,Trading--Leveraged Equity,Alger,3609033728.0,0.0099,,,0.8029,2.5134,0.2125,0.347,0.2659,-11.79,3.37,70.38,0.68,ETF
FATT,American Century Focused Global Growth Fund R5 Class,,American Century Investments,,0.0115,,,,,,,,,,,,ETF
FAUG,AB Growth Fund Class I,,AllianceBernstein,81310960.0,0.0085,0.9936,0.0,0.0633,0.2021,,,,,,,,ETF
FAZ,AB Growth Fund Class K,Trading--Inverse Equity,AllianceBernstein,98145440.0,0.0108,,,-0.5367,-0.8108,-0.6051,-0.5516,-0.5011,-29.7,-2.55,55.04,-1.36,ETF
FBCG,AB Growth Fund Class R,Large Growth,AllianceBernstein,372547456.0,0.0059,1.0,0.0,0.1416,0.5493,,,,,,,,ETF
FBCV,Invesco Global Growth Fund Class A,Large Value,Invesco,96075136.0,0.0059,1.0,0.0,0.18,0.4444,,,,,,,,ETF
FBGX,Invesco Global Growth Fund Class C,Large Growth,Invesco,155916672.0,0.0085,,,0.2536,0.9286,0.393,0.4079,,3.11,2.13,40.88,1.0,ETF
FBND,American Century Focused Global Growth Fund R6 Class,,American Century Investments,1917181184.0,0.0036,,,-0.0074,0.0288,0.0634,0.0426,,1.09,0.98,3.91,1.31,ETF
FBZ,Invesco Global Growth Fund Class R6,Latin America Stock,Invesco,11866694.0,0.008,0.9988,0.0,0.1276,0.4048,0.1553,0.1186,-0.0134,8.32,1.44,38.9,0.56,ETF
FCA,American Century Focused Global Growth Fund I Class,China Region,American Century Investments,15806918.0,0.008,,,0.1028,0.3611,0.0681,0.1483,0.0414,-0.71,0.89,20.65,0.36,ETF
FCAL,American Century Global Gold Fund I Class,Muni California Long,American Century Investments,101695144.0,0.005,,,0.0286,0.0776,0.0569,,,-0.86,1.41,5.9,0.77,ETF
FCEF,American Century Focused Global Growth Fund A Class,World Allocation,American Century Investments,35789316.0,0.0291,,,0.1578,0.4241,0.1138,,,-5.72,1.72,20.17,0.58,ETF
FCG,American Century Global Gold Fund R Class,Equity Energy,American Century Investments,300582560.0,0.006,0.9989,0.0,0.8692,1.2673,-0.0854,-0.0549,-0.157,-30.27,2.96,70.73,0.16,ETF
FCOM,Invesco Global Growth Fund Class Y,Communications,Invesco,855794240.0,0.00084,0.9974,0.0,0.2014,0.5534,0.2552,0.1477,,9.63,1.0,19.74,1.2,ETF
FCOR,AB Tax-Managed All Market Income Portfolio Class A,Corporate Bond,AllianceBernstein,292159936.0,0.0036,,,-0.0152,0.0332,0.0835,0.0517,,0.5,1.59,7.68,0.91,ETF
FCPI,AB Tax-Managed All Market Income Portfolio Class C,Large Blend,AllianceBernstein,34568276.0,0.0029,0.9983,0.0,0.2228,0.3833,,,,,,,,ETF
FCTR,Alger Responsible Investing Fund Class I,,Alger,205623056.0,0.0065,0.9999,0.0,0.1185,0.8683,,,,,,,,ETF
FCVT,Alger Mid Cap Growth Institutional Fund Class R,Convertibles,Alger,296827904.0,0.0095,,,0.0589,0.4909,0.2248,0.1832,,6.52,1.43,18.13,1.15,ETF
FDD,Invesco Income Fund Investor Class,Europe Stock,Invesco,277766528.0,0.0057,0.9993,0.0,0.1443,0.4442,0.0764,0.0861,0.0456,-2.9,1.27,24.7,0.36,ETF
FDEC,AB Tax-Managed All Market Income Portfolio Advisor Class,,AllianceBernstein,54259896.0,0.0085,0.9915,0.0,0.0706,,,,,,,,,ETF
FDEM,Alger Growth & Income Fund Class Z,,Alger,16235209.0,0.0045,0.9971,0.0,0.0032,0.211,,,,,,,,ETF
FDEV,American Century Focused Global Growth Fund C Class,,American Century Investments,14612962.0,0.0039,0.992,0.0,0.0716,0.2619,,,,,,,,ETF
FDG,Ariel Global Fund Investor Class,Large Growth,Ariel Investments,239323776.0,0.0045,0.9957,0.0,0.0909,0.4786,,,,,,,,ETF
FDHY,Ariel Global Fund Institutional Class,High Yield Bond,Ariel Investments,259741056.0,0.0045,,,0.0263,0.1485,0.0959,,,5.51,0.73,8.56,0.99,ETF
FDIS,American Century Ginnie Mae Fund I Class,Consumer Cyclical,American Century Investments,1568050048.0,0.00084,0.9984,0.0,0.1372,0.5673,0.2497,0.2299,,6.16,1.29,24.64,0.98,ETF
FDIV,American Century Ginnie Mae Fund R5 Class,Allocation--30% to 50% Equity,American Century Investments,62657308.0,0.0087,,,0.0722,0.1672,0.0548,0.0455,,-4.76,0.95,12.04,0.4,ETF
FDLO,American Century Ginnie Mae Fund R Class,Large Blend,American Century Investments,473633152.0,0.0029,0.9992,0.0,0.1111,0.3062,0.1678,,,0.46,0.86,16.46,0.96,ETF
FDMO,PGIM Jennison Global Equity Income Fund- Class C,Large Growth,PGIM Funds (Prudential),141130448.0,0.0029,0.997,0.0,0.1038,0.3347,0.1514,,,-2.1,0.95,18.44,0.8,ETF
FDNI,Invesco Income Fund Class R5,Foreign Large Growth,Invesco,129466912.0,0.0065,0.9998,0.0,0.0423,0.3994,,,,,,,,ETF
FDRR,American Century Focused Global Growth Fund R Class,Large Value,American Century Investments,472278240.0,0.0029,0.997,0.0,0.1614,0.4068,0.1533,,,-2.76,0.99,18.85,0.78,ETF
FDT,Invesco Income Fund Class A,Foreign Large Blend,Invesco,390675200.0,0.008,0.9919,0.0,0.1232,0.3768,0.0413,0.0917,0.0435,-5.82,1.16,20.87,0.24,ETF
FDTS,Alger Small Cap Focus Fund Class Z,Foreign Small/Mid Value,Alger,9522136.0,0.008,0.99,0.0,0.1313,0.497,0.0679,0.1062,,-3.68,1.26,23.2,0.34,ETF
FDVV,AGF Global Sustainable Growth Equity Fund Class I,Large Value,AGF Investments,956446464.0,0.0029,0.9975,0.0,0.1921,0.4354,0.1302,,,-5.52,1.07,20.91,0.64,ETF
FDWM,AGF Global Sustainable Growth Equity Fund Class R6,,AGF Investments,,0.0059,,,,,,,,,,,,ETF
FEBZ,AGF Emerging Markets Equity Fund Class I,,AGF Investments,2036153.0,0.0079,,,,,,,,,,,,ETF
FEDX,AGF Emerging Markets Equity Fund Class R6,,AGF Investments,5840187.0,0.006,1.0,0.0,0.0999,,,,,,,,,ETF
FEM,AB Growth Fund Class C,Diversified Emerging Mkts,AllianceBernstein,555332096.0,0.008,0.9936,0.0,0.1187,0.3761,0.0611,0.1111,0.0248,-4.02,1.2,22.64,0.32,ETF
FEMB,American Century Growth Fund R6 Class,Emerging-Markets Local-Currency Bond,American Century Investments,289783616.0,0.0085,,,-0.0596,0.0648,0.0314,0.0166,,-0.75,0.78,12.28,0.2,ETF
FEMS,Invesco Global Real Estate Fund Class A,Diversified Emerging Mkts,Invesco,172725136.0,0.008,0.9901,0.0,0.1594,0.4905,0.1161,0.1382,,0.11,1.39,26.18,0.5,ETF
FENY,AB Growth Fund Class A,Equity Energy,AllianceBernstein,999069504.0,0.00084,0.9986,0.0,0.4819,0.5531,-0.0694,-0.0138,,-27.7,2.02,42.31,0.02,ETF
FEP,AB Growth Fund Advisor Class,Europe Stock,AllianceBernstein,468867744.0,0.008,,,0.1393,0.4514,0.0634,0.1187,0.0649,-4.6,1.3,23.7,0.32,ETF
FEUL,Alger Small Cap Growth Fund Class C,Europe Stock,Alger,19718568.0,0.01,,,0.243,0.5665,0.0647,,,-7.25,2.11,39.13,0.32,ETF
FEUZ,Virtus AllianzGI Global Dynamic Allocation Fund Class P,Europe Stock,Virtus,27742792.0,0.008,0.9997,0.0,0.1171,0.4047,0.0558,0.1152,,-5.22,1.27,23.09,0.28,ETF
FEVR,American Funds The Growth Fund of America Class A,Large Growth,American Funds,39202184.0,0.0085,0.9904,0.0,0.0563,,,,,,,,,ETF
FEX,AB Sustainable Global Thematic Fund Class I,Large Blend,AllianceBernstein,1188681216.0,0.0059,0.9997,0.0,0.1731,0.4565,0.146,0.1521,0.1272,-5.44,1.15,21.73,0.68,ETF
FFEB,American Beacon Frontier Markets Income Fund A Class,,American Beacon,266498672.0,0.0085,,,0.0989,0.2372,,,,,,,,ETF
FFHG,Invesco Income Fund Class C,,Invesco,54507908.0,0.0117,,,0.161,0.5702,0.1042,,,-3.58,0.78,17.43,0.58,ETF
FFIU,American Funds Global Insight Fund Class C,Intermediate-Term Bond,American Funds,80914000.0,0.0051,,,0.0008,0.0383,0.0597,,,0.93,0.91,4.18,1.1,ETF
FFR,American Funds Global Insight Fund Class F-1,Global Real Estate,American Funds,37649376.0,0.006,,,0.1648,0.3453,0.0688,0.0531,0.0644,-5.79,0.92,19.55,0.37,ETF
FFSG,American Funds Global Insight Fund Class A,Large Blend,American Funds,46725980.0,0.007,,,0.157,0.4437,0.1292,,,-5.17,1.03,19.53,0.66,ETF
FFTG,American Funds Global Insight Fund Class F-2,Tactical Allocation,American Funds,52109956.0,0.0112,,,0.0589,0.1691,0.0819,,,-3.74,1.15,15.16,0.52,ETF
FFTI,American Funds Global Insight Fund Class F-3,,American Funds,213719696.0,0.0097,,,-0.0079,0.0468,0.0264,,,-2.32,1.02,6.89,0.23,ETF
FFTY,Invesco Income Fund Class R,,Invesco,251787776.0,0.008,0.9958,0.0,0.0945,0.3979,0.08,0.1606,,-8.72,1.06,23.74,0.39,ETF
FGD,Invesco Income Fund Class R6,Foreign Large Value,Invesco,494890944.0,0.0057,0.994,0.0,0.2064,0.5147,0.0775,0.0863,0.0564,-2.63,1.25,23.64,0.38,ETF
FGM,Invesco Income Fund Class Y,Miscellaneous Region,Invesco,113775024.0,0.008,0.9911,0.0,0.1226,0.4343,0.0925,0.1254,,-1.72,1.29,24.17,0.42,ETF
FGRO,American Century Growth Fund R Class,Large Growth,American Century Investments,33891364.0,0.0059,1.0,0.0,,,,,,,,,,ETF
FHLC,American Century Growth Fund R5 Class,Health,American Century Investments,2699223808.0,0.00084,0.9979,0.0,0.1108,0.2985,0.1755,0.1533,,5.74,0.76,16.53,0.99,ETF
FICS,American Century Global Gold Fund C Class,Foreign Large Growth,American Century Investments,3431355.0,0.007,0.994,0.0,0.1262,,,,,,,,,ETF
FID,American Century Focused Global Growth Fund Y Class,Foreign Large Value,American Century Investments,43324756.0,0.006,,,0.1317,0.3475,0.0588,0.0624,,-3.69,1.06,19.85,0.31,ETF
FIDI,American Century Growth Fund Y Class,Foreign Large Value,American Century Investments,80352944.0,0.0039,0.9932,0.0,0.1494,0.3226,0.0175,,,-7.62,1.12,21.2,0.13,ETF
FIDU,American Beacon AHL TargetRisk Fund C,Industrials,American Beacon,873108160.0,0.00084,0.998,0.0,0.1604,0.5294,0.1543,0.1528,,-1.57,1.26,23.89,0.67,ETF
FIGB,American Century High-Yield Fund C Class,Intermediate-Term Bond,American Century Investments,10075996.0,0.0036,,,,,,,,,,,,ETF
FINX,American Century Heritage Fund C Class,Technology,American Century Investments,1313370368.0,0.0068,0.9994,0.0,0.0206,0.4348,0.2239,,,4.43,1.33,27.84,0.83,ETF
FISR,American Century NT High Income Fund G Class,Multisector Bond,American Century Investments,82034008.0,0.005,,,-0.0178,0.0032,,,,,,,,ETF
FITE,American Century NT High Income Fund Investor Class,Technology,American Century Investments,27429224.0,0.0045,0.9987,0.0,0.1259,0.4255,0.1785,,,2.16,1.12,22.28,0.8,ETF
FIVA,Invesco High Yield Fund Class Y,Foreign Large Value,Invesco,31373592.0,0.0039,0.9903,0.0,0.1322,0.3502,0.0576,,,-4.16,1.12,20.37,0.31,ETF
FIVG,American Century High Income Fund A Class,Communications,American Century Investments,1281323904.0,0.003,0.9977,0.0,0.1379,0.4104,,,,,,,,ETF
FIW,American High-Income Municipal Bond Fund Class C,Natural Resources,American Funds,1039176832.0,0.0054,0.9997,0.0,0.1608,0.5078,0.2095,0.1978,0.1463,5.91,0.99,19.0,1.04,ETF
FIXD,American Century High Income Fund R6 Class,,American Century Investments,5196399104.0,0.0056,,,-0.0112,0.0095,0.0633,,,0.79,1.02,3.59,1.4,ETF
FJAN,American Century High Income Fund R5 Class,,American Century Investments,95695736.0,0.0085,,,,,,,,,,,,ETF
FJP,American Funds American High-Income Trust Class F-2,Japan Stock,American Funds,38474368.0,0.008,0.9998,0.0,0.0017,0.1317,-0.0072,0.0423,0.0322,-7.92,0.77,16.22,-0.05,ETF
FJUL,American Century High Income Fund I Class,,American Century Investments,43191900.0,0.0085,0.9942,0.0,0.0463,,,,,,,,,ETF
FJUN,American Funds American High-Income Trust Class A,,American Funds,90518944.0,0.0085,,,0.0595,0.1816,,,,,,,,ETF
FKU,American Century High Income Fund Investor Class,Miscellaneous Region,American Century Investments,28336752.0,0.008,,,0.1822,0.5339,0.0584,0.0912,,-5.44,1.5,28.09,0.3,ETF
FLAU,Invesco High Yield Fund R5 Class,,Invesco,25125126.0,0.0009,0.9999,0.0,0.1147,0.5142,0.111,,,1.15,1.25,23.98,0.51,ETF
FLAX,American Beacon AHL Managed Futures Strategy Fund A Class,,American Beacon,35294876.0,0.0019,0.9974,0.0,0.0654,0.5041,0.0994,,,2.07,0.9,18.15,0.55,ETF
FLBL,American Beacon AHL Managed Futures Strategy Fund C Class,Bank Loan,American Beacon,210757056.0,0.0045,,,0.0228,0.0836,0.0337,,,2.31,0.05,5.38,0.46,ETF
FLBR,American Beacon AHL Managed Futures Strategy Fund R5 Class,,American Beacon,118467104.0,0.0019,,,0.0605,0.4855,0.064,,,-0.61,1.54,39.54,0.33,ETF
FLCA,American Beacon AHL Managed Futures Strategy Fund Investor Class,,American Beacon,25224864.0,0.0009,0.9981,0.0,0.1554,0.4992,0.123,,,4.49,1.12,21.43,0.57,ETF
FLCB,American Beacon AHL Managed Futures Strategy Fund Y Class,,American Beacon,1610593024.0,0.0015,,,-0.0233,-0.0011,,,,,,,,ETF
FLCH,American High-Income Municipal Bond Fund Class F-2,,American Funds,115213624.0,0.0019,1.0,0.0,0.0139,0.3748,0.0857,,,1.92,0.76,20.08,0.43,ETF
FLCO,Alger Health Sciences Fund Class A,Corporate Bond,Alger,1070205824.0,0.0035,,,-0.0187,0.0269,0.0746,,,-0.12,1.6,7.6,0.84,ETF
FLDR,Alger Health Sciences Fund Class Z,Ultrashort Bond,Alger,236389056.0,0.0015,,,-0.0019,0.0044,0.0233,,,-0.13,0.32,2.43,0.48,ETF
FLEE,American Beacon AHL TargetRisk Fund A,,American Beacon,250381856.0,0.0009,0.9969,0.0,0.1414,0.4252,0.0908,,,0.04,1.07,19.39,0.49,ETF
FLEH,American Funds American High-Income Trust Class C,,American Funds,16297545.0,0.0009,0.9922,0.0,0.1364,0.3061,0.1052,,,2.47,0.84,16.28,0.61,ETF
FLFR,American Funds American High-Income Trust Class F-1,,American Funds,7919356.0,0.0009,0.9983,0.0,0.1689,0.5107,0.0842,,,0.01,1.21,22.62,0.47,ETF
FLGB,American Beacon AHL TargetRisk Fund R5 Class,,American Beacon,235229360.0,0.0009,0.998,0.0,0.1536,0.3721,0.0285,,,-5.99,1.09,20.11,0.18,ETF
FLGE,American Beacon AHL TargetRisk Fund Investor Class,Large Growth,American Beacon,244150928.0,0.0085,,,0.2579,0.9288,0.3927,0.4056,,2.74,2.15,41.13,0.99,ETF
FLGR,American Beacon AHL TargetRisk Core Fund R6 Class,,American Beacon,13925396.0,0.0009,0.9991,0.0,0.1228,0.4268,0.069,,,-2.23,1.23,22.96,0.38,ETF
FLGV,American Beacon AHL TargetRisk Fund Y Class,Intermediate Government,American Beacon,432953408.0,0.0009,0.0,0.9913,-0.0252,-0.0288,,,,,,,,ETF
FLHK,Invesco High Yield Fund Class C,,Invesco,17868312.0,0.0009,0.9988,0.0,0.1465,0.4977,0.0655,,,-1.55,0.95,20.46,0.34,ETF
FLHY,American Century High-Yield Fund R6 Class,High Yield Bond,American Century Investments,358595104.0,0.004,,,0.0241,0.1355,0.0821,,,4.6,0.62,9.01,0.79,ETF
FLIA,American Century High-Yield Fund I Class,World Bond,American Century Investments,170669152.0,0.0025,,,-0.0174,-0.0053,0.0278,,,-1.29,0.71,4.65,0.34,ETF
FLIN,Aberdeen Short Duration High Yield Municipal Fund Institutional Class,,Aberdeen,27966498.0,0.0019,0.9992,0.0,0.1322,0.6418,0.1005,,,2.63,0.97,24.05,0.46,ETF
FLIY,American Century High-Yield Fund R Class,,American Century Investments,4243902.0,0.0009,0.9918,0.0,0.1419,0.5157,0.0769,,,-2.12,1.36,26.41,0.38,ETF
FLJH,American Century High-Yield Fund A Class,,American Century Investments,23909412.0,0.0009,,,0.0587,0.3513,0.067,,,1.18,0.78,17.32,0.38,ETF
FLJP,American Century Inflation-Adjusted Bond Fund R6 Class,,American Century Investments,602296704.0,0.0009,0.9983,0.0,0.0195,0.2601,0.0675,,,-0.48,0.75,15.4,0.4,ETF
FLKR,Aberdeen Global Infrastructure Fund Class A,,Aberdeen,75317560.0,0.0009,0.9979,0.0,0.0747,0.7602,0.1155,,,1.53,1.2,24.1,0.5,ETF
FLLA,Aberdeen Realty Income & Growth Fund Class A,,Aberdeen,5001382.0,0.0019,0.9909,0.0,0.0665,0.4859,,,,,,,,ETF
FLLV,American Century Inflation Adjusted Bond Fund I Class,,American Century Investments,152130480.0,0.0029,0.9941,0.0,0.0936,0.2852,0.1669,,,0.58,0.88,16.79,0.93,ETF
FLM,American Century Inflation Adjusted Bond Fund R5 Class,Industrials,American Century Investments,10797301.0,0.007,0.9952,0.0,0.1047,0.3281,0.0107,0.0573,0.0369,-14.02,1.17,22.88,0.11,ETF
FLMB,American Century Inflation Adjusted Bond Fund R Class,Muni National Long,American Century Investments,129443192.0,0.003,,,0.0043,0.0406,0.0624,,,0.21,1.24,5.14,0.98,ETF
FLMI,American Century Inflation Adjusted Bond Fund A Class,Muni National Interm,American Century Investments,49706036.0,0.003,,,0.0318,0.0877,0.0588,,,0.16,1.14,4.7,0.97,ETF
FLMX,American Century Inflation Adjusted Bond Fund Y Class,,American Century Investments,6046893.0,0.0019,0.9972,0.0,0.1261,0.547,0.0511,,,-3.3,1.32,28.68,0.29,ETF
FLN,American Funds Intermediate Bond Fund of America Class A,Latin America Stock,American Funds,11135348.0,0.008,,,0.0516,0.4176,0.0682,0.0819,-0.0082,-2.59,1.49,32.93,0.34,ETF
FLOT,American Century International Bond Fund A Class,Ultrashort Bond,American Century Investments,6488097792.0,0.002,,,0.004,0.0105,0.0184,0.0185,0.0133,-0.08,0.18,2.43,0.26,ETF
FLQD,American Century International Bond Fund G Class,,American Century Investments,27770852.0,0.0045,0.9981,0.0,0.1187,0.3644,0.1219,0.0959,,-1.18,0.93,17.46,0.68,ETF
FLQE,American Century International Bond Fund I Class,Diversified Emerging Mkts,American Century Investments,25170364.0,0.0045,0.9902,0.0,0.0751,0.3067,0.0559,0.0664,,-2.5,0.89,16.75,0.34,ETF
FLQG,Cavanal Hill Active Core Fund Institutional Class,,Cavanal Hill funds,15927485.0,0.0035,0.9982,0.0,0.1211,0.325,0.1345,0.1243,,0.34,0.88,16.04,0.79,ETF
FLQH,Cavanal Hill Bond Fund Institutional Class,Foreign Large Blend,Cavanal Hill funds,16742724.0,0.004,0.998,0.0,0.1155,0.2385,0.0926,0.0897,,1.96,0.68,13.09,0.63,ETF
FLQL,American Century International Bond Fund R Class,Large Blend,American Century Investments,1361965952.0,0.0015,0.9993,0.0,0.1385,0.3626,0.1561,,,-0.89,0.9,17.04,0.88,ETF
FLQM,American Century International Bond Fund Y Class,Mid-Cap Blend,American Century Investments,44027132.0,0.003,0.9995,0.0,0.1648,0.4609,0.1722,,,-1.46,1.03,19.63,0.85,ETF
FLQS,AB Intermediate California Municipal Portfolio Class A,Small Blend,AllianceBernstein,19092720.0,0.0035,0.9996,0.0,0.2036,0.551,0.1074,,,-7.76,1.11,22.26,0.54,ETF
FLRG,American Funds Investment Company of America Class C,,American Funds,9571783.0,0.0029,0.9985,0.0,0.1215,,,,,,,,,ETF
FLRN,American Funds Investment Company of America Class F-1,Ultrashort Bond,American Funds,2481560576.0,0.0015,,,0.0038,0.0116,0.0182,0.0191,,-0.06,0.17,2.33,0.27,ETF
FLRT,American Century Disciplined Core Value Fund R5 Class,Bank Loan,American Century Investments,31787812.0,0.0069,,,0.0177,0.0847,0.0364,0.039,,2.35,0.12,6.24,0.45,ETF
FLRU,American Century Disciplined Core Value Fund R Class,,American Century Investments,17574408.0,0.0019,,,0.1743,0.3571,0.1513,,,4.48,1.37,27.97,0.59,ETF
FLSA,AB Intermediate California Municipal Portfolio Advisor Class,,AllianceBernstein,3230397.0,0.0039,0.9946,0.0,0.2364,0.4561,,,,,,,,ETF
FLSP,AB Intermediate Diversified Municipal Portfolio Class A,,AllianceBernstein,53915292.0,0.0065,,,0.0271,-0.0447,,,,,,,,ETF
FLSW,American Century International Bond Fund R6 Class,,American Century Investments,53403776.0,0.0009,0.9977,0.0,0.0892,0.2888,0.1529,,,9.34,0.66,13.68,1.11,ETF
FLTB,American Century International Bond Fund R5 Class,Short-Term Bond,American Century Investments,416165568.0,0.0036,,,-0.0054,0.0116,0.0415,0.0253,,0.71,0.53,2.92,0.99,ETF
FLTR,AB Intermediate Diversified Municipal Portfolio Advisor Class,Ultrashort Bond,AllianceBernstein,622831872.0,0.0014,,,0.0067,0.0232,0.0237,0.0247,0.0166,-0.01,0.3,4.21,0.29,ETF
FLTW,AB Intermediate Diversified Municipal Portfolio Class Z,,AllianceBernstein,43366468.0,0.0019,0.9994,0.0,0.1859,0.706,0.2226,,,12.81,0.93,20.65,1.01,ETF
FLUD,American Beacon International Equity Fund Class A,,American Beacon,2489151.0,0.0015,,,0.0021,,,,,,,,,ETF
FLV,Invesco International Growth Fund Class C,Large Value,Invesco,248814592.0,0.0042,0.9974,0.0,0.1153,0.3541,,,,,,,,ETF
FLYT,Alger Emerging Markets Fund Class I,Allocation--30% to 50% Equity,Alger,14530023.0,0.0037,,,-0.0543,-0.0278,,,,,,,,ETF
FLZA,Cavanal Hill Strategic Enhanced Yield Fund Institutional,,Cavanal Hill funds,2854566.0,0.0019,0.9992,0.0,0.2283,0.7173,,,,,,,,ETF
FMAG,Invesco International Growth Fund Class R,Large Growth,Invesco,31065244.0,0.0059,1.0,0.0,,,,,,,,,,ETF
FMAR,Invesco International Growth Fund R5 Class,,Invesco,59441812.0,0.0085,,,,,,,,,,,,ETF
FMAT,Cavanal Hill Moderate Duration Fund Institutional Class,Natural Resources,Cavanal Hill funds,565924352.0,0.00084,0.9982,0.0,0.1607,0.5242,0.1339,0.1416,,-2.68,1.19,23.14,0.6,ETF
FMAY,Aberdeen Global Infrastructure Fund Institutional Class,,Aberdeen,65152644.0,0.0085,0.9938,0.0,0.0218,,,,,,,,,ETF
FMB,Alger International Focus Fund Class I,Muni National Interm,Alger,2246448128.0,0.005,,,0.02,0.0634,0.0529,0.0375,,-0.81,1.27,5.21,0.78,ETF
FMF,Alger Growth & Income Portfolio I-2,Managed Futures,Alger,58171064.0,0.0095,,,0.0768,0.103,0.0102,0.0103,,-1.9,0.12,6.03,-0.03,ETF
FMHI,Virtus AllianzGl Income & Growth Fund Class P,,Virtus,225449248.0,0.0055,,,0.0505,0.1715,0.0695,,,-0.6,1.71,7.8,0.74,ETF
FMIL,Aberdeen Realty Income & Growth Fund Institutional Class,Large Blend,Aberdeen,64246880.0,0.0059,1.0,0.0,0.2136,0.5025,,,,,,,,ETF
FMNY,Horizon Active Income Fund Class A,,Horizon Investments,,0.005,,,,,,,,,,,,ETF
FNCL,Invesco International Growth Fund Class A,Financial,Invesco,1762491904.0,0.00084,0.9974,0.0,0.2514,0.6135,0.1286,0.1624,,-3.71,1.27,25.13,0.56,ETF
FNDA,Timber Point Alternative Income Fund Institutional Class Shares,Small Blend,Crow Point,4640305152.0,0.0025,0.9992,0.0,0.2709,0.7359,0.1251,0.1471,,-9.35,1.34,27.01,0.53,ETF
FNDB,Virtus AllianzGI International Small-Cap Fund Class R6,Large Value,Virtus,369908320.0,0.0025,0.9993,0.0,0.2205,0.5318,0.1596,0.1514,,-3.52,1.1,21.14,0.75,ETF
FNDC,Invesco International Growth Fund Class Y,Foreign Small/Mid Value,Invesco,2675718656.0,0.0039,0.9911,0.0002,0.1345,0.4534,0.0673,0.1031,,-3.18,1.13,20.4,0.36,ETF
FNDE,American Beacon International Equity Fund Class C,Diversified Emerging Mkts,American Beacon,4752213504.0,0.0039,,,0.1479,0.4137,0.0868,0.1157,,-1.12,1.09,20.39,0.44,ETF
FNDF,Cavanal Hill Hedged Income Fund Institutional,Foreign Large Value,Cavanal Hill funds,6748741120.0,0.0025,0.9974,0.0,0.1457,0.4344,0.0746,0.1011,,-2.6,1.13,20.48,0.38,ETF
FNDX,AB Intermediate Diversified Municipal Portfolio Class C,Large Value,AllianceBernstein,7162112512.0,0.0025,0.9989,0.0,0.2181,0.5185,0.1634,0.151,,-3.04,1.08,20.73,0.78,ETF
FNGD,Horizon Active Income Fund Investor Class,Trading--Inverse Equity,Horizon Investments,43901048.0,0.0095,1.0,0.0,-0.4979,-0.9004,-0.7873,,,-74.91,-2.59,70.36,-1.72,ETF
FNGS,AQR International Momentum Style Fund Class I,Technology,AQR Funds,76346592.0,0.0058,1.0,0.0,0.1512,0.7616,,,,,,,,ETF
FNGU,American Century Inflation-Adjusted Bond Fund G Class,Trading--Leveraged Equity,American Century Investments,1987731328.0,0.0095,1.0,0.0,0.3331,3.0694,0.742,,,25.93,3.85,90.72,1.04,ETF
FNI,Ariel International Institutional Class,Miscellaneous Region,Ariel Investments,243981440.0,0.006,0.9976,0.0,0.0588,0.5422,0.1804,0.1932,0.1068,7.88,1.12,23.64,0.77,ETF
FNK,American Century Inflation Adjusted Bond Fund C Class,Small Value,American Century Investments,148849136.0,0.007,1.0,0.0,0.2486,0.6366,0.0919,0.1155,0.0967,-13.98,1.5,30.82,0.41,ETF
FNOV,Ariel International Fund Investor Class,,Ariel Investments,170427056.0,0.0085,0.9915,0.0,0.0734,0.2304,,,,,,,,ETF
FNX,Columbia Income Opportunities Fund Class A,Mid-Cap Blend,Columbia Threadneedle,1034784704.0,0.006,0.9997,0.0,0.2077,0.618,0.1477,0.1586,0.1193,-7.37,1.33,26.15,0.62,ETF
FNY,American Century International Opportunities Fund Class C,Mid-Cap Growth,American Century Investments,444588448.0,0.007,1.0,0.0,0.1525,0.5808,0.2051,0.2052,0.141,0.31,1.14,23.61,0.86,ETF
FOCT,American Century International Opportunities Fund Investor Class,,American Century Investments,52241724.0,0.0085,,,0.0652,,,,,,,,,ETF
FOMO,AQR International Momentum Style Fund Class N,,AQR Funds,,0.009,,,,,,,,,,,,ETF
FORH,Cavanal Hill Opportunistic Fund Institutional,,Cavanal Hill funds,17700930.0,0.012,1.0,0.0,,,,,,,,,,ETF
FPA,American Century International Opportunities Fund Class R,Pacific/Asia ex-Japan Stk,American Century Investments,21880288.0,0.008,0.9963,0.0,0.157,0.522,0.0637,0.0871,0.0464,-3.62,1.2,22.38,0.34,ETF
FPE,American Century International Bond Fund C Class,Preferred Stock,American Century Investments,7034221056.0,0.0085,,,0.0434,0.1719,0.0822,0.0725,,3.58,0.94,11.92,0.62,ETF
FPEI,Horizon Active Income Fund Class I,Preferred Stock,Horizon Investments,379459712.0,0.0085,,,0.0374,0.152,0.0832,,,4.09,0.83,11.03,0.68,ETF
FPFD,Cavanal Hill Limited Duration Fund Institutional Class,Preferred Stock,Cavanal Hill funds,5023738.0,0.0059,,,,,,,,,,,,ETF
FPRO,Alger SmallCap Growth Institutional Fund Class Z-2,Real Estate,Alger,14720710.0,0.0059,1.0,0.0,,,,,,,,,,ETF
FPXE,Invesco Limited Term Municipal Income Fund Class A2,Europe Stock,Invesco,6000902.0,0.007,0.9985,0.0,0.0404,0.2883,,,,,,,,ETF
FPXI,Cavanal HillUltra Short Tax-Free Income Fund Institutional,Foreign Large Growth,Cavanal Hill funds,1255508224.0,0.007,0.9982,0.0,-0.0027,0.353,0.2613,0.2383,,15.73,0.88,19.22,1.24,ETF
FQAL,Virtus NFJ International Value Fund Administrative Class,Large Blend,Virtus,212236656.0,0.0029,0.9993,0.0,0.1559,0.3727,0.1699,,,-0.81,0.96,17.86,0.9,ETF
FRAK,American Funds International Vantage Fund Class A,Equity Energy,American Funds,19285858.0,0.0054,0.9959,0.0,0.74,1.0517,-0.0743,-0.0326,,-29.72,2.74,59.43,0.15,ETF
FRDM,American Funds International Vantage Fund Class C,,American Funds,59912088.0,0.0049,0.9938,0.0,0.0773,0.5864,,,,,,,,ETF
FREL,American Funds International Vantage Fund Class F-1,Real Estate,American Funds,1671328896.0,0.00085,0.9986,0.0,0.2156,0.3465,0.119,0.083,,-0.14,0.85,18.5,0.64,ETF
FRI,American Funds International Vantage Fund Class F-2,Real Estate,American Funds,113474456.0,0.005,0.9983,0.0,0.2143,0.3711,0.0935,0.0556,0.0867,-2.88,0.9,19.63,0.5,ETF
FRTY,American Funds International Vantage Fund Class F-3,Mid-Cap Growth,American Funds,26604560.0,0.006,,,,,,,,,,,,ETF
FSEC,AB International Value Fund Class I,Intermediate-Term Bond,AllianceBernstein,9953238.0,0.0036,,,,,,,,,,,,ETF
FSEP,American Century International Opportunities Fund Class A,,American Century Investments,35957424.0,0.0085,0.9929,0.0,0.0606,,,,,,,,,ETF
FSMB,AB International Value Fund Class R,Muni National Short,AllianceBernstein,123274120.0,0.0045,,,0.0113,0.0341,,,,,,,,ETF
FSMD,American Century International Growth Fund C Class,,American Century Investments,57377992.0,0.0029,0.9977,0.0,0.1806,0.5991,,,,,,,,ETF
FSMO,Cavanal Hill World Energy Fund Institutional,,Cavanal Hill funds,21102672.0,0.0064,1.0,0.0,,,,,,,,,,ETF
FSST,Cavanal Hill Mid Cap Diverse Leadership Fund Institutional Shares,,Cavanal Hill funds,,0.0059,,,,,,,,,,,,ETF
FSTA,Aberdeen Emerging Markets Debt Fund Class A,Consumer Defensive,Aberdeen,802836800.0,0.00084,0.9977,0.0,0.0598,0.253,0.1395,0.0809,,4.15,0.62,13.78,0.93,ETF
FSZ,Aberdeen Emerging Markets Debt Fund Class C,Miscellaneous Region,Aberdeen,106540200.0,0.008,0.9966,0.0,0.1107,0.3769,0.1156,0.1339,,2.3,0.96,17.92,0.62,ETF
FTA,Aberdeen Emerging Markets Debt Fund Institutional Class,Large Value,Aberdeen,1053707456.0,0.006,0.9996,0.0,0.2024,0.4706,0.1008,0.1262,0.1073,-10.92,1.28,25.35,0.46,ETF
FTAG,Aberdeen Emerging Markets Debt Fund Class R,Natural Resources,Aberdeen,5655042.0,0.007,0.9995,0.0,0.1368,0.5707,0.0653,0.0981,-0.1302,-9.29,1.24,24.15,0.34,ETF
FTC,Aberdeen Emerging Markets Debt Fund Institutional Service Class,Large Growth,Aberdeen,1191171072.0,0.006,0.9995,0.0,0.136,0.4336,0.1907,0.1768,0.1446,0.29,1.02,20.24,0.91,ETF
FTCS,AB Income Fund Class A,Large Blend,AllianceBernstein,8125747200.0,0.0056,0.9996,0.0,0.1264,0.3079,0.1531,0.1512,0.136,-1.14,0.88,16.76,0.86,ETF
FTEC,AB Income Fund Class C,Technology,AllianceBernstein,5952836096.0,0.00084,0.999,0.0,0.1312,0.4434,0.3012,0.3089,,12.35,1.09,21.61,1.28,ETF
FTGC,Akre Focus Fund Retail Class,Commodities Broad Basket,Akre,1621286912.0,0.0095,,,0.2235,0.5214,0.051,0.0236,,1.03,0.96,15.34,0.3,ETF
FTHI,Akre Focus Fund Institutional Class,,Akre,47558760.0,0.0085,,,0.1118,0.1801,0.034,0.0674,,-10.33,0.77,15.3,0.22,ETF
FTLB,Akre Focus Fund Supra Institutional Class,,Akre,9687709.0,0.0085,0.992,0.0,0.0825,0.1147,0.0169,0.053,,-5.95,0.5,10.37,0.11,ETF
FTLS,Invesco Income Allocation Fund Class A,Long-Short Equity,Invesco,374086784.0,0.0155,,,0.1158,0.1906,0.0833,0.0958,,-1.95,0.52,10.57,0.69,ETF
FTRI,ALPS/Smith Balanced Opportunity Fund Class A,Natural Resources,ALPS,35869808.0,0.007,0.9998,0.0,0.2568,0.5747,0.1112,0.1173,-0.0685,-4.94,1.2,24.28,0.49,ETF
FTSD,Alger Focus Equity Fund Class A,Short Government,Alger,472083744.0,0.0025,,,-0.0032,0.003,0.0217,0.0158,,0.41,0.13,0.7,1.39,ETF
FTSL,Alger Capital Appreciation Institutional Fund Class I,Bank Loan,Alger,2328055040.0,0.0086,,,0.0244,0.0984,0.0419,0.0404,,2.65,0.1,6.8,0.45,ETF
FTSM,Invesco Income Allocation Fund Class Y,Ultrashort Bond,Invesco,4442364416.0,0.0025,,,0.0007,0.0052,0.0166,0.0161,,-0.05,0.12,1.31,0.34,ETF
FTXD,Alger Growth & Income Fund Class A,Consumer Cyclical,Alger,11895263.0,0.006,0.9986,0.0,0.2105,0.4644,0.1518,,,1.21,1.0,20.72,0.74,ETF
FTXG,Alger Growth & Income Fund Class C,Consumer Defensive,Alger,6414728.0,0.006,0.9963,0.0,0.1133,0.3507,0.1005,,,-0.4,0.74,15.79,0.63,ETF
FTXH,AB Municipal Income Fund California Portfolio Class A,Health,AllianceBernstein,21984978.0,0.006,0.9956,0.0,0.0094,0.1479,0.0694,,,-5.06,0.87,18.19,0.39,ETF
FTXL,ALPS/Smith Balanced Opportunity Fund Class C,Technology,ALPS,82035400.0,0.006,0.9994,0.0,0.1459,0.5654,0.301,,,10.83,1.28,26.75,1.07,ETF
FTXN,Alger Capital Appreciation Fund Class C,Equity Energy,Alger,69558872.0,0.006,0.9952,0.0,0.5784,0.7134,-0.0776,,,-28.39,2.02,43.04,,ETF
FTXO,Alger Focus Equity Fund Class C,Financial,Alger,238713712.0,0.006,0.9948,0.0,0.3138,0.79,0.0618,,,-10.46,1.51,33.86,0.32,ETF
FTXR,AB Large Cap Growth Fund Class K,Industrials,AllianceBernstein,1186244096.0,0.006,0.9995,0.0,0.2142,0.7689,0.1289,,,-6.22,1.54,29.95,0.51,ETF
FUMB,Virtus NFJ Large-Cap Value Fund Class P,Muni National Short,Virtus,154286784.0,0.0025,,,0.0032,0.011,,,,,,,,ETF
FUNL,AB Municipal Income Fund California Portfolio Advisor Class,,AllianceBernstein,102563488.0,0.005,,,0.1965,,,,,,,,,ETF
FUT,Alger International Focus Fund Class Z,Managed Futures,Alger,4673359.0,0.0076,,,0.0095,0.0266,0.0142,0.0075,,1.08,-0.06,4.51,0.06,ETF
FUTY,Columbia Limited Duration Credit Fund Class A,Utilities,Columbia Threadneedle,1031806208.0,0.00084,0.998,0.0,0.027,0.1609,0.096,0.0727,,3.48,0.4,14.92,0.61,ETF
FV,Lord Abbett Alpha Strategy Fund Class A,Large Growth,Lord Abbett,2756991232.0,0.0088,0.9986,0.0,0.1707,0.4728,0.1746,0.1676,,-2.6,1.12,21.8,0.79,ETF
FVAL,Lord Abbett Alpha Strategy Fund Class C,Large Value,Lord Abbett,405925120.0,0.0029,0.9987,0.0,0.1915,0.449,0.1563,,,-3.74,1.1,20.8,0.76,ETF
FVC,Lord Abbett Alpha Strategy Fund Class F,Large Growth,Lord Abbett,229059248.0,0.0079,0.9934,0.0,0.1697,0.472,0.1038,0.1248,,-6.18,0.94,19.14,0.55,ETF
FVD,Lord Abbett Alpha Strategy Fund Class R4,Large Value,Lord Abbett,11805288448.0,0.007,0.9995,0.0,0.1448,0.3403,0.121,0.1057,0.1212,-2.78,0.81,16.24,0.71,ETF
FWDB,Lord Abbett Alpha Strategy Fund Class F3,Multisector Bond,Lord Abbett,5580871.0,0.0127,,,-0.0034,0.0346,0.0394,0.0364,0.0351,1.05,0.43,4.43,0.64,ETF
FXA,Lord Abbett Alpha Strategy Fund Class R2,Single Currency,Lord Abbett,134374432.0,0.004,,,-0.0301,0.0816,0.0059,0.0052,-0.0228,-6.45,15.42,10.36,,ETF
FXB,Lord Abbett Alpha Strategy Fund Class R3,Single Currency,Lord Abbett,166533232.0,0.004,,,0.0099,0.1121,0.0137,0.005,-0.0176,-1.56,4.7,8.14,0.05,ETF
FXC,Lord Abbett Alpha Strategy Fund Class R5,Single Currency,Lord Abbett,210060864.0,0.004,,,0.0238,0.0904,0.0222,0.0093,-0.0241,-1.33,6.25,6.94,0.18,ETF
FXD,Lord Abbett Alpha Strategy Fund Class R6,Consumer Cyclical,Lord Abbett,1851152512.0,0.0063,0.9991,0.0,0.195,0.6294,0.1358,0.1344,0.1168,-5.39,1.53,29.36,0.55,ETF
FXF,Lord Abbett Alpha Strategy Fund Class I,Single Currency,Lord Abbett,259744560.0,0.004,,,-0.0492,0.0117,0.011,-0.0008,-0.0183,-1.58,4.32,6.35,0.04,ETF
FXG,Alger International Focus Fund Class A,Consumer Defensive,Alger,268002336.0,0.0063,0.9994,0.0,0.1119,0.255,0.0855,0.0502,0.1029,-1.91,0.73,16.45,0.51,ETF
FXH,Alger International Focus Fund Class C,Health,Alger,1521731840.0,0.0061,0.9993,0.0,0.0866,0.2984,0.1642,0.1472,0.1468,4.25,0.82,18.82,0.84,ETF
FXI,Alger Focus Equity Fund Class I,,Alger,4489885696.0,0.0074,0.9977,0.0,-0.0032,0.2276,0.021,0.0941,0.0285,-3.1,0.7,17.38,0.1,ETF
FXL,Alger Focus Equity Fund Class Y,Technology,Alger,2607932928.0,0.0061,0.9995,0.0,0.1103,0.4888,0.3049,0.3083,0.1851,11.38,1.24,24.95,1.15,ETF
FXN,Alger Responsible Investing Fund Class Z,Equity Energy,Alger,364424832.0,0.0064,0.9973,0.0,0.4403,0.8341,-0.0965,-0.0307,-0.053,-33.09,2.68,57.94,0.08,ETF
FXO,AB Limited Duration High Income Portfolio Class A,Financial,AllianceBernstein,1390161408.0,0.0062,0.9994,0.0,0.2846,0.7573,0.1455,0.1609,0.1366,-2.26,1.32,27.02,0.6,ETF
FXP,AB Limited Duration High Income Portfolio Class C,Trading--Inverse Equity,AllianceBernstein,16239543.0,0.0095,,,-0.0993,-0.4271,-0.2498,-0.2804,-0.2344,-6.09,-1.01,33.83,-0.71,ETF
FXR,AB Limited Duration High Income Portfolio Class K,Industrials,AllianceBernstein,1798567296.0,0.0064,0.9998,0.0,0.1787,0.5698,0.1591,0.176,0.1281,-2.55,1.4,26.41,0.65,ETF
FXU,AB Limited Duration High Income Portfolio Class R,Utilities,AllianceBernstein,175121520.0,0.0062,0.9989,0.0,0.0628,0.1916,0.0761,0.0519,0.0837,0.01,0.51,14.57,0.5,ETF
FXY,AB Limited Duration High Income Portfolio Advisor Class,Single Currency,AllianceBernstein,182357184.0,0.004,,,-0.0736,-0.034,-0.0068,-0.0197,-0.0362,-3.86,5.12,5.03,-0.34,ETF
FXZ,ALPS/Smith Balanced Opportunity Fund Investor Class,Natural Resources,ALPS,514360896.0,0.0067,0.9988,0.0,0.2014,0.6827,0.1304,0.1383,0.1022,-4.67,1.38,27.2,0.54,ETF
FYC,AB Limited Duration High Income Portfolio Class I,Small Growth,AllianceBernstein,435811232.0,0.0071,1.0,0.0,0.1879,0.7297,0.1494,0.1878,0.1369,-6.27,1.29,26.91,0.61,ETF
FYLD,AB Large Cap Growth Fund Class I,Foreign Small/Mid Value,AllianceBernstein,34519456.0,0.0059,,,0.1807,0.5176,0.0846,0.1151,,-2.32,1.22,22.21,0.4,ETF
FYT,Alger Weatherbie Specialized Growth Fund Class A,Small Value,Alger,323162176.0,0.007,1.0,0.0,0.2302,0.7073,0.1131,0.14,0.1083,-13.26,1.6,33.05,0.46,ETF
FYX,Alger Weatherbie Specialized Growth FundClass C,Small Blend,Alger,988391424.0,0.0061,0.9995,0.0,0.2154,0.732,0.1326,0.1621,0.122,-9.83,1.44,29.05,0.54,ETF
GAA,Invesco Short Duration Inflation Protected Fund Class R5,World Allocation,Invesco,54271560.0,0.0037,,,0.1022,0.2776,0.093,0.0861,,-1.29,0.95,11.28,0.73,ETF
GAL,Alger Mid Cap Growth Institutional Fund Class I,Allocation--50% to 70% Equity,Alger,283625088.0,0.0035,,,0.0861,0.2751,0.0958,0.0929,,-2.91,1.17,13.43,0.66,ETF
GAMR,Alger MidCap Growth Institutional Fund Class Z-2,Technology,Alger,143478720.0,0.0075,,,0.2093,0.6805,0.2601,0.2905,,15.93,0.74,30.13,0.87,ETF
GAZ,AB Municipal Income Fund National Portfolio Class C,,AllianceBernstein,5230272.0,0.0045,,,0.3817,0.2839,-0.205,,,-17.81,1.03,46.98,-0.3,ETF
GBDV,Virtus NFJ Large-Cap Value Fund Administrative Class,,Virtus,2662585.0,0.0029,0.9984,0.0,0.2295,0.5633,,,,,,,,ETF
GBF,AB Municipal Income Fund New York Portfolio Advisor Class,Intermediate-Term Bond,AllianceBernstein,159124000.0,0.002,,,-0.0228,-0.0093,0.0574,0.0302,0.0352,-0.53,1.22,4.27,1.06,ETF
GBGR,AB Municipal Income Fund New York Portfolio Class A,Mid-Cap Growth,AllianceBernstein,1235320.0,0.0029,0.9994,0.0,0.0967,,,,,,,,,ETF
GBIL,Virtus AllianzGI International Small-Cap Fund Institutional Class,Ultrashort Bond,Virtus,1775812864.0,0.0012,,,-0.0001,0.0001,0.0138,,,0.13,,0.38,0.59,ETF
GBLD,Virtus AllianzGI International Small-Cap Fund Class P,,Virtus,5032722.0,0.0039,0.9946,0.0,,,,,,,,,,ETF
GBLO,Alger Mid Cap Focus Fund Class Y,Large Value,Alger,1187775.0,0.0029,0.9991,0.0,0.1112,,,,,,,,,ETF
GBUG,American Century Investments Focused Large Cap Value Fund A Class,,American Century Investments,39595136.0,,,,-0.0741,-0.0349,,,,,,,,ETF
GCOR,ALPS/Smith Balanced Opportunity Fund Class I,Intermediate-Term Bond,ALPS,213196352.0,0.0014,,,-0.0179,,,,,,,,,ETF
GCOW,American Century Investments Focused Large Cap Value Fund C Class,,American Century Investments,142245488.0,0.006,0.9976,0.0,0.1244,0.3339,0.0582,0.0756,,-7.24,1.01,19.19,0.32,ETF
GDMA,Alger Small Cap Growth Fund Class A,,Alger,121213328.0,0.0078,,,0.0668,0.3114,,,,,,,,ETF
GDXD,Alger Small Cap Growth Fund Class B,Trading--Inverse Commodities,Alger,19566166.0,0.0095,0.9972,0.0,-0.1269,,,,,,,,,ETF
GDXJ,AMG River Road International Value Equity Fund Class I,Equity Precious Metals,AMG Funds,5234781696.0,0.0052,0.9977,0.0,-0.1381,-0.0422,0.1357,0.0345,-0.0851,4.16,1.1,42.01,0.46,ETF
GDXU,Archer Multi Cap Fund,Trading--Leveraged Commodities,Archer,31711902.0,0.0095,0.9972,0.0,-0.3666,,,,,,,,,ETF
GEM,Alger Small Cap Growth Institutional Fund Class I,Diversified Emerging Mkts,Alger,1440090496.0,0.0045,0.9986,0.0,0.0747,0.3735,0.0966,0.1138,,0.71,0.93,17.77,0.53,ETF
GENY,FS Alternative Income Opportunities Fund Class I,,FS Investments,126399256.0,0.0045,0.9953,0.0,0.1486,0.5829,0.225,,,5.7,1.16,22.35,0.98,ETF
GERM,FS Alternative Income Opportunities Fund Class A,,FS Investments,54981400.0,0.0068,0.9739,0.0205,0.2125,,,,,,,,,ETF
GGRW,AB Municipal Income Fund National Portfolio Advisor Class,,AllianceBernstein,3520663.0,0.009,,,,,,,,,,,,ETF
GHYB,American Beacon Large Cap Value Fund Class A,High Yield Bond,American Beacon,198976672.0,0.0034,,,0.0173,0.1178,0.0669,,,3.34,0.56,8.22,0.68,ETF
GIGB,American Century Investments Focused Large Cap Value Fund R6 Class,,American Century Investments,728574592.0,0.0014,,,-0.0477,0.0688,0.0625,,,-0.15,1.52,6.68,0.72,ETF
GIGE,American Century Investments Focused Large Cap Value Fund R5 Class,,American Century Investments,38970344.0,0.0059,0.9919,0.0,0.0657,0.6418,,,,,,,,ETF
GII,American Century Investments Focused Large Cap Value Fund Investor Class,Infrastructure,American Century Investments,422522752.0,0.004,0.9964,0.0,0.0555,0.2222,0.0494,0.0545,0.0549,-8.01,0.97,19.8,0.28,ETF
GINN,Alger Capital Appreciation Portfolio Class I-2,Technology,Alger,472143296.0,0.005,0.9975,0.0,0.1258,,,,,,,,,ETF
GK,American Beacon ARK Transformational Innovation Fund R6 Class,Large Growth,American Beacon,,0.0081,,,,,,,,,,,,ETF
GLCN,Invesco Balanced-Risk Allocation Fund Class R6,China Region,Invesco,37894100.0,0.006,,,0.0192,0.3337,0.128,0.1036,0.0392,5.58,0.83,21.36,0.62,ETF
GLD,American Century Investments Focused Large Cap Value Fund R Class,,American Century Investments,59261841408.0,0.004,,,-0.0714,-0.0104,0.1176,0.0554,0.0127,10.64,0.09,15.04,0.73,ETF
GLDB,American Century Investments Focused Large Cap Value Fund I Class,Nontraditional Bond,American Century Investments,2412971.0,0.0079,0.1069,0.8931,,,,,,,,,,ETF
GLDI,American Century Disciplined Core Value Fund Class A,,American Century Investments,102477456.0,0.0065,,,-0.0671,-0.0153,0.1052,0.046,,9.04,0.06,11.07,0.84,ETF
GLDM,Amana Mutual Funds Trust Growth Fund Investor,,Amana,4602291712.0,0.0018,,,-0.0005,0.0961,,,,,,,,ETF
GLIF,Amana Mutual Funds Trust Income Fund Investor,Infrastructure,Amana,4028154.0,0.0046,,,0.1369,0.1852,,,,,,,,ETF
GLIN,Amana Participation Fund Investor Shares,India Equity,Amana,75047096.0,0.0094,0.9969,0.0,0.1873,0.6118,-0.068,-0.0115,-0.0411,-11.42,1.0,32.05,-0.07,ETF
GLL,AB Municipal Income Fund II Massachusetts Portfolio Advisor Class,Trading--Inverse Commodities,AllianceBernstein,32835246.0,0.0132,,,0.114,-0.0247,-0.228,-0.131,-0.0973,-23.35,0.03,27.4,-0.85,ETF
GLRY,American Funds American Balanced Fund Class F-2,Small Growth,American Funds,44673488.0,0.0085,0.9919,0.0,0.1298,,,,,,,,,ETF
GLTR,American Beacon Mid-Cap Value Fund C Class,,American Beacon,1020525568.0,0.006,,,-0.0253,0.1547,0.1616,0.0795,0.0023,13.39,0.41,16.91,0.88,ETF
GMF,American Funds AMCAP Fund Class F-2,Pacific/Asia ex-Japan Stk,American Funds,728634240.0,0.0049,0.9933,0.0,0.0613,0.3727,0.1257,0.146,0.0716,4.35,0.84,17.48,0.69,ETF
GMOM,Alger Mid Cap Growth Fund Class B,World Allocation,Alger,63286556.0,0.0093,,,0.1685,0.2963,0.0604,0.0728,,-1.41,0.67,9.75,0.54,ETF
GNMA,American Funds AMCAP Fund Class A,Intermediate Government,American Funds,505648864.0,0.0015,,,-0.0136,-0.0114,0.0333,0.0172,,0.61,0.35,2.09,1.02,ETF
GNOM,American Beacon Mid-Cap Value Fund Advisor Class,Health,American Beacon,251044512.0,0.005,0.9995,0.0,0.0538,0.4193,,,,,,,,ETF
GNR,Invesco Greater China Fund Class Y,Natural Resources,Invesco,2201807360.0,0.004,0.9975,0.0,0.1983,0.4775,0.0545,0.1066,0.0163,-10.66,1.26,24.38,0.29,ETF
GOAT,Alger Mid Cap Growth Fund Class Z,,Alger,19546560.0,0.0052,0.9991,0.0,0.1275,0.3396,,,,,,,,ETF
GOAU,American Beacon Mid-Cap Value Fund R6 Class,Equity Precious Metals,American Beacon,102635080.0,0.006,1.0,0.0,-0.0382,-0.0251,0.1719,,,6.99,1.06,39.86,0.55,ETF
GOEX,American Century Mid Cap Value Fund R6 Class,Equity Precious Metals,American Century Investments,51993808.0,0.0065,0.9986,0.0,-0.1137,0.0032,0.1353,0.0303,-0.0766,2.56,1.13,40.09,0.46,ETF
GOVT,Amana Mutual Funds Trust Developing World Fund Investor,Intermediate Government,Amana,17065084928.0,0.0005,0.0,0.9948,-0.0198,-0.0318,0.0458,0.0206,,-0.83,1.03,4.54,0.75,ETF
GOVZ,American Funds The Income Fund of America Class A,Long Government,American Funds,399090208.0,0.0015,0.0,0.9989,-0.1082,,,,,,,,,ETF
GQRE,American Funds The Income Fund of America Class F-2,Global Real Estate,American Funds,375258944.0,0.0045,,,0.1651,0.321,0.0545,0.0489,,-6.96,0.91,18.64,0.31,ETF
GREK,American Century Equity Growth Fund I Class,Miscellaneous Region,American Century Investments,161895744.0,0.0058,0.9995,0.0,0.0935,0.4381,0.0306,0.0756,,-8.04,1.6,33.74,0.2,ETF
GRES,AlphaSimplex Managed Futures Strategy Fund Class A,Natural Resources,Natixis Funds,21526258.0,0.0078,,,0.1164,0.2697,0.0544,0.0489,0.0127,-4.81,0.7,14.59,0.34,ETF
GRID,American Funds American Mutual Fund Class C,Miscellaneous Sector,American Funds,425897824.0,0.007,0.9994,0.0,0.1482,0.7023,0.2512,0.2286,0.1213,6.58,1.28,24.92,0.98,ETF
GRN,AAMA Equity Fund,,AAMA,61024408.0,,,,0.7613,1.0975,,,,,,,,ETF
GRNB,American Funds American Mutual Fund Class F-1,,American Funds,88493824.0,0.002,,,-0.0167,0.0206,0.0353,,,-1.39,0.96,4.37,0.5,ETF
GSEE,AAMA Income Fund,Diversified Emerging Mkts,AAMA,37967808.0,0.0036,0.9992,0.0,0.0738,0.384,,,,,,,,ETF
GSEU,AlphaSimplex Managed Futures Strategy Fund Class N,Europe Stock,Natixis Funds,20134118.0,0.0025,0.999,0.0,0.1354,0.3667,0.0958,0.11,,-0.04,1.03,18.54,0.51,ETF
GSEW,Alger Mid Cap Growth Fund Class A,Large Blend,Alger,775949056.0,0.0009,1.0,0.0,0.1696,0.467,0.1718,,,-2.52,1.1,20.8,0.81,ETF
GSID,Alger Mid Cap Growth Fund Class C,Foreign Large Blend,Alger,331665376.0,0.002,0.9991,0.0,0.0882,0.3208,,,,,,,,ETF
GSIE,American Century Disciplined Core Value Fund I Class,Foreign Large Blend,American Century Investments,2589396224.0,0.0025,0.9993,0.0,0.1092,0.341,0.0849,0.1045,,-0.71,0.98,17.44,0.48,ETF
GSIG,Alger Mid Cap Growth Portfolio Class I-2,Short-Term Bond,Alger,27625298.0,0.0014,,,-0.0004,,,,,,,,,ETF
GSJY,American High-Income Municipal Bond Fund Class A,Japan Stock,American Funds,22399658.0,0.0025,1.0,0.0,0.0071,0.2239,0.0666,0.095,,-0.22,0.7,14.4,0.43,ETF
GSLC,Invesco High Yield Fund Class A,Large Blend,Invesco,13078893568.0,0.0009,1.0,0.0,0.1429,0.3911,0.1816,0.1713,,-0.1,0.98,18.16,0.94,ETF
GSP,Amana Mutual Funds Trust Developing World Fund Institutional,Commodities Broad Basket,Amana,20610176.0,0.0075,,,0.404,0.7762,-0.0388,0.0126,-0.0776,-5.64,2.08,37.13,0.06,ETF
GSPY,Amana Mutual Funds Trust Growth Fund Institutional,Large Blend,Amana,45686312.0,0.005,0.9989,0.0,0.1544,,,,,,,,,ETF
GSSC,Amana Mutual Funds Trust Income Fund Institutional,Small Blend,Amana,428315104.0,0.002,1.0,0.0,0.2053,0.635,0.129,,,-7.46,1.22,24.62,0.57,ETF
GSST,Amana Participation Fund Institutional Shares,,Amana,271456224.0,0.0016,,,0.001,0.014,,,,,,,,ETF
GSUS,American Century Emerging Markets Fund I Class,Large Blend,American Century Investments,400820544.0,0.0007,1.0,0.0,0.1512,0.4225,,,,,,,,ETF
GSY,AlphaMark Fund,Ultrashort Bond,AlphaMark,2988199168.0,0.0022,,,0.0014,0.0086,0.0216,0.0209,0.0161,0.3,0.16,1.51,0.62,ETF
GTIP,MainGate MLP Fund Class A,Inflation-Protected Bond,MainGate Trust,103947792.0,0.0012,0.0,0.9986,0.017,0.0635,,,,,,,,ETF
GTO,Virtus AllianzGI Emerging Markets Consumer Fund Class A,,Virtus,778806464.0,0.005,,,-0.0019,0.0366,0.0736,0.0588,,1.28,1.17,5.08,1.19,ETF
GUNR,Aegon Emerging Markets Debt Fund Institutional Shares,Natural Resources,Aegon Asset Management US,5491100160.0,0.0046,,,0.192,0.4247,0.076,0.1084,,-7.92,1.17,22.65,0.38,ETF
GURU,Aegon Emerging Markets Debt Fund Investor Shares,Large Growth,Aegon Asset Management US,74119576.0,0.0075,0.9992,0.0,0.1222,0.4703,0.1738,0.1834,,-3.4,1.18,22.75,0.77,ETF
GUSH,AB Municipal Income Fund II Minnesota Portfolio Class A,Trading--Leveraged Equity,AllianceBernstein,902520832.0,0.0114,,,1.5208,1.8103,-0.8183,-0.6295,,-130.83,6.35,151.38,-0.12,ETF
GVAL,AB Municipal Income Fund II Minnesota Portfolio Class C,Foreign Small/Mid Value,AllianceBernstein,122442640.0,0.0065,,,0.0908,0.3418,0.0229,0.0774,,-8.55,1.34,24.95,0.16,ETF
GVIP,AQR Large Cap Momentum Style Fund Class I,Large Growth,AQR Funds,220974224.0,0.0045,1.0,0.0,0.1149,0.5465,0.231,,,1.56,1.17,23.01,0.97,ETF
GXC,AQR Large Cap Momentum Style Fund Class N,China Region,AQR Funds,1893200896.0,0.0059,0.9978,0.0,0.023,0.2774,0.0986,0.1562,0.0748,3.13,0.74,19.62,0.51,ETF
GXF,American Beacon Mid-Cap Value Fund Investor Class,Miscellaneous Region,American Beacon,37247176.0,0.0051,1.0,0.0,0.1351,0.4473,0.153,0.1176,0.0724,5.62,0.94,17.79,0.8,ETF
GXG,American Funds AMCAP Fund Class C,Miscellaneous Region,American Funds,37946912.0,0.0062,0.9987,0.0,-0.1309,0.2613,-0.0954,-0.0254,-0.0814,-20.98,1.71,34.34,-0.15,ETF
GXTG,American Funds AMCAP Fund Class F-1,,American Funds,101523416.0,0.005,0.998,0.0,0.1091,0.6754,,,,,,,,ETF
GYLD,American Growth Fund Series One Class A,World Allocation,American Growth,42417316.0,0.0075,,,0.1885,0.3998,0.0317,0.0322,,-15.01,1.93,24.21,0.19,ETF
HACK,American Growth Fund Series One Class B,Technology,American Growth,2270508032.0,0.006,1.0,0.0,0.054,0.365,0.1881,0.2127,,4.71,0.99,22.9,0.81,ETF
HAP,American Growth Fund Series One Class C,Natural Resources,American Growth,76142640.0,0.0049,0.9981,0.0,0.197,0.56,0.1043,0.1126,0.0382,-5.6,1.22,23.34,0.49,ETF
HART,American Growth Cannabis Fund Class E,Health,American Growth,6867152.0,0.0045,0.999,0.0,,,,,,,,,,ETF
HAUZ,American Funds American Mutual Fund Class F-2,Pacific/Asia ex-Japan Stk,American Funds,463717440.0,0.001,,,0.0895,0.2945,0.0354,0.0845,,-4.88,1.0,19.18,0.23,ETF
HAWX,American Growth Fund Series One Class D,Foreign Large Blend,American Growth,119330064.0,0.0035,,,0.1205,0.3046,0.1035,0.122,,2.16,0.81,14.8,0.66,ETF
HCRB,American Funds American Mutual Fund Class A,Intermediate-Term Bond,American Funds,158289088.0,0.0029,,,-0.016,-0.001,,,,,,,,ETF
HDAW,AB All Market Real Return Portfolio Class A,Foreign Large Value,AllianceBernstein,24533348.0,0.002,,,0.1122,0.2956,0.066,0.0726,,-3.06,1.03,18.59,0.35,ETF
HDEF,Columbia Capital Allocation Moderate Portfolio Class C,Foreign Large Value,Columbia Threadneedle,739357952.0,0.002,,,0.0772,0.254,0.0608,0.0735,,-3.04,0.99,18.04,0.34,ETF
HDG,AB All Market Real Return Portfolio Class I,,AllianceBernstein,44272552.0,0.0095,,,0.0445,0.1433,0.0569,0.0492,,-0.85,0.39,7.28,0.62,ETF
HDGE,AB All Market Real Return Portfolio Class K,Trading--Inverse Equity,AllianceBernstein,50658784.0,0.0336,,,-0.2416,-0.5262,-0.3341,-0.2632,-0.2044,-13.58,-1.34,28.13,-1.33,ETF
HDIV,AB All Market Real Return Portfolio Class 1,,AllianceBernstein,5302871.0,0.0075,0.9944,0.0,0.1375,0.3924,,,,,,,,ETF
HDLB,AB All Market Real Return Portfolio Class R,,AllianceBernstein,12677900.0,,,,0.1194,-0.3594,,,,,,,,ETF
HDMV,AB All Market Real Return Portfolio Class 2,Foreign Large Blend,AllianceBernstein,85140568.0,0.008,,,0.052,0.1601,0.0123,,,-6.14,0.78,14.67,0.07,ETF
HDRO,AB All Market Real Return Portfolio Advisor Class,,AllianceBernstein,29101970.0,0.003,0.9961,0.0,,,,,,,,,,ETF
HDV,AB All Market Real Return Portfolio Class Z,Large Value,AllianceBernstein,7035331072.0,0.0008,,,0.1205,0.2365,0.0836,0.0713,0.1014,-7.79,0.92,18.73,0.46,ETF
HEDJ,American Funds U.S. Government Securities Fund Class A,Europe Stock,American Funds,2001873024.0,0.0058,1.0,0.0,0.1665,0.2948,0.0871,0.1111,0.0871,-0.17,0.96,18.7,0.47,ETF
HEEM,American Century Mid Cap Value Fund R5 Class,Diversified Emerging Mkts,American Century Investments,220527312.0,0.007,,,0.0757,0.3485,0.1142,0.1217,,3.22,0.82,15.93,0.68,ETF
HEFA,American Century Mid Cap Value Fund R Class,Foreign Large Blend,American Century Investments,2834944768.0,0.0035,,,0.1369,0.2835,0.0962,0.1155,,1.46,0.83,15.86,0.58,ETF
HEGD,American Century Mid Cap Value Fund Y Class,,American Century Investments,58522024.0,0.0087,0.9909,0.0,0.0841,,,,,,,,,ETF
HELX,AB Global Bond Fund Class C,,AllianceBernstein,15278245.0,0.005,,,-0.0142,0.4736,,,,,,,,ETF
HERD,AB Global Bond Fund Class A,,AllianceBernstein,5188331.0,0.0073,0.9979,0.0,0.2242,0.5243,,,,,,,,ETF
HERO,AB Global Bond Fund Class I,,AllianceBernstein,669840576.0,0.005,1.0,0.0,0.0438,0.6005,,,,,,,,ETF
HEWC,AB Global Bond Fund Class K,Miscellaneous Region,AllianceBernstein,11538085.0,0.0054,,,0.1848,0.3464,0.1117,0.11,,2.69,0.87,17.05,0.63,ETF
HEWG,AB Global Bond Fund Class R,Miscellaneous Region,AllianceBernstein,65117772.0,0.0053,,,0.142,0.2553,0.0907,0.1076,,-0.16,1.05,20.66,0.46,ETF
HEWJ,Virtus NFJ International Value Fund Class R6,Japan Stock,Virtus,512481728.0,0.0051,,,0.0834,0.2822,0.0838,0.1268,,0.98,0.79,17.41,0.48,ETF
HEWU,AB Global Bond Fund Class Z,Miscellaneous Region,AllianceBernstein,8275169.0,0.0051,,,0.1188,0.1679,0.0134,0.0541,,-5.98,0.79,16.18,0.09,ETF
HEZU,American Funds Strategic Bond Fund Class A,Europe Stock,American Funds,710422464.0,0.0054,0.9964,0.0,0.1683,0.3261,0.1061,0.1229,,1.17,1.04,19.94,0.54,ETF
HFXI,American Funds Strategic Bond Fund Class C,Foreign Large Blend,American Funds,314993024.0,0.002,,,0.1108,0.3142,0.0923,0.1118,,0.49,0.92,16.73,0.54,ETF
HIBL,American Funds Strategic Bond Fund Class F-1,Trading--Leveraged Equity,American Funds,141882224.0,0.0103,,,1.1698,4.2785,,,,,,,,ETF
HIBS,AB Global Bond Fund Advisor Class,Trading--Inverse Equity,AllianceBernstein,19978108.0,0.0108,,,-0.6602,-0.9223,,,,,,,,ETF
HIPS,American Funds Strategic Bond Fund Class F-2,Allocation--85%+ Equity,American Funds,64516940.0,0.0127,,,0.2102,0.4678,0.0609,0.0713,,-14.1,2.3,28.52,0.32,ETF
HJEN,American Funds Strategic Bond Fund Class F-3,,American Funds,32384802.0,0.0045,0.9928,0.0,,,,,,,,,,ETF
HJPX,AB Bond Inflation Strategy Class I,Japan Stock,AllianceBernstein,3505979.0,0.0048,,,0.0729,0.2619,0.0741,0.1247,,0.54,0.8,17.94,0.44,ETF
HKND,American Funds Fundamental Investors Class A,,American Funds,66569064.0,0.0011,0.9989,0.0,,,,,,,,,,ETF
HLAL,Ancora MicroCap Fund Class I,Large Blend,Ancora,116635472.0,0.005,1.0,0.0,0.1174,0.4238,,,,,,,,ETF
HLGE,Virtus AllianzGI Convertible Fund Class P,Mid-Cap Blend,Virtus,25308960.0,0.0044,0.9986,0.0,,,,,,,,,,ETF
HMOP,Virtus NFJ Dividend Value Fund Administrative Class,Muni National Interm,Virtus,195681936.0,0.0029,,,0.0161,0.0569,0.0556,,,0.16,1.07,4.37,0.98,ETF
HNDL,American Century NT Disciplined Growth Fund G Class,Allocation--15% to 30% Equity,American Century Investments,693417600.0,0.0117,,,0.0384,0.1385,0.0965,,,1.27,0.72,8.79,0.97,ETF
HOLD,AQR International Defensive Style Fund Class I,Ultrashort Bond,AQR Funds,42432388.0,0.0036,,,-0.0009,0.0119,0.0155,0.0143,,-0.42,0.19,2.25,0.16,ETF
HOMZ,AQR International Defensive Style Fund Class N,,AQR Funds,70364768.0,0.003,0.996,0.0,0.2492,0.8755,,,,,,,,ETF
HSCZ,AQR International Defensive Style Fund Class R6,Foreign Small/Mid Blend,AQR Funds,94722592.0,0.0043,,,0.131,0.3499,0.094,0.1357,,0.69,0.96,18.4,0.52,ETF
HSMV,Virtus NFJ Dividend Value Fund Class R6,Small Blend,Virtus,14562346.0,0.008,,,0.1472,0.3524,,,,,,,,ETF
HSRT,American Funds The New Economy Fund Class A,Short-Term Bond,American Funds,123125184.0,0.0029,,,0.0068,0.0363,0.0401,,,1.09,0.42,4.13,0.68,ETF
HTAB,American Funds The New Economy Fund Class C,Intermediate-Term Bond,American Funds,103148360.0,0.004,,,0.0062,0.021,0.0508,,,1.09,0.64,3.25,1.15,ETF
HTEC,American Funds The New Economy Fund Class F-1,Health,American Funds,236813104.0,0.0068,0.9977,0.0,0.1018,0.565,,,,,,,,ETF
HTRB,Angel Oak Financials Income Fund Institutional Class,,Angel Oak,1009747520.0,0.0029,,,-0.008,0.0231,0.0638,,,0.8,1.04,4.26,1.19,ETF
HTUS,Angel Oak Financials Income Fund Class A,Long-Short Equity,Angel Oak,26519790.0,0.0097,,,0.1339,0.4565,0.1241,0.1025,,-3.36,0.88,17.42,0.7,ETF
HUSV,Virtus NFJ Small-Cap Value Fund Class R6,Large Blend,Virtus,115834512.0,0.007,0.9957,0.0,0.1075,0.2682,0.1342,,,-1.91,0.84,17.14,0.76,ETF
HVAL,Angel Oak Multi-Strategy Income Fund Class C,Large Value,Angel Oak,,0.0055,,,,,,,,,,,,ETF
HYBB,Angel Oak Multi-Strategy Income Fund Institutional Shares,High Yield Bond,Angel Oak,125388616.0,0.0025,,,0.0207,,,,,,,,,ETF
HYD,Angel Oak Multi-Strategy Income Fund A Shares,High Yield Muni,Angel Oak,3857139968.0,0.0035,0.0,0.9958,0.0494,0.115,0.0458,0.0396,0.0573,-3.56,1.85,8.44,0.42,ETF
HYDB,Angel Oak High Yield Opportunities Fund Class A,High Yield Bond,Angel Oak,137517392.0,0.0035,,,0.0373,0.1714,0.0801,,,4.64,0.56,8.97,0.77,ETF
HYDW,Angel Oak High Yield Opportunities Fund Class Institutional,High Yield Bond,Angel Oak,580060736.0,0.002,,,0.0153,0.0871,0.0601,,,2.26,0.65,6.52,0.75,ETF
HYEM,AB Intermediate New York Municipal Portfolio Class A,Emerging Markets Bond,AllianceBernstein,1215785728.0,0.004,,,0.0203,0.1303,0.0754,0.0612,,4.48,0.51,11.77,0.56,ETF
HYGV,AB Intermediate New York Municipal Portfolio Advisor Class,High Yield Bond,AllianceBernstein,275570848.0,0.0037,,,0.0444,0.1876,,,,,,,,ETF
HYHG,AB Municipal Income Fund II New Jersey Portfolio Class A,Nontraditional Bond,AllianceBernstein,110355544.0,0.0051,,,0.0368,0.1421,0.0387,0.0555,,2.95,-0.02,9.45,0.3,ETF
HYIN,AB Municipal Income Fund II New Jersey Portfolio Class C,Nontraditional Bond,AllianceBernstein,4617975.0,0.032,,,,,,,,,,,,ETF
HYLB,Virtus NFJ International Value Fund Institutional Class,High Yield Bond,Virtus,6884460032.0,0.0015,,,0.0256,0.1328,0.066,,,3.16,0.54,8.43,0.63,ETF
HYLD,AB Intermediate New York Municipal Portfolio Class C,,AllianceBernstein,125442584.0,0.0125,,,0.0411,0.3119,0.034,0.073,0.0319,1.54,0.25,9.9,0.25,ETF
HYLS,Virtus AllianzGI Convertible Fund Administrative Class,High Yield Bond,Virtus,2362410752.0,0.0101,,,0.0229,0.1176,0.0654,0.0587,,3.8,0.38,7.92,0.68,ETF
HYLV,Virtus AllianzGI Convertible Fund Institutional Class,High Yield Bond,Virtus,37819448.0,0.004,,,0.0081,0.0817,0.0592,,,2.1,0.64,6.34,0.74,ETF
HYMB,American Century Small Cap Growth Fund A Class,High Yield Muni,American Century Investments,1784735232.0,0.0035,0.0,0.9939,0.0457,0.1177,0.065,0.0423,0.0655,-1.45,1.76,7.94,0.67,ETF
HYMU,American Century Small Cap Growth Fund C Class,High Yield Muni,American Century Investments,26407568.0,0.0035,,,,,,,,,,,,ETF
HYS,American Century Small Cap Growth Fund R6 Class,High Yield Bond,American Century Investments,2239855872.0,0.0056,,,0.036,0.1451,0.0506,0.0566,0.0505,2.29,0.4,8.63,0.45,ETF
HYTR,American Century Small Cap Growth Fund R5 Class,Multisector Bond,American Century Investments,12139932.0,0.0094,,,0.0235,0.0967,,,,,,,,ETF
HYUP,American Century Small Cap Growth Fund G Class,High Yield Bond,American Century Investments,16982780.0,0.002,,,0.0366,0.1852,0.0716,,,4.36,0.46,10.57,0.59,ETF
HYXF,American Century Small Cap Growth Fund Investor Class,High Yield Bond,American Century Investments,110123160.0,0.0035,,,0.0146,0.1124,0.0712,0.0639,,3.82,0.51,6.94,0.85,ETF
HYZD,American Century Small Cap Growth Fund I Class,Nontraditional Bond,American Century Investments,153487936.0,0.0043,,,0.0414,0.1574,0.0292,0.05,,1.02,0.24,8.77,0.23,ETF
IAPR,American Century Small Cap Growth Fund R Class,Foreign Large Blend,American Century Investments,28236180.0,0.0085,,,,,,,,,,,,ETF
IBB,American Century Small Cap Growth Fund Y Class,Health,American Century Investments,10823479296.0,0.0046,0.9983,0.0,0.0814,0.1995,0.1444,0.1404,0.1672,2.36,0.9,23.19,0.64,ETF
IBBJ,Virtus NFJ Mid-Cap Value Fund Class R6,Health,Virtus,8242210.0,0.0045,0.9964,0.0,-0.0517,,,,,,,,,ETF
IBBQ,American Century NT Global Real Estate Fund Investor Class,Health,American Century Investments,65236412.0,0.0019,0.9996,0.0,,,,,,,,,,ETF
IBD,American Century NT Global Real Estate Fund G Class,,American Century Investments,174459392.0,0.0049,0.0,0.9907,-0.0164,0.0429,0.0434,,,-0.43,0.95,5.58,0.57,ETF
IBND,Virtus NFJ Mid-Cap Value Fund Class P,World Bond,Virtus,231836624.0,0.005,,,-0.0408,0.0841,0.0298,0.027,0.0123,-2.48,1.1,8.66,0.23,ETF
IBTA,American Century NT Disciplined Growth Fund Investor Class,,American Century Investments,11406986.0,0.0007,,,0.0005,0.0122,,,,,,,,ETF
IBTB,American Century Non-U.S. IntrinsicValue Fund G Class,,American Century Investments,52106596.0,0.0007,,,0.0006,0.0025,,,,,,,,ETF
IBTD,American Century NT International Small-Mid Cap Fund G Class,,American Century Investments,38505668.0,0.0007,,,-0.0002,0.002,,,,,,,,ETF
IBTE,American Century NT International Small-Mid Cap Fund Investor Class,,American Century Investments,15467555.0,0.0007,,,-0.0051,0.0276,,,,,,,,ETF
IBTF,American Century Non-U.S. IntrinsicValue Fund Investor Class,,American Century Investments,21905352.0,0.0007,0.0,0.9992,-0.0117,0.0239,,,,,,,,ETF
IBTG,American Century NT International Value Fund Investor Class,,American Century Investments,19281054.0,0.0007,0.0,0.9903,-0.0182,0.021,,,,,,,,ETF
IBTH,American Century NT International Value Fund G Class,,American Century Investments,29247852.0,0.0007,0.0,0.9977,-0.0274,-0.0275,,,,,,,,ETF
IBTI,American Century Non-U.S. IntrinsicValue Fund I Class,,American Century Investments,39266960.0,0.0007,0.0,0.99,-0.0333,-0.0401,,,,,,,,ETF
IBTJ,Virtus NFJ Large-Cap Value Fund Institutional Class,,Virtus,17533208.0,0.0007,,,-0.0419,-0.0521,,,,,,,,ETF
IBTK,American Century Non-U.S. IntrinsicValue Fund A Class,,American Century Investments,2343736.0,0.0007,0.0,0.9944,-0.0437,,,,,,,,,ETF
IBUY,American Century Non-U.S. IntrinsicValue Fund R6 Class,Consumer Cyclical,American Century Investments,1335256832.0,0.0065,0.9971,0.0,0.1344,0.8555,0.367,0.3998,,13.6,1.58,33.89,1.05,ETF
ICLN,American Century Non-U.S. IntrinsicValue Fund R Class,Miscellaneous Sector,American Century Investments,6162452480.0,0.0046,0.9919,0.0,-0.1646,0.8875,0.4083,0.2413,0.0643,21.83,1.15,30.88,1.23,ETF
ICOW,American Funds New Perspective Fund Class F-2,Foreign Large Value,American Funds,29221776.0,0.0065,0.9968,0.0,0.1455,0.4999,0.0827,,,-2.01,1.19,21.62,0.42,ETF
ICSH,Aperture New World Opportunities Fund Institutional Shares,Ultrashort Bond,Aperture Investors,5643423232.0,0.0008,,,0.002,0.0054,0.0207,0.0184,,0.48,0.09,0.85,1.06,ETF
ICVT,American Funds New Perspective Fund Class A,Convertibles,American Funds,1708603392.0,0.002,,,0.0593,0.4977,0.2517,0.2202,,8.52,1.45,18.87,1.22,ETF
IDEV,Aperture New World Opportunities Fund X,,Aperture Investors,6078703616.0,0.0005,0.9906,0.0,0.1199,0.4093,0.0912,,,,1.03,18.37,0.49,ETF
IDHD,AB Municipal Income Fund New York Portfolio Class C,Foreign Large Value,AllianceBernstein,18855884.0,0.003,1.0,0.0,0.0808,0.2468,0.0415,,,-3.71,0.87,16.18,0.27,ETF
IDHQ,Virtus AllianzGI Convertible Fund Class A,Foreign Large Growth,Virtus,107880576.0,0.0029,0.9938,0.0,0.0646,0.2846,0.1061,0.1168,0.0707,3.65,0.88,16.12,0.73,ETF
IDIV,Virtus AllianzGI Convertible Fund Class C,Large Blend,Virtus,26796288.0,0.0087,,,0.0841,0.1999,0.0353,,,-10.98,0.87,22.43,0.2,ETF
IDLB,Pioneer Balanced ESG Fund Class A,Foreign Large Blend,Amundi US,7714323.0,0.0045,0.9963,0.0,0.0604,0.2565,0.0403,0.0754,,-3.94,0.84,15.17,0.25,ETF
IDLV,American Century Investments One Choice Portfolio: Conservative Investor Class,Foreign Large Blend,American Century Investments,747850560.0,0.0025,0.9985,0.0,0.0458,0.1469,0.0249,0.0454,,-4.43,0.7,13.95,0.15,ETF
IDMO,Alger Small Cap Focus Fund Class A,Foreign Large Growth,Alger,8476011.0,0.0025,0.9978,0.0,0.0235,0.2322,0.1048,0.0971,,2.23,0.83,15.94,0.62,ETF
IDOG,Alger Small Cap Focus Fund Class C,Foreign Large Value,Alger,187597680.0,0.005,0.9923,0.0,0.1035,0.3096,0.0576,0.0814,,-3.82,1.07,19.72,0.31,ETF
IDX,Alger Small Cap Focus Fund Class I,Miscellaneous Region,Alger,32551400.0,0.0057,0.9992,0.0,-0.1238,0.1337,-0.0279,-0.02,-0.0363,-12.04,1.35,29.05,0.02,ETF
IEF,Alger Small Cap Focus Fund Class Y,Long Government,Alger,13440717824.0,0.0015,0.0,0.9974,-0.0341,-0.0445,0.0578,0.0219,0.0376,-0.67,1.29,5.6,0.82,ETF
IEFA,American Century Investments One Choice Portfolio: Aggressive Investor Class,Foreign Large Blend,American Century Investments,95780700160.0,0.0007,,,0.0989,0.3403,0.0864,0.1061,,-0.85,1.01,18.07,0.47,ETF
IEI,Virtus AllianzGI Focused Growth Fund Class P,Intermediate Government,Virtus,10870721536.0,0.0015,0.0,0.9962,-0.0154,-0.0154,0.0446,0.0205,0.0245,0.66,0.62,3.08,1.06,ETF
IEUR,AB Municipal Income Fund II Ohio Portfolio Class A,Europe Stock,AllianceBernstein,5184926208.0,0.0009,0.9925,0.0,0.1336,0.3729,0.093,0.1084,,-0.88,1.1,19.81,0.47,ETF
IEUS,AB Municipal Income Fund II Ohio Portfolio Class C,Europe Stock,AllianceBernstein,369970432.0,0.004,,,0.1302,0.5033,0.1022,0.1361,0.0872,-1.15,1.33,24.14,0.46,ETF
IFGL,Angel Oak Core Impact Fund Institutional Class,Global Real Estate,Angel Oak,260420896.0,0.0048,,,0.0946,0.2948,0.0475,0.0548,0.0476,-7.68,0.92,19.16,0.27,ETF
IFRA,American Century Investments One Choice Portfolio: Moderate Investor Class,,American Century Investments,579862208.0,0.004,0.9981,0.0,0.2102,0.5708,0.1246,,,-1.68,1.11,21.74,0.6,ETF
IFV,American Century Investments One Choice Portfolio: Very Conservative Investor Class,Foreign Large Blend,American Century Investments,297918400.0,0.0105,0.9958,0.0,0.1121,0.4793,0.0789,0.1028,,-2.72,1.29,23.83,0.39,ETF
IG,American Century Investments One Choice 2045 Portfolio I Class,Corporate Bond,American Century Investments,481275008.0,0.0026,,,-0.0114,0.0471,0.0827,,,0.43,1.63,7.89,0.9,ETF
IGEB,Virtus AllianzGI International Small-Cap Fund Class A,Corporate Bond,Virtus,159624240.0,0.0018,,,-0.0094,0.0324,0.0871,,,1.1,1.6,7.88,0.97,ETF
IGF,Virtus AllianzGI International Small-Cap Fund Class C,Infrastructure,Virtus,3031025920.0,0.0046,0.9931,0.0,0.0531,0.2184,0.0494,0.0543,0.054,-8.05,0.98,19.85,0.28,ETF
IGHG,American Century Investments One Choice Portfolio: Very Conservative R Class,Nontraditional Bond,American Century Investments,808686080.0,0.003,,,0.0231,0.1122,0.046,0.0462,,3.3,0.1,9.37,0.39,ETF
IGIB,American Century Investments One Choice Portfolio: Moderate R Class,Corporate Bond,American Century Investments,11873704960.0,0.0006,,,-0.0111,0.0272,0.0783,0.0471,0.0421,0.9,1.39,6.97,0.94,ETF
IGLB,American Century Investments One Choice Portfolio: Conservative R Class,Long-Term Bond,American Century Investments,2666543104.0,0.0006,0.0,0.9903,-0.0255,0.0349,0.1073,0.0638,0.0706,-1.53,2.75,11.83,0.82,ETF
IGLD,American Century Investments One Choice Portfolio: Very Aggressive R Class,,American Century Investments,14035952.0,0.0085,,,,,,,,,,,,ETF
IGOV,American Century Investments One Choice Portfolio: Aggressive R Class,World Bond,American Century Investments,1262226176.0,0.0035,,,-0.0608,0.0265,0.0221,0.0125,0.0072,-3.76,1.22,6.02,0.2,ETF
IGSB,Virtus AllianzGI Emerging Markets Opportunities Fund Class A,Short-Term Bond,Virtus,26633134080.0,0.0006,,,0.001,0.0222,0.0459,0.0294,0.0223,1.13,0.54,3.31,1.0,ETF
IHAK,Virtus AllianzGI Emerging Markets Opportunities Fund Class C,Technology,Virtus,566974016.0,0.0047,0.9972,0.0,0.0696,0.3874,,,,,,,,ETF
IHDG,Virtus AllianzGI Emerging Markets Opportunities Fund Institutional Class,Foreign Large Growth,Virtus,1011551936.0,0.0058,1.0,0.0,0.1367,0.2909,0.1361,0.1318,,5.72,0.72,14.22,0.87,ETF
IHY,Angel Oak UltraShort Income Fund Class A,High Yield Bond,Angel Oak,107884008.0,0.004,,,0.0122,0.1379,0.0698,0.0645,,2.8,0.79,10.82,0.55,ETF
IHYF,Angel Oak UltraShort Income Fund Institutional Class,High Yield Bond,Angel Oak,41142048.0,0.0039,,,0.0428,,,,,,,,,ETF
IIGD,American Century Investments One Choice Portfolio: Very Aggressive Investor Class,Short-Term Bond,American Century Investments,76120352.0,0.0013,0.0,0.9952,-0.0057,0.0031,,,,,,,,ETF
IIGV,AB Municipal Income Fund II Pennsylvania Portfolio Class A,Corporate Bond,AllianceBernstein,34479644.0,0.0013,0.0,0.9984,-0.0156,0.0242,,,,,,,,ETF
IJAN,AB Municipal Income Fund II Pennsylvania Portfolio Class Class C,Foreign Large Blend,AllianceBernstein,80490032.0,0.0085,,,0.046,0.1468,,,,,,,,ETF
IJT,Cavanal Hill Active Core Fund Investor Class,Small Growth,Cavanal Hill funds,6375302656.0,0.0018,0.9978,0.0,0.1643,0.573,0.1294,0.1664,0.1376,-7.26,1.2,24.27,0.57,ETF
IJUL,Cavanal Hill Bond Fund Investor Class,,Cavanal Hill funds,29303316.0,0.0086,0.9989,0.0,0.0218,0.0793,,,,,,,,ETF
ILDR,AMG Beutel Goodman International Equity Fund - Class I,,AMG Funds,2038887.0,0.0075,0.9977,0.0,,,,,,,,,,ETF
ILTB,AMG Beutel Goodman International Equity Fund - Class Z,Long-Term Bond,AMG Funds,397369824.0,0.0006,,,-0.0422,-0.0032,0.1019,0.0545,0.0729,-2.41,2.81,10.06,0.9,ETF
IMCV,Artisan Global Discovery Fund Advisor Shares,Mid-Cap Value,Artisan,465371904.0,0.0006,0.9967,0.0,0.2424,0.559,0.0949,0.1153,0.1179,-10.42,1.21,24.64,0.45,ETF
IMFL,Artisan High Income Fund Advisor Shares,,Artisan,131953568.0,0.0034,0.9988,0.0,,,,,,,,,,ETF
IMLP,Artisan Global Value Fund Advisor Class,Energy Limited Partnership,Artisan,14219336.0,0.008,,,0.4717,0.5947,-0.0138,-0.0087,,-20.16,2.08,47.57,0.19,ETF
IMOM,Artisan Global Equity Fund Advisor Shares,Foreign Large Growth,Artisan,78840320.0,0.0059,0.9953,0.0,0.0059,0.3187,0.071,0.0713,,-1.97,1.02,19.61,0.38,ETF
IMTB,Artisan International Fund Advisor Class,,Artisan,128455488.0,0.0006,,,-0.0105,0.0077,0.0526,,,0.8,0.77,2.92,1.38,ETF
INCO,Artisan International Small-Mid Fund Advisor Shares,India Equity,Artisan,94072760.0,0.0075,0.9983,0.0006,0.1204,0.436,0.0587,0.103,,-0.9,0.89,24.36,0.3,ETF
INDF,Artisan International Value Fund Advisor Class,,Artisan,4774402.0,0.0075,0.9975,0.0,0.006,,,,,,,,,ETF
INDL,Artisan Value Fund Advisor Class,Trading--Leveraged Equity,Artisan,92531288.0,0.0131,,,0.1792,1.5012,-0.1109,0.0064,-0.1095,-20.76,2.22,66.85,0.28,ETF
INDS,Artisan Mid Cap Fund Advisor Class,Real Estate,Artisan,204582304.0,0.006,0.9966,0.0,0.1795,0.3719,0.2114,,,9.74,0.7,16.62,1.18,ETF
INDY,Artisan Select Equity Fund Advisor Shares,India Equity,Artisan,682326016.0,0.0093,,,0.1015,0.5124,0.1033,0.1093,0.0533,2.3,1.03,25.12,0.47,ETF
INFL,Artisan Global Opportunities Fund Advisor Class,,Artisan,631168256.0,0.0085,,,,,,,,,,,,ETF
INFR,Artisan Small Cap Fund Advisor Shares,Infrastructure,Artisan,12400311.0,0.004,,,0.0514,0.1905,0.0652,,,-4.0,0.73,15.49,0.4,ETF
INKM,Artisan Focus Fund Advisor Shares,Allocation--30% to 50% Equity,Artisan,125033128.0,0.005,,,0.0715,0.2198,0.0789,0.0677,,-3.3,1.04,12.78,0.57,ETF
INMU,Artisan Developing World Fund Advisor Shares,Muni National Interm,Artisan,25548124.0,0.003,0.0,0.9939,,,,,,,,,,ETF
IPAC,Columbia High Yield Bond Fund Class C,Diversified Pacific/Asia,Columbia Threadneedle,1161600512.0,0.0009,0.994,0.0,0.0423,0.2841,0.0762,0.1026,,-0.74,0.86,16.02,0.45,ETF
IPAY,Virtus AllianzGI Preferred Securities and Income Fund Institutional Class,Miscellaneous Sector,Virtus,1254936704.0,0.0075,0.9725,0.022,0.0588,0.4362,0.2228,0.2501,,3.95,1.34,27.26,0.84,ETF
IPKW,Cavanal Hill Strategic Enhanced Yield Fund Investor,Foreign Large Blend,Cavanal Hill funds,135441504.0,0.0055,,,0.1875,0.5897,0.1047,0.1398,,-0.41,1.25,22.53,0.5,ETF
IPO,Artisan Global Discovery Fund Investor Shares,Mid-Cap Growth,Artisan,632649792.0,0.006,0.9992,0.0,0.0265,0.637,0.308,0.2846,,8.13,1.27,31.39,0.98,ETF
IPOS,AB Large Cap Growth Fund Class A,Foreign Small/Mid Growth,AllianceBernstein,34365552.0,0.008,0.9962,0.0,-0.0137,0.2722,0.1837,0.1705,,9.79,0.82,19.01,0.92,ETF
IQDE,AB Large Cap Growth Fund Class C,Foreign Large Value,AllianceBernstein,73910848.0,0.0047,,,0.1057,0.3373,0.0662,0.0676,,-2.52,0.98,17.54,0.38,ETF
IQDF,Yorktown Growth Fund Class Institutional,Foreign Large Value,Yorktown Funds,608012480.0,0.0047,,,0.1171,0.3647,0.0751,0.085,,-2.35,1.06,18.95,0.4,ETF
IQDG,AB Large Cap Growth Fund Advisor Class,Foreign Large Growth,AllianceBernstein,249603808.0,0.0042,1.0,0.0,0.1049,0.3507,0.1239,0.1224,,3.39,0.9,16.56,0.71,ETF
IQDY,AB Large Cap Growth Fund Class Z,Foreign Large Value,AllianceBernstein,68097616.0,0.0047,0.9971,0.0,0.1218,0.4291,0.1019,0.1141,,-0.4,1.17,20.98,0.5,ETF
IQIN,Artisan Global Discovery Fund Institutional Shares,Foreign Large Value,Artisan,241393568.0,0.0025,0.9993,0.0,0.1394,0.4209,,,,,,,,ETF
IQM,Artisan High Income Fund Institutional Shares,,Artisan,11168680.0,0.005,,,0.0285,0.673,,,,,,,,ETF
IQSI,Artisan Global Value Fund Institutional Class,Foreign Large Blend,Artisan,190224816.0,0.0015,0.9988,0.0,0.1,0.3264,,,,,,,,ETF
IQSU,Artisan Global Equity Fund Institutional Shares,Large Blend,Artisan,446651168.0,0.0009,1.0,0.0,0.1467,0.4182,,,,,,,,ETF
ISDX,Artisan International Fund Institutional Class,Foreign Large Value,Artisan,310820736.0,0.0023,0.9993,0.0,0.1428,0.4467,,,,,,,,ETF
ISEM,Artisan International Small-Mid Fund Institutional Share,Diversified Emerging Mkts,Artisan,28821446.0,0.0035,0.9982,0.0,0.1472,0.4374,,,,,,,,ETF
ISHG,Artisan International Value Fund Institutional Class,World Bond,Artisan,57468796.0,0.0035,,,-0.0355,0.0402,0.0054,0.0049,-0.0202,-2.7,0.52,5.16,-0.12,ETF
ISMD,Artisan Value Fund Institutional Class,Small Blend,Artisan,121133600.0,0.006,0.9904,0.0,0.2354,0.641,0.1096,,,-10.21,1.29,26.28,0.48,ETF
ISTB,Artisan Mid Cap Fund Institutional Class,Short-Term Bond,Artisan,5498013184.0,0.0006,,,0.0004,0.0157,0.0397,0.0251,,1.22,0.36,1.6,1.72,ETF
ISWN,Artisan Select Equity Fund Institutional Shares,,Artisan,33717144.0,0.0049,0.2044,0.7926,,,,,,,,,,ETF
ITEQ,Artisan Mid Cap Value Fund Institutional Class,Technology,Artisan,217161600.0,0.0075,0.9958,0.0,0.0195,0.4952,0.2751,0.2448,,12.1,0.99,22.77,1.14,ETF
ITM,Artisan Global Opportunities Fund Institutional Class,Muni National Long,Artisan,1871150208.0,0.0024,0.0,0.9998,0.0032,0.0377,0.0553,0.0311,0.0428,-0.21,1.14,4.64,0.91,ETF
ITOT,Artisan Small Cap Fund Institutional Shares,Large Blend,Artisan,40086081536.0,0.0003,0.9977,0.0,0.152,0.4428,0.1862,0.1783,0.1472,-0.66,1.05,19.44,0.92,ETF
IUS,Artisan Focus Fund Institutional Shares,Large Value,Artisan,180727904.0,0.0019,0.9995,0.0,0.2047,0.4996,,,,,,,,ETF
IUSB,Artisan Developing World Fund Institutional Shares,,Artisan,14493035520.0,0.0006,,,-0.0125,0.0075,0.056,0.0333,,0.38,0.97,3.53,1.24,ETF
IUSS,Yorktown Short Term Bond Fund Class Institutional,Small Blend,Yorktown Funds,44719192.0,0.0023,1.0,0.0,0.3326,0.8756,,,,,,,,ETF
IUSV,Yorktown Master Allocation Fund Class A,Large Value,Yorktown Funds,10406422528.0,0.0004,0.997,0.0,0.1672,0.4092,0.1301,0.1271,0.1179,-5.27,1.04,20.12,0.65,ETF
IVAL,Yorktown Capital Appreciation Fund Class A,Foreign Large Value,Yorktown Funds,146975296.0,0.0059,0.9975,0.0,0.0643,0.2174,0.0026,0.0813,,-9.45,1.16,21.93,0.06,ETF
IVDG,Yorktown Multi-Sector Bond Fund Class Institutional,,Yorktown Funds,1338400.0,0.0059,0.9951,0.0,0.0173,,,,,,,,,ETF
IVES,Yorktown Master Allocation Fund Class L,,Yorktown Funds,57088456.0,0.0068,0.9546,0.0397,-0.0034,0.2959,0.1418,0.1659,,-2.25,1.3,27.7,0.58,ETF
IVLC,Yorktown Short Term Bond Fund Class A,,Yorktown Funds,6583365.0,0.0048,0.9966,0.0,0.1151,,,,,,,,,ETF
IVOG,AMG Beutel Goodman International Equity Fund - Class N,Mid-Cap Growth,AMG Funds,1091176448.0,0.0015,1.0,0.0,0.1226,0.4525,0.1404,0.1505,0.1243,-5.4,1.12,21.65,0.66,ETF
IVOL,American Century Short Duration Inflation Protection Bond Fund R5 Class,,American Century Investments,3240003584.0,0.0099,,,0.0387,0.1095,,,,,,,,ETF
IVOO,Yorktown Growth Fund Class L,Mid-Cap Blend,Yorktown Funds,2838392064.0,0.001,0.9998,0.0,0.1751,0.5327,0.1303,0.1425,0.1224,-7.57,1.22,23.76,0.59,ETF
IVOV,Yorktown Multi-Sector Bond Fund Class A,Mid-Cap Value,Yorktown Funds,983786496.0,0.0015,0.9999,0.0,0.2291,0.6124,0.1139,0.1266,0.1167,-10.27,1.33,26.74,0.5,ETF
IVRA,Cavanal Hill Hedged Income Fund Investor,,Cavanal Hill funds,1418897.0,0.0059,0.9962,0.0,0.2303,,,,,,,,,ETF
IVSG,Yorktown Master Allocation Fund Class Institutional,,Yorktown Funds,1307549.0,0.0048,0.9946,0.0,0.0795,,,,,,,,,ETF
IVV,American Century Short Duration Inflation Protection Bond Fund A Class,Large Blend,American Century Investments,286994399232.0,0.0003,0.9977,0.0,0.1524,0.4096,0.1862,0.1762,0.1479,-0.03,1.0,18.52,0.95,ETF
IWDL,American Century Short Duration Inflation Protection Bond Fund C Class,Trading--Leveraged Equity,American Century Investments,31597100.0,0.0095,,,,,,,,,,,,ETF
IWFL,American Century Short Duration Inflation Protection Bond Fund R6 Class,Trading--Leveraged Equity,American Century Investments,29254100.0,0.0095,,,,,,,,,,,,ETF
IWML,American Century Short Duration Inflation Protection Bond Fund G CLASS,Trading--Leveraged Equity,American Century Investments,27485800.0,0.0095,,,,,,,,,,,,ETF
IXSE,American Century Short Duration Inflation Protection Bond Fund I Class,India Equity,American Century Investments,4894176.0,0.0058,0.9999,0.0001,0.123,0.5367,,,,,,,,ETF
IXUS,American Century Short Duration Inflation Protection Bond Fund Investor Class,Foreign Large Blend,American Century Investments,29536268288.0,0.0009,,,0.1034,0.3745,0.096,0.1121,,0.06,1.02,17.96,0.53,ETF
IZRL,Cavanal Hill Opportunistic Fund Investor,Technology,Cavanal Hill funds,318960960.0,0.0049,0.996,0.0,0.0799,0.3402,0.1824,,,2.19,1.2,25.94,0.74,ETF
JAAA,American Century Short Duration Inflation Protection Bond Fund R Class,,American Century Investments,121071344.0,0.0025,0.0,1.0,0.0074,,,,,,,,,ETF
JAGG,American Century Short Duration Inflation Protection Bond Fund Y Class,Intermediate-Term Bond,American Century Investments,1114855296.0,0.0007,,,-0.0172,-0.0095,,,,,,,,ETF
JANZ,Appleseed Fund Institutional Share,,Appleseed Fund,3515894.0,0.0079,0.1244,0.8734,,,,,,,,,,ETF
JCPB,Appleseed Fund Investor Share,,Appleseed Fund,169105824.0,0.004,,,-0.0103,0.0224,,,,,,,,ETF
JCTR,AB Conservative Wealth Strategy Class R,,AllianceBernstein,25283690.0,0.0015,0.9983,0.0,0.1194,,,,,,,,,ETF
JDIV,AAM/Phocas Real Estate Fund Class A Shares,Mid-Cap Value,AAM,35709952.0,0.0012,0.9987,0.0,0.2124,0.5139,0.1242,,,-6.42,1.11,22.22,0.59,ETF
JDST,AAM/Phocas Real Estate Fund Class I Shares,Trading--Inverse Equity,AAM,76343264.0,0.0105,,,0.0646,-0.3887,-0.796,-0.7,,-91.83,-0.01,92.54,-1.0,ETF
JEMA,Fiera Capital Small/Mid-Cap Growth Fund Institutional Class,Diversified Emerging Mkts,Fiera Capital,102027960.0,0.0033,,,,,,,,,,,,ETF
JEPI,Pinnacle Sherman Multi-Strategy Core Fund Class A,,Pinnacle,1542572544.0,0.0035,,,0.0998,0.2721,,,,,,,,ETF
JETS,Fiera Capital Small/Mid-Cap Growth Fund Investor Class,Miscellaneous Sector,Fiera Capital,3616804864.0,0.006,0.9951,0.0,0.0804,0.4529,-0.0517,0.0353,,-23.3,1.82,40.9,0.06,ETF
JGLD,Cavanal Hill Limited Duration Fund Investor Class,Equity Precious Metals,Cavanal Hill funds,2465944.0,0.0049,0.9981,0.0,-0.1177,,,,,,,,,ETF
JHCB,Pinnacle TrendRating Innovative Equity Fund Class A,,Pinnacle,20284924.0,0.0029,,,,,,,,,,,,ETF
JHCS,Virtus AllianzGI Preferred Securities and Income Fund Class P,Communications,Virtus,31738204.0,0.004,0.9981,0.0,0.1159,0.452,,,,,,,,ETF
JHEM,Cavanal Hill Ultra Short Tax-Free Income Fund Investor,Diversified Emerging Mkts,Cavanal Hill funds,741810816.0,0.0049,,,0.0934,0.4205,,,,,,,,ETF
JHMA,Cavanal Hill World Energy Fund Investor,,Cavanal Hill funds,32555416.0,0.004,0.9982,0.0,0.2346,0.6668,0.141,0.1559,,-1.17,1.19,23.01,0.64,ETF
JHMC,AB Conservative Wealth Strategy Class I,Consumer Cyclical,AllianceBernstein,39920628.0,0.004,,,0.1488,0.5753,0.1915,0.1757,,0.9,1.34,25.03,0.78,ETF
JHMD,AB Conservative Wealth Strategy Class K,Foreign Large Blend,AllianceBernstein,476312384.0,0.0039,,,0.1029,0.3369,0.0775,,,-1.7,1.0,17.87,0.42,ETF
JHME,Cavanal Hill Mid Cap Diverse Leadership Fund Investor Shares,,Cavanal Hill funds,22507364.0,0.004,0.9995,0.0,0.4066,0.4903,-0.1092,-0.0174,,-31.45,2.26,47.31,-0.02,ETF
JHMF,Columbia Disciplined Core Fund Class A,Financial,Columbia Threadneedle,37700160.0,0.004,,,0.2185,0.5528,0.1366,0.175,,-2.97,1.29,24.9,0.6,ETF
JHMH,LKCM Aquinas Catholic Equity Fund,Health,LKCM,48881768.0,0.004,,,0.1123,0.2976,0.1667,0.1451,,4.86,0.78,16.77,0.94,ETF
JHMI,AQR Global Equity Fund Class I,,AQR Funds,56670596.0,0.004,0.9992,0.0,0.183,0.5623,0.1595,0.1748,,0.13,1.25,23.67,0.71,ETF
JHML,AQR Global Equity Fund Class N,Large Blend,AQR Funds,713924864.0,0.0029,,,0.155,0.4385,0.1757,0.1692,,-1.49,1.04,19.42,0.87,ETF
JHMM,AQR Global Equity Fund Class R6,Mid-Cap Blend,AQR Funds,2246222592.0,0.0042,,,0.1561,0.4885,0.155,0.1566,,-4.62,1.15,22.16,0.71,ETF
JHMS,AQR International Equity Fund Class I,,AQR Funds,22199652.0,0.004,0.9922,0.0,0.0907,0.2646,0.1544,0.0913,,5.74,0.62,13.77,1.01,ETF
JHMT,AQR International Equity Fund Class N,Technology,AQR Funds,63721416.0,0.004,,,0.1443,0.4949,0.274,0.2887,,9.61,1.13,21.59,1.18,ETF
JHMU,AQR International Equity Fund Class R6,,AQR Funds,17094966.0,0.004,0.9996,0.0,0.0661,0.1253,0.0923,0.0861,,3.06,0.43,15.54,0.57,ETF
JHSC,Alta Quality Growth Fund Institutional Shares,Small Blend,Alta Capital,428641024.0,0.0042,0.999,0.0,0.1431,0.4993,0.1007,,,-10.13,1.23,24.32,0.48,ETF
JIDA,AQR Managed Futures Strategy Fund Class I,Foreign Large Blend,AQR Funds,,0.0025,,,,,,,,,,,,ETF
JIG,AQR Managed Futures Strategy Fund Class N,,AQR Funds,63972436.0,0.0055,,,0.033,,,,,,,,,ETF
JIGB,AQR Managed Futures Strategy Fund Class R6,Corporate Bond,AQR Funds,55730344.0,0.0014,0.0,0.9911,-0.0187,0.0222,,,,,,,,ETF
JJA,AQR Multi-Asset Fund Class I,,AQR Funds,13203177.0,0.0045,,,0.1981,0.6278,0.1009,,,7.32,0.61,16.05,0.6,ETF
JJC,AQR Multi-Asset Fund Class N,,AQR Funds,77797704.0,0.0045,,,0.2099,0.5302,0.1202,,,8.25,1.13,22.2,0.56,ETF
JJE,AQR Multi-Asset Fund Class R6,,AQR Funds,12321635.0,0.0045,,,0.4645,0.5429,-0.1037,,,-13.93,1.97,33.69,-0.19,ETF
JJG,Horizon Active Risk Assist Fund Class A,,Horizon Investments,22311148.0,0.0045,,,0.201,0.6477,0.1111,,,9.26,0.46,18.8,0.58,ETF
JJM,Ariel Fund Institutional Class,,Ariel Investments,11448368.0,0.0045,,,0.1683,0.4847,0.0691,,,3.46,0.98,17.6,0.4,ETF
JJN,Horizon Active Risk Assist Fund Investor Class,,Horizon Investments,24755192.0,0.0045,,,0.0976,0.4227,0.063,,,4.98,1.01,29.4,0.3,ETF
JJP,The Arbitrage Fund Class C,,Arbitrage Fund,6358455.0,0.0045,,,-0.0612,0.0406,0.1124,,,9.7,0.27,16.67,0.64,ETF
JJS,The Arbitrage Fund Class R,Commodities Broad Basket,Arbitrage Fund,4964829.0,0.0045,,,0.1723,0.4403,0.0268,,,0.16,0.96,20.83,0.18,ETF
JJT,Absolute Convertible Arbitrage Fund Institutional Shares,,Absolute Strategies,10171931.0,0.0045,,,0.7239,1.0886,0.2329,,,18.62,0.91,21.41,1.02,ETF
JJU,The Arbitrage Fund Class Institutional,,Arbitrage Fund,6670410.0,0.0045,,,0.2567,0.5099,0.0256,,,-0.52,0.77,15.48,0.15,ETF
JMBS,Absolute Convertible Arbitrage Fund Investor Shares,Intermediate Government,Absolute Strategies,743308288.0,0.0032,,,-0.0008,0.0147,,,,,,,,ETF
JMIN,Water Island Credit Opportunities Fund Class C,Large Blend,Arbitrage Fund,19340992.0,0.0012,0.9986,0.0,0.1165,0.2926,0.1348,,,-1.42,0.8,15.83,0.81,ETF
JMOM,Water Island Credit Opportunities Fund Class R,Large Growth,Arbitrage Fund,189598928.0,0.0012,0.9941,0.0,0.1242,0.4186,0.1876,,,0.45,0.99,19.08,0.94,ETF
JMST,Archer Balanced Fund,,Archer,1571094400.0,0.0018,,,0.0006,0.0196,,,,,,,,ETF
JNK,AQR Risk-Balanced Commodities Strategy Fund Class I,High Yield Bond,AQR Funds,9782642688.0,0.004,,,0.0277,0.1404,0.0665,0.062,0.0518,3.15,0.58,9.23,0.6,ETF
JNUG,American Century Investments One Choice 2030 Portfolio A Class,Trading--Leveraged Equity,American Century Investments,603413184.0,0.0108,,,-0.3206,-0.2576,-0.5053,-0.539,,-28.87,2.92,114.29,0.2,ETF
JO,AQR Risk-Balanced Commodities Strategy Fund Class N,Commodities Broad Basket,AQR Funds,97208344.0,0.0045,,,0.2032,0.4431,0.0042,,,1.33,0.79,33.13,0.13,ETF
JOET,American Century Investments One Choice 2030 Portfolio R Class,,American Century Investments,74026920.0,0.0029,,,0.0677,,,,,,,,,ETF
JOYY,American Century Investments One Choice 2030 Portfolio I Class,Industrials,American Century Investments,47515472.0,0.005,1.0,0.0,0.0663,0.3492,,,,,,,,ETF
JPEM,American Century Investments One Choice 2030 Portfolio R6 Class,Diversified Emerging Mkts,American Century Investments,172628656.0,0.0044,0.9902,0.0,0.098,0.3361,0.0675,0.0878,,-2.08,1.03,19.21,0.39,ETF
JPHY,American Century Investments One Choice 2030 Portfolio Investor Class,High Yield Bond,American Century Investments,1628221440.0,0.0024,,,0.0235,0.1228,0.0676,,,3.19,0.66,8.71,0.67,ETF
JPIB,AMG River Road Dividend All Cap Value Fund Class N,,AMG Funds,277114080.0,0.005,,,-0.0007,0.1061,0.0527,,,1.65,0.6,5.18,0.76,ETF
JPIN,Archer Dividend Growth Fund,Foreign Large Blend,Archer,872339648.0,0.0037,0.9932,0.0,0.0862,0.2997,0.0573,0.0767,,-3.02,0.95,17.06,0.34,ETF
JPMB,American Century Investments One Choice 2040 Portfolio A Class,Emerging Markets Bond,American Century Investments,84675040.0,0.0039,0.0,0.9966,-0.0138,0.0859,0.0741,,,1.63,1.25,11.52,0.58,ETF
JPME,American Century Investments One Choice 2045 Portfolio R6 Class,Mid-Cap Blend,American Century Investments,245908512.0,0.0024,0.9991,0.0,0.1754,0.4774,0.1258,0.1342,,-6.47,1.11,21.46,0.61,ETF
JPN,American Century Investments One Choice 2040 Portfolio R Class,Japan Stock,American Century Investments,24402262.0,0.0009,,,0.0026,0.2315,0.0667,0.0955,,-0.55,0.75,15.52,0.41,ETF
JPSE,American Century Investments One Choice 2040 Portfolio I Class,Small Blend,American Century Investments,175176240.0,0.0029,0.9981,0.0,0.2367,0.654,0.1361,,,-7.48,1.26,25.39,0.58,ETF
JPST,American Century Investments One Choice In Retirement Portfolio R6 Class,Ultrashort Bond,American Century Investments,17318914048.0,0.0018,,,0.002,0.0097,0.0232,,,0.54,0.14,1.3,0.84,ETF
JPUS,American Century Investments One Choice 2040 Portfolio R6 Class,Large Blend,American Century Investments,676948352.0,0.0018,0.9967,0.0,0.1648,0.4196,0.1325,0.131,,-4.76,1.01,19.42,0.68,ETF
JQUA,American Century Investments One Choice 2040 Portfolio Investor Class,Large Blend,American Century Investments,349485216.0,0.0012,0.999,0.0,0.1475,0.3658,0.1768,,,0.51,0.91,17.02,0.97,ETF
JSCP,AB Global Real Estate Investment Fund Class A,Short-Term Bond,AllianceBernstein,92367624.0,0.0033,,,,,,,,,,,,ETF
JSMD,AB Global Real Estate Investment Fund Class C,Mid-Cap Growth,AllianceBernstein,185750832.0,0.003,0.9999,0.0,0.0786,0.4219,0.1705,0.1993,,-3.98,1.23,24.95,0.71,ETF
JSML,American Century Real Estate Fund R6 Class,Small Growth,American Century Investments,146875760.0,0.003,0.9998,0.0,0.0815,0.4975,0.1918,0.2057,,-3.09,1.31,27.25,0.74,ETF
JSTC,American Century Real Estate Fund A Class,,American Century Investments,43670180.0,0.0089,0.9938,0.0,0.0536,,,,,,,,,ETF
JULZ,American Century Investments One Choice 2055 Portfolio C Class,,American Century Investments,11397583.0,0.0079,0.24,0.7558,0.1216,,,,,,,,,ETF
JUNZ,American Century Investments One Choice 2055 Portfolio A Class,,American Century Investments,3818063.0,0.0079,0.0576,0.9423,,,,,,,,,,ETF
JUSA,American Century Investments One Choice 2055 Portfolio I Class,Large Blend,American Century Investments,,0.0017,,,,,,,,,,,,ETF
JUST,American Century Investments One Choice 2055 Portfolio R Class,Large Blend,American Century Investments,241836416.0,0.002,1.0,0.0,0.1546,0.4101,0.1886,,,0.04,1.01,18.68,0.95,ETF
JVAL,American Century Investments One Choice 2055 Portfolio R6 Class,Large Value,American Century Investments,1096629248.0,0.0012,0.999,0.0,0.2183,0.5339,0.1489,,,-4.8,1.15,22.41,0.7,ETF
KALL,American Century Investments One Choice 2055 Portfolio Investor Class,China Region,American Century Investments,23087656.0,0.0049,0.9945,0.0,0.0218,0.3272,0.1508,0.1319,,6.98,0.79,19.33,0.74,ETF
KAPR,American Century Real Estate Fund R Class,Small Blend,American Century Investments,84438000.0,0.0079,,,0.0296,0.0965,,,,,,,,ETF
KARS,American Century Investments One Choice 2050 Portfolio C Class,Industrials,American Century Investments,221831040.0,0.0072,0.9941,0.0,0.1567,0.8473,0.2911,,,9.05,1.42,29.21,0.99,ETF
KBA,American Century Investments One Choice 2050 Portfolio R6 Class,China Region,American Century Investments,867455296.0,0.0059,0.9973,0.0,0.0425,0.4194,0.1934,0.136,,11.02,0.81,20.69,0.9,ETF
KBND,Ariel Focus Fund Investor Class,Emerging-Markets Local-Currency Bond,Ariel Investments,12175437.0,0.0058,,,0.008,0.1193,0.0306,0.0336,,2.4,-0.11,4.96,0.39,ETF
KBUY,American Century Investments One Choice 2050 Portfolio A Class,China Region,American Century Investments,55763616.0,0.0079,0.9935,0.0,0.0059,,,,,,,,,ETF
KBWB,American Century Investments One Choice 2050 Portfolio I Class,Financial,American Century Investments,2363817472.0,0.0035,1.0,0.0,0.2913,0.7266,0.0941,0.1678,,-8.22,1.52,31.9,0.41,ETF
KBWD,American Century Investments One Choice 2050 Portfolio Investor Class,Financial,American Century Investments,444465536.0,0.0124,1.0,0.0,0.2907,0.6535,0.0559,0.0919,0.0771,-11.99,1.68,35.1,0.33,ETF
KBWP,American Century Investments One Choice 2050 Portfolio R Class,Financial,American Century Investments,84740928.0,0.0035,1.0,0.0,0.1308,0.3897,0.1118,0.1128,0.1419,0.07,0.81,19.37,0.59,ETF
KBWR,The Arbitrage Fund Class A,Financial,Arbitrage Fund,75919096.0,0.0035,1.0,0.0,0.2748,0.7034,0.0407,0.1093,,-11.7,1.46,33.41,0.26,ETF
KBWY,American Century Investments One Choice 2060 Portfolio R6 Class,Real Estate,American Century Investments,354506048.0,0.0035,1.0,0.0,0.1513,0.3067,-0.063,-0.0078,0.0556,-22.98,1.51,32.8,-0.06,ETF
KDFI,Ariel Fund Investor Class,Multisector Bond,Ariel Investments,63181700.0,0.0046,,,0.029,0.0915,,,,,,,,ETF
KEJI,American Century Investments One Choice 2060 Portfolio C Class,,American Century Investments,4192865.0,0.0075,,,,,,,,,,,,ETF
KEMQ,American Century Investments One Choice 2060 Portfolio A Class,Diversified Emerging Mkts,American Century Investments,106651920.0,0.0061,0.999,0.0,0.0264,0.317,0.1284,,,3.19,1.07,22.74,0.58,ETF
KEMX,American Century Investments One Choice 2060 Portfolio I Class,Diversified Emerging Mkts,American Century Investments,26152124.0,0.0025,0.9947,0.0,0.0986,0.5084,,,,,,,,ETF
KESG,American Century Investments One Choice 2060 Portfolio R Class,,American Century Investments,13192271.0,0.0059,,,0.0629,,,,,,,,,ETF
KFVG,American Century Investments One Choice 2060 Portfolio Investor Class,China Region,American Century Investments,147048960.0,0.0065,0.9967,0.0,0.052,,,,,,,,,ETF
KFYP,Invesco Global Real Estate Fund Class Y,China Region,Invesco,14179191.0,0.0069,0.9966,0.0,-0.0018,0.238,0.0486,0.1328,,-1.46,0.76,19.22,0.29,ETF
KGRN,American Century Investments One Choice 2065 Portfolio C Class,China Region,American Century Investments,186036288.0,0.0079,0.9988,0.0,0.1189,1.3079,0.3552,,,23.94,1.04,31.46,1.07,ETF
KJAN,American Century Investments One Choice 2065 Portfolio R Class,Small Blend,American Century Investments,102453296.0,0.0079,0.9901,0.0,0.0766,0.2509,,,,,,,,ETF
KJUL,American Century Investments One Choice 2065 Portfolio A Class,Small Blend,American Century Investments,19930256.0,0.0079,1.0,0.0,0.0306,,,,,,,,,ETF
KLCD,American Century Investments One Choice 2065 Portfolio R6 Class,Large Blend,American Century Investments,67377960.0,0.0042,1.0,0.0,0.1184,0.3346,,,,,,,,ETF
KLDW,American Century Investments One Choice 2065 Portfolio I Class,,American Century Investments,192845168.0,0.0075,0.9967,0.0,0.1014,0.3545,0.122,0.1349,,-1.63,0.96,17.77,0.66,ETF
KMED,American Century Investments One Choice 2065 Portfolio Investor Class,Diversified Emerging Mkts,American Century Investments,5502255.0,0.008,0.9984,0.0,0.0145,0.3015,,,,,,,,ETF
KMLM,AMG River Road Dividend All Cap Value Fund Class I,Managed Futures,AMG Funds,30524892.0,0.009,,,0.1047,,,,,,,,,ETF
KNG,AB Global Real Estate Investment Fund II Class I,Large Value,AllianceBernstein,195788880.0,0.0075,0.9962,0.0,0.1419,0.3637,0.1447,,,-1.87,0.9,17.65,0.8,ETF
KNGS,AMG River Road Small-Mid Cap Value Fund Class I,,AMG Funds,12151462.0,0.006,,,,,,,,,,,,ETF
KOCT,Archer Income Fund,,Archer,41678520.0,0.0079,0.9996,0.0,0.0335,0.1198,,,,,,,,ETF
KOIN,Virtus AllianzGI Preferred Securities and Income Fund Class R6,Technology,Virtus,29019104.0,0.0095,0.9988,0.0,0.1474,0.4398,0.2171,,,6.18,1.04,19.63,1.05,ETF
KOKU,American Century Investments One Choice 2035 Portfolio C Class,,American Century Investments,767803584.0,0.0009,0.9933,0.0,0.133,0.3902,,,,,,,,ETF
KOLD,American Century Investments One Choice 2035 Portfolio R6 Class,Trading--Inverse Commodities,American Century Investments,97528456.0,0.0134,,,-0.5686,-0.6959,-0.1911,-0.0971,,33.29,-2.32,93.73,0.26,ETF
KOMP,American Century Investments One Choice 2035 Portfolio I Class,Mid-Cap Growth,American Century Investments,2128322560.0,0.002,0.9992,0.0,0.166,0.8146,,,,,,,,ETF
KORP,AMG River Road International Value Equity Fund Class N,Corporate Bond,AMG Funds,152151968.0,0.0029,,,-0.0004,0.0387,0.0581,,,0.95,0.91,5.26,0.88,ETF
KORU,AMG River Road International Value Equity Fund Class Z,Trading--Leveraged Equity,AMG Funds,50916920.0,0.0125,,,0.1508,2.6926,0.0349,0.1517,,-21.94,3.06,75.7,0.42,ETF
KRBN,Western Asset Ultra-Short Income Fund Class C1,,Franklin Templeton Investments,513663584.0,0.0079,,,0.5018,,,,,,,,,ETF
KRMA,ARGA Emerging Markets Value Fund Institutional Shares,Large Blend,AGRA,473299104.0,0.0043,0.9975,0.0,0.1514,0.4321,0.1808,,,-0.76,1.03,19.22,0.9,ETF
KSCD,Western Asset Ultra-Short Income Fund Class IS,Small Blend,Franklin Templeton Investments,40279032.0,0.0052,0.9984,0.0,0.0897,0.2941,,,,,,,,ETF
KSTR,Virtus AllianzGI Mid-Cap Growth Fund Class P,China Region,Virtus,127140112.0,0.0089,0.994,0.0,,,,,,,,,,ETF
KTEC,Western Asset Ultra-Short Income Fund Class A,China Region,Franklin Templeton Investments,2547942.0,0.0069,,,,,,,,,,,,ETF
KURE,American Century Investments One Choice 2040 Portfolio C Class,China Region,American Century Investments,269368896.0,0.0065,0.9956,0.0,0.1667,0.43,0.1933,,,13.46,0.69,26.64,0.74,ETF
KVLE,American Century Investments One Choice 2045 Portfolio A Class,Large Value,American Century Investments,32627340.0,0.0056,0.9978,0.0,0.1713,,,,,,,,,ETF
KWEB,American Century Investments One Choice 2045 Portfolio C Class,China Region,American Century Investments,4696231424.0,0.0073,0.999,0.0,-0.0913,0.1299,0.0671,0.1695,,0.58,0.94,28.49,0.33,ETF
LABD,American Century Investments One Choice 2045 Portfolio Investor Class,Trading--Inverse Equity,American Century Investments,56250624.0,0.0107,,,-0.2362,-0.7219,-0.6636,-0.6936,,-26.15,-2.62,79.25,-0.92,ETF
LABU,American Century Investments One Choice 2045 Portfolio R Class,Trading--Leveraged Equity,American Century Investments,771107136.0,0.0102,,,-0.2667,0.2395,-0.0789,0.2137,,-30.73,3.69,95.58,0.36,ETF
LBAY,American Century Real Estate Fund R5 Class,,American Century Investments,6156740.0,0.0109,,,0.1974,,,,,,,,,ETF
LBJ,AMG River Road Focused Absolute Value Fund Class N,Trading--Leveraged Equity,AMG Funds,30744126.0,0.0123,,,0.1274,0.9019,-0.3803,-0.2432,-0.3431,-42.95,2.94,86.48,0.1,ETF
LCG,AB Global Real Estate Investment Fund Class K,Large Growth,AllianceBernstein,23228484.0,0.0059,0.9975,0.0,0.101,,,,,,,,,ETF
LCR,AB Global Real Estate Investment Fund Class R,Tactical Allocation,AllianceBernstein,15104819.0,0.0079,,,0.0709,0.2007,,,,,,,,ETF
LCTD,AMG River Road Focused Absolute Value Fund Class Z,Foreign Large Blend,AMG Funds,603617984.0,0.002,0.9955,0.0,,,,,,,,,,ETF
LD,Aristotle Small Cap Equity Fund Class I,,Aristotle,738678.0,0.0075,,,0.1334,0.2585,-0.0295,0.0419,-0.0367,-5.2,0.76,21.07,-0.11,ETF
LDEM,AMG River Road Small Cap Value Fund Class I,Diversified Emerging Mkts,AMG Funds,892292480.0,0.0016,0.9941,0.0,0.1047,0.4241,,,,,,,,ETF
LDSF,Archer Stock Fund,Short-Term Bond,Archer,183446464.0,0.0077,,,0.0015,0.0266,,,,,,,,ETF
LDUR,Aristotle Core Equity Fund Class I Shares,Short-Term Bond,Aristotle,1129705856.0,0.0056,,,0.0011,0.0135,0.0327,0.0267,,1.1,0.24,2.29,0.91,ETF
LEAD,Aristotle/Saul Global Equity Fund Class I,,Aristotle,43286464.0,0.0043,,,0.1082,0.3233,0.1865,0.1724,,1.39,0.95,18.09,0.97,ETF
LEGR,Virtus AllianzGI Global Small-Cap Fund Class P,,Virtus,108572280.0,0.0065,0.9959,0.0,0.1378,0.5174,0.1514,,,0.27,1.1,20.22,0.74,ETF
LEXI,Aristotle Value Equity Fund Class I,Allocation--70% to 85% Equity,Aristotle,17155524.0,0.0103,,,,,,,,,,,,ETF
LFEQ,American Century Investments One Choice In Retirement Portfolio R Class,,American Century Investments,31922180.0,0.0058,0.9977,0.0,0.1158,0.4499,0.1576,,,-1.51,0.94,17.66,0.85,ETF
LGBT,Aristotle Strategic Credit Fund,,Aristotle,,0.0075,,,,,,,,,,,,ETF
LGH,Nuveen Small Cap Select Fund Class I,Large Blend,Nuveen,195732064.0,0.0123,,,0.21,0.5906,,,,,,,,ETF
LGLV,AMG River Road Small Cap Value Fund Class N,Large Blend,AMG Funds,573564736.0,0.0012,0.9977,0.0,0.1217,0.3341,0.1635,0.1376,,0.49,0.84,16.83,0.92,ETF
LGOV,AB Global Real Estate Investment Fund Advisor Class,Long Government,AllianceBernstein,36199008.0,0.007,,,-0.0262,-0.035,,,,,,,,ETF
LIT,AMG River Road Small-Mid Cap Value Fund Class Z,Natural Resources,AMG Funds,3639320576.0,0.0075,0.9968,0.0,0.1714,1.2938,0.3284,0.2633,0.0783,12.78,1.4,32.12,1.01,ETF
LIV,American Century Investments One Choice In Retirement Portfolio A Class,,American Century Investments,6739939.0,0.0049,1.0,0.0,0.0144,,,,,,,,,ETF
LKOR,Artisan High Income Fund Investor Shares,,Artisan,48531428.0,0.0022,,,-0.0823,0.0885,0.083,0.067,,-1.45,2.7,11.36,0.65,ETF
LMBS,Artisan Global Value Fund Investor Class,Short Government,Artisan,7260252160.0,0.0068,,,-0.0006,0.0064,0.0227,0.023,,-0.12,0.3,1.63,0.7,ETF
LOPP,Artisan Global Equity Fund Investor Class,,Artisan,9048931.0,,,,,,,,,,,,,ETF
LOPX,Artisan International Fund Investor Class,Small Blend,Artisan,,0.005,,,,,,,,,,,,ETF
LOUP,Artisan International Small-Mid Fund Investor Share,,Artisan,92257560.0,0.007,0.9979,0.0,0.0556,0.8299,,,,,,,,ETF
LOWC,Artisan International Value Fund Investor Class,,Artisan,114250656.0,0.002,0.9965,0.0,0.1228,0.3954,0.152,0.1477,,0.53,1.0,17.91,0.81,ETF
LQDB,Artisan Value Fund Investor Class,,Artisan,,0.0015,,,,,,,,,,,,ETF
LRGE,Artisan Select Equity Fund Investor Shares,Large Growth,Artisan,158945712.0,0.006,,,0.1166,0.3729,0.2221,,,2.97,1.01,19.35,1.08,ETF
LRNZ,American Century Investments One Choice In Retirement Portfolio Investor Class,Technology,American Century Investments,29695528.0,0.0069,0.9974,0.0,-0.0394,0.3575,,,,,,,,ETF
LSAF,Virtus AllianzGI Technology Fund Class P,Large Blend,Virtus,129052736.0,0.0075,,,0.1449,0.4012,,,,,,,,ETF
LSAT,Artisan Mid Cap Value Fund Investor Class,,Artisan,95819952.0,0.0099,0.9906,0.0,0.15,,,,,,,,,ETF
LSLT,Artisan Small Cap Fund Investor Shares,,Artisan,6247481.0,0.006,0.999,0.0,-0.0351,0.0858,,,,,,,,ETF
LSST,Artisan Developing World Fund Investor Shares,Short-Term Bond,Artisan,35283752.0,0.0038,,,0.003,0.0223,0.041,,,1.45,0.34,2.33,1.21,ETF
LTL,Artisan Sustainable Emerging Markets Fund Investor Class,Trading--Leveraged Equity,Artisan,2417490.0,0.0095,,,0.2263,0.4888,0.1133,-0.0048,0.0574,-14.9,1.69,35.0,0.43,ETF
LTPZ,American Century Investments One Choice 2025 Portfolio A Class,Inflation-Protected Bond,American Century Investments,607152256.0,0.002,,,-0.0135,0.0587,0.1083,0.0701,0.0637,-2.29,2.98,11.35,0.86,ETF
LUXE,American Century Investments One Choice 2025 Portfolio C Class,,American Century Investments,2976577.0,0.006,1.0,0.0,0.1026,,,,,,,,,ETF
LVHD,American Century Investments One Choice 2025 Portfolio I Class,Large Value,American Century Investments,743712576.0,0.0027,0.9941,0.0,0.1348,0.3112,0.1047,0.0876,,-4.35,0.82,16.76,0.61,ETF
LVHI,American Century Investments One Choice 2025 Portfolio Investor Class,Foreign Large Value,American Century Investments,70851416.0,0.004,,,0.1284,0.2256,0.0595,,,-1.52,0.75,15.04,0.36,ETF
LVOL,American Century Investments One Choice 2030 Portfolio C Class,Large Blend,American Century Investments,5342961.0,0.0029,0.9977,0.0,,,,,,,,,,ETF
LYFE,American Century Investments One Choice 2025 Portfolio R Class,Large Blend,American Century Investments,12919188.0,0.0075,,,0.1636,,,,,,,,,ETF
MAAX,American Century Investments One Choice 2035 Portfolio A Class,,American Century Investments,3762739.0,0.0035,0.0,0.9955,0.0158,0.0794,,,,,,,,ETF
MAGA,American Century Real Estate Fund C Class,Large Value,American Century Investments,12678522.0,0.0072,0.9974,0.0,0.2215,0.5503,0.1199,,,-8.99,1.28,24.98,0.54,ETF
MAMB,American Century Global Real Estate Fund R6 Class,,American Century Investments,,0.0147,,,,,,,,,,,,ETF
MARB,American Century Global Real Estate Fund R5 Class,,American Century Investments,10804506.0,0.023,,,0.0042,0.0165,,,,,,,,ETF
MARZ,American Century Global Real Estate Fund I Class,,American Century Investments,7430360.0,0.0079,,,,,,,,,,,,ETF
MAYZ,American Century Investments One Choice 2035 Portfolio R Class,,American Century Investments,7659163.0,0.0079,0.0567,0.9394,,,,,,,,,,ETF
MBB,American Century Global Real Estate Fund Investor Class,Intermediate Government,American Century Investments,25693007872.0,0.0006,,,-0.0094,-0.004,0.0372,0.0215,0.0244,0.68,0.44,2.06,1.27,ETF
MBBB,American Century Global Real Estate Fund Y Class,Corporate Bond,American Century Investments,10076427.0,0.0025,,,0.0054,,,,,,,,,ETF
MBCC,American Century Short Duration Strategic Income Fund A Class,,American Century Investments,17307488.0,0.0125,0.9989,0.0,,,,,,,,,,ETF
MBND,American Century Strategic Allocation: Moderate Fund I Class,Muni National Interm,American Century Investments,45164052.0,0.004,,,,,,,,,,,,ETF
MBOX,American Century Strategic Allocation: Aggressive Fund R5 Class,Large Value,American Century Investments,16143885.0,0.0039,0.9967,0.0,,,,,,,,,,ETF
MBSD,American Funds Short-Term Bond Fund of America Class A,Intermediate Government,American Funds,109767800.0,0.002,,,-0.008,0.003,0.0397,0.0194,,1.21,0.34,1.54,1.77,ETF
MCEF,American Funds Short-Term Bond Fund of America Class C,Muni National Long,American Funds,13861655.0,0.0265,,,0.1039,0.2248,0.1075,,,1.58,2.02,9.18,1.01,ETF
MCHI,American Funds Short-Term Bond Fund of America Class F-1,China Region,American Funds,7330310144.0,0.0059,0.9954,0.0,0.0204,0.272,0.0988,0.1583,0.0702,3.17,0.74,19.74,0.51,ETF
MCRO,American Century Short Duration Strategic Income Fund C Class,World Allocation,American Century Investments,4321818.0,0.0067,,,0.0193,0.1124,0.0502,0.0413,0.0144,-1.78,0.56,6.77,0.56,ETF
MDIV,Virtus AllianzGI Small-Cap Fund R6,Allocation--50% to 70% Equity,Virtus,491046688.0,0.0068,,,0.1572,0.3069,0.0341,0.0344,,-12.76,1.74,22.51,0.22,ETF
MDYG,Lisanti Small Cap Growth Fund,Mid-Cap Growth,Lisanti SmallCap,1666582272.0,0.0015,0.9995,0.0,0.1211,0.4507,0.1403,0.1512,0.1244,-5.39,1.11,21.63,0.66,ETF
MDYV,AB Select US Long/Short Portfolio Class C,Mid-Cap Value,AllianceBernstein,1641398656.0,0.0015,0.9986,0.0,0.2278,0.6113,0.114,0.1273,0.1168,-10.2,1.33,26.68,0.5,ETF
MEAR,American Century Small Company Fund I Class,Muni National Short,American Century Investments,265965104.0,0.0025,,,0.0008,0.0056,0.0131,0.011,,-0.3,0.11,0.6,0.24,ETF
MEXX,American Century Small Company Fund R Class,Trading--Leveraged Equity,American Century Investments,23749800.0,0.0123,,,0.3208,2.0219,-0.2443,,,-36.36,3.0,81.28,0.21,ETF
MFDX,Alger Small Cap Growth Fund Class Z,Foreign Large Blend,Alger,88977552.0,0.004,,,0.093,0.3239,0.0751,,,-1.43,0.95,17.12,0.43,ETF
MFEM,AAM/HIMCO Short Duration Fund Class A,Diversified Emerging Mkts,AAM,494443328.0,0.0049,,,0.143,0.5211,0.1161,,,2.12,1.06,19.96,0.6,ETF
MFMS,AAM/HIMCO Short Duration Fund Class C,Small Growth,AAM,185586048.0,0.0085,,,0.0379,0.476,,,,,,,,ETF
MFUS,American Century Short Duration Fund R6 CLASS,Large Blend,American Century Investments,82677192.0,0.003,0.991,0.0,0.162,0.4372,0.1366,,,-4.4,1.0,18.94,0.7,ETF
MGC,American Century Select Fund R6 Class,Large Blend,American Century Investments,4133430016.0,0.0007,1.0,0.0,0.1486,0.4117,0.1986,0.1855,0.1526,1.14,0.99,18.4,1.01,ETF
MGK,American Century Short Duration Strategic Income Fund I Class,Large Growth,American Century Investments,11397450752.0,0.0007,1.0,0.0,0.1384,0.4238,0.2582,0.2389,0.1814,5.72,1.02,19.96,1.19,ETF
MGMT,AAM/HIMCO Short Duration Fund Class I,Small Blend,AAM,30536358.0,0.011,,,0.3488,,,,,,,,,ETF
MGV,American Century Short Duration Strategic Income Fund R5 Class,Large Value,American Century Investments,4516962304.0,0.0007,1.0,0.0,0.1597,0.3938,0.1325,0.1306,0.1231,-3.83,0.95,18.41,0.7,ETF
MID,American Century Short Duration Fund G Class,Mid-Cap Growth,American Century Investments,17595048.0,0.0045,0.99,0.0,0.0819,,,,,,,,,ETF
MIDE,American Century Short Duration Strategic Income Fund R Class,,American Century Investments,12162815.0,0.0015,0.9999,0.0,,,,,,,,,,ETF
MIDU,American Century Short Duration Strategic Income Fund Investor Class,Trading--Leveraged Equity,American Century Investments,110520952.0,0.0103,,,0.5241,2.1491,0.0887,0.2156,0.2101,-26.51,3.63,71.59,0.53,ETF
MIG,Nuveen Small Cap Select Fund Class R6,Corporate Bond,Nuveen,15021559.0,0.002,,,0.001,,,,,,,,,ETF
MILN,Nuveen Small Cap Select Fund Class R3,Large Growth,Nuveen,202081280.0,0.005,0.9984,0.0,0.1571,0.5697,0.2528,0.2388,,3.06,1.2,23.75,1.02,ETF
MINC,American Century Select Fund R Class,,American Century Investments,99690896.0,0.0076,,,0.0008,0.0446,0.0324,0.0269,,0.42,0.41,3.55,0.55,ETF
MINN,AlphaSimplex Managed Futures Strategy Fund Class C,Muni Minnesota,Natixis Funds,12605519.0,0.0039,,,,,,,,,,,,ETF
MINT,Arrow DWA Tactical: Income Fund Class A,Ultrashort Bond,Arrow Funds,14024233984.0,0.0036,,,0.0012,0.0084,0.0198,0.0193,0.0144,0.1,0.16,1.84,0.41,ETF
MJ,Absolute Strategies Fund Institutional Class,Miscellaneous Sector,Absolute Strategies,1605340544.0,0.0075,0.9451,0.048,0.4397,0.6417,-0.0775,-0.0152,,-20.98,1.81,56.21,0.08,ETF
MJUS,Arrow DWA Tactical: Income Fund Institutional Class,,Arrow Funds,,0.0075,,,,,,,,,,,,ETF
MLN,Arrow DWA Tactical: Income Fund Class C,Muni National Long,Arrow Funds,238465760.0,0.0024,0.0,1.0,0.0188,0.0631,0.0629,0.0371,0.0558,-0.65,1.47,6.0,0.84,ETF
MLPA,AlphaSimplex Managed Futures Strategy Fund Class Y,Energy Limited Partnership,Natixis Funds,1024138944.0,0.0046,0.9979,0.0,0.4802,0.6043,-0.0149,-0.0262,,-19.72,2.06,47.42,0.2,ETF
MLPO,Virtus AllianzGI Global Dynamic Allocation Fund Class A,Energy Limited Partnership,Virtus,24882130.0,0.0095,,,0.5969,0.4509,-0.0182,0.0034,,-19.95,1.92,44.25,0.16,ETF
MLPX,American Century Short-Term Government Fund I Class,Energy Limited Partnership,American Century Investments,745640128.0,0.0045,0.9991,0.0,0.3957,0.5844,0.0376,0.0359,,-14.78,1.78,38.26,0.27,ETF
MMIN,Transamerica Small Cap Growth A,Muni National Interm,Transamerica,453392736.0,0.0031,,,0.0084,0.0417,0.0629,,,1.01,1.01,4.19,1.18,ETF
MMIT,Virtus AllianzGI Short Duration High Income Fund Class A,Muni National Interm,Virtus,179963936.0,0.003,,,0.0123,0.0488,0.0604,,,0.73,0.97,3.93,1.15,ETF
MMLG,Virtus AllianzGI Short Duration High Income Fund Class C,,Virtus,19153534.0,0.0085,,,0.0644,,,,,,,,,ETF
MMTM,American Century Short Duration Fund I Class,Large Growth,American Century Investments,86289496.0,0.0012,0.9976,0.0,0.1255,0.3671,0.1669,0.1679,,-1.07,0.97,18.22,0.88,ETF
MNA,Virtus AllianzGI Short Duration High Income Fund Institutional Class,,Virtus,744702080.0,0.0077,,,0.0057,0.0876,0.0375,0.0386,0.0336,0.34,0.17,6.91,0.39,ETF
MOAT,Virtus AllianzGI Short Duration High Income Fund Class P,Large Blend,Virtus,6249643008.0,0.0047,0.9971,0.0,0.1945,0.4388,0.2118,0.195,,1.63,1.04,20.02,1.0,ETF
MOO,Virtus AllianzGI Short Duration High Income Fund Class R6,Natural Resources,Virtus,1175248512.0,0.0055,0.9989,0.0,0.1693,0.5311,0.1514,0.1543,0.0733,0.68,1.0,19.05,0.77,ETF
MOON,Invesco Asia Pacific Growth Fund Class A,Technology,Invesco,189651872.0,0.0065,,,0.1535,,,,,,,,,ETF
MORT,Invesco Asia Pacific Growth Fund Class C,Real Estate,Invesco,344054528.0,0.004,1.0,0.0,0.2057,0.6064,0.0259,0.0686,,-12.43,1.77,39.82,0.31,ETF
MOTI,American Century Strategic Income Fund Investor Class,Foreign Large Value,American Century Investments,71432016.0,0.0058,0.9984,0.0,0.0661,0.2978,0.0664,0.1006,,-2.91,1.05,19.11,0.36,ETF
MOTO,American Century Strategic Income Fund I Class,,American Century Investments,14713177.0,0.0068,0.9961,0.0,0.1138,0.721,,,,,,,,ETF
MPRO,American Century Strategic Income Fund C Class,,American Century Investments,49438496.0,0.0136,,,,,,,,,,,,ETF
MRAD,American Century Strategic Income Fund R5 Class,,American Century Investments,2878516.0,0.0068,0.9957,0.0,0.1424,,,,,,,,,ETF
MRGR,AB Select US Long/Short Portfolio Class I,,AllianceBernstein,44793408.0,0.0075,,,0.0483,0.0862,0.0552,0.0304,,2.42,0.11,3.73,1.07,ETF
MRSK,Alger Weatherbie Specialized Growth Fund Class I,,Alger,7764039.0,0.0096,,,0.1115,0.2862,,,,,,,,ETF
MSOS,American Century Strategic Income Fund R6 Class,Miscellaneous Sector,American Century Investments,950710464.0,0.0074,,,0.0962,,,,,,,,,ETF
MSTB,American Century Strategic Income Fund A Class,,American Century Investments,128705688.0,0.0118,,,0.1177,,,,,,,,,ETF
MSVX,Alger Small Cap Growth Institutional Fund Class R,Long-Short Equity,Alger,23660478.0,0.015,,,0.0824,0.1277,,,,,,,,ETF
MTGP,Invesco Asia Pacific Growth Fund Class R6,Intermediate Government,Invesco,35602812.0,0.0045,0.0,0.9973,-0.0013,0.016,,,,,,,,ETF
MTUL,American Century Strategic Income Fund R Class,Trading--Leveraged Equity,American Century Investments,24834700.0,0.0095,,,,,,,,,,,,ETF
MTUM,Invesco Asia Pacific Growth Fund Class Y,Large Growth,Invesco,15305212928.0,0.0015,0.9982,0.0,0.0767,0.3305,0.1782,0.1923,,0.7,0.92,18.41,0.92,ETF
MUB,AB Select US Long/Short Portfolio Class A,Muni National Interm,AllianceBernstein,22714054656.0,0.0007,,,0.0079,0.0358,0.0481,0.0288,0.0385,-0.23,0.97,3.92,0.9,ETF
MUNI,American Century Select Fund R5 Class,Muni National Interm,American Century Investments,635808000.0,0.0035,,,0.0075,0.0384,0.0469,0.0292,0.0328,0.08,0.87,3.51,0.98,ETF
MUSI,AB Select US Long/Short Portfolio Class K,Multisector Bond,AllianceBernstein,19995224.0,0.0035,,,,,,,,,,,,ETF
MUST,American Century Select Fund Y Class,Muni National Interm,American Century Investments,110388144.0,0.0023,,,0.0148,0.0603,,,,,,,,ETF
MVP,American Century Strategic Allocation: Moderate Fund R6 Class,,American Century Investments,11515677.0,0.0075,,,,,,,,,,,,ETF
MVV,Invesco Summit Fund Class A,Trading--Leveraged Equity,Invesco,175027920.0,0.0095,,,0.3478,1.229,0.1521,0.2075,0.1838,-17.77,2.44,48.02,0.53,ETF
MXDU,AQR Small Cap Momentum Style Fund Class N,Large Blend,AQR Funds,119548696.0,0.0034,0.9971,0.0,0.1159,0.3692,0.1548,,,-1.81,0.95,18.28,0.82,ETF
MYY,AQR Small Cap Momentum Style Fund Class I,Trading--Inverse Equity,AQR Funds,12094094.0,0.0095,,,-0.1675,-0.3779,-0.1666,-0.1589,-0.1457,3.0,-1.14,22.32,-0.77,ETF
MZZ,American Century Strategic Allocation: Moderate Fund R Class,Trading--Inverse Equity,American Century Investments,2033986.0,0.0095,,,-0.318,-0.6244,-0.3579,-0.3264,-0.2973,2.16,-2.14,42.68,-0.84,ETF
NACP,American Century Strategic Allocation: Moderate Fund R5 Class,,American Century Investments,28620278.0,0.0049,0.9949,0.0,0.1061,0.4974,,,,,,,,ETF
NAIL,Invesco Summit Fund Class Y,Trading--Leveraged Equity,Invesco,470225600.0,0.01,,,0.687,1.8926,0.1219,0.2602,,0.72,4.06,96.56,0.75,ETF
NANR,Alger Weatherbie Specialized Growth Fund Class Z,Natural Resources,Alger,558150656.0,0.0035,0.9982,0.0,0.2681,0.469,0.071,0.0702,,-10.34,1.45,30.11,0.33,ETF
NAPR,Alger Spectra Fund Class C,Large Blend,Alger,52977668.0,0.0079,0.9925,0.0,0.0504,0.0917,,,,,,,,ETF
NEAR,Astor Sector Allocation Fund Class A,Ultrashort Bond,Astor,4827037184.0,0.0025,,,0.0035,0.0133,0.0202,0.0182,,-0.03,0.21,2.52,0.33,ETF
NERD,Alger Spectra Fund Class I,Consumer Cyclical,Alger,98946024.0,0.005,0.993,0.0,0.0464,0.5043,,,,,,,,ETF
NETL,Alger Spectra Fund Class Y,Real Estate,Alger,98003568.0,0.006,0.9996,0.0,0.167,0.3929,,,,,,,,ETF
NFLT,Alger Spectra Fund Class Z,Multisector Bond,Alger,20379072.0,0.005,,,0.0087,0.0945,0.0603,0.0504,,1.7,0.79,7.47,0.66,ETF
NFRA,American Century Small Company Fund A Class,Infrastructure,American Century Investments,2891269888.0,0.0047,0.9939,0.0,0.0797,0.2312,0.1047,0.0778,,-1.06,0.78,15.17,0.65,ETF
NFTY,American Century Small Company Fund C Class,India Equity,American Century Investments,76421368.0,0.008,0.9993,0.0001,0.1732,0.6036,0.0802,0.1035,,-0.28,1.12,26.25,0.38,ETF
NGE,American Century Small Company Fund R5 Class,Miscellaneous Region,American Century Investments,42941212.0,0.0089,,,0.1049,0.4368,-0.1156,-0.0626,,-12.28,0.75,29.41,-0.18,ETF
NIB,American Century Small Company Fund Investor Class,,American Century Investments,17759000.0,0.0075,,,-0.0763,0.1118,-0.0123,-0.0527,-0.0425,0.83,0.34,30.89,0.07,ETF
NIFE,Invesco Global Real Estate Income Fund Class A,Mid-Cap Blend,Invesco,11685861.0,0.005,0.9992,0.0,0.1941,0.635,,,,,,,,ETF
NJAN,Invesco Global Real Estate Income Fund Class C,Large Growth,Invesco,116111896.0,0.0079,0.9947,0.0,0.0661,0.1145,,,,,,,,ETF
NJUL,Invesco Global Real Estate Income Fund Class R6,,Invesco,26532632.0,0.0079,1.0,0.0,0.0326,,,,,,,,,ETF
NLR,Invesco Global Real Estate Income Fund Class R5,Miscellaneous Sector,Invesco,25731980.0,0.006,,,0.066,0.2614,0.0383,0.0434,0.0192,-5.35,0.64,15.38,0.24,ETF
NOBL,AB Select US Long/Short Portfolio Class R,Large Value,AllianceBernstein,8575520256.0,0.0035,0.9977,0.0,0.1452,0.3756,0.1583,0.1318,,-1.11,0.92,17.96,0.84,ETF
NOCT,Invesco Global Real Estate Income Fund Class Y,,Invesco,57400072.0,0.0081,1.0,0.0,0.0645,0.1544,,,,,,,,ETF
NORW,American Century Strategic Allocation: Aggressive Fund C Class,Miscellaneous Region,American Century Investments,46266192.0,0.005,0.9975,0.0,0.1493,0.528,0.0387,0.1012,0.0235,-7.5,1.5,28.39,0.23,ETF
NTSE,American Century Strategic Allocation: Moderate Fund C Class,,American Century Investments,,0.0032,,,,,,,,,,,,ETF
NTSI,American Funds Short-Term Tax-Exempt Bond Fund Class A,,American Funds,,0.0026,,,,,,,,,,,,ETF
NTSX,American Funds Short-Term Tax-Exempt Bond Fund Class F-2,Large Blend,American Funds,517255488.0,0.002,0.604,0.3954,0.1154,0.344,,,,,,,,ETF
NUAG,Astor Dynamic Allocation Fund Class I,Intermediate-Term Bond,Astor,62402600.0,0.002,,,-0.0188,0.0032,0.0536,,,-0.66,1.19,4.55,0.92,ETF
NUBD,Astor Dynamic Allocation Fund Class A,Intermediate-Term Bond,Astor,255479120.0,0.002,,,-0.0186,-0.0154,0.0496,,,-0.37,1.01,3.59,1.06,ETF
NUDM,Astor Macro Alternative Fund Class A,,Astor,99215304.0,0.004,,,0.0344,0.4621,0.0712,,,0.82,1.0,18.07,0.4,ETF
NUEM,Virtus AllianzGI Global Sustainability Fund Institutional Class,,Virtus,92348056.0,0.0045,0.9972,0.0,0.0638,0.5928,0.0991,,,3.08,0.96,19.2,0.51,ETF
NUGT,Virtus AllianzGI Global Sustainability Fund Class P,Trading--Leveraged Equity,Virtus,908583424.0,0.0114,,,-0.1628,-0.2568,-0.2157,-0.3493,-0.497,-12.85,2.25,100.24,0.27,ETF
NUHY,Astor Dynamic Allocation Fund Class C,High Yield Bond,Astor,89102416.0,0.0035,,,0.0124,0.1064,,,,,,,,ETF
NULC,Virtus AllianzGI Global Sustainability Fund Class A,Large Blend,Virtus,26080614.0,0.002,0.9984,0.0,0.1489,0.4246,,,,,,,,ETF
NULG,American Beacon Small Cap Value Fund C Class,,American Beacon,660049280.0,0.0035,0.9984,0.0,0.0908,0.5569,0.2688,,,6.38,1.04,20.03,1.23,ETF
NULV,American Century Small Cap Value Fund R6 Class,,American Century Investments,917930624.0,0.0035,0.999,0.0,0.1336,0.4095,0.123,,,-4.88,0.96,18.7,0.64,ETF
NUMG,American Century Small Cap Value Fund R5 Class,,American Century Investments,305542848.0,0.004,0.9987,0.0,0.0651,0.6148,0.2465,,,4.18,1.09,21.96,1.06,ETF
NUMV,American Century Small Cap Value Fund G Class,,American Century Investments,217782416.0,0.004,0.9992,0.0,0.2062,0.6233,0.1167,,,-7.56,1.16,23.21,0.56,ETF
NURE,American Century Small Cap Value Fund Investor Class,Real Estate,American Century Investments,49237192.0,0.0035,1.0,0.0,0.2693,0.5362,0.1115,,,-1.59,0.94,20.61,0.56,ETF
NUSA,American Century Small Cap Value Fund C Class,Short-Term Bond,American Century Investments,40378372.0,0.002,,,-0.0015,0.0095,0.0397,,,0.94,0.44,2.02,1.37,ETF
NUSC,Virtus NFJ Small-Cap Value Fund Class P,,Virtus,860505664.0,0.004,0.9986,0.0,0.1635,0.8031,0.18,,,-3.4,1.25,25.08,0.74,ETF
NUSI,American Century Small Cap Value Fund R Class,,American Century Investments,389177152.0,0.0068,0.9975,0.0,0.0644,0.1168,,,,,,,,ETF
NVQ,American Century Small Cap Value Fund Y Class,Mid-Cap Value,American Century Investments,5666319.0,0.0075,0.9956,0.0,0.2268,,,,,,,,,ETF
NXTG,American Century Short Duration Strategic Income Fund R6 Class,Technology,American Century Investments,1063927680.0,0.007,0.9912,0.0,0.1058,0.4151,0.1738,0.1696,0.1227,3.73,0.9,17.46,0.93,ETF
OBOR,American Century Short Duration Strategic Income Fund Y Class,,American Century Investments,10654498.0,0.008,,,0.1393,0.5528,0.1036,,,-2.77,0.99,20.39,0.51,ETF
OCIO,American Century Strategic Income Fund Y Class,Allocation--50% to 70% Equity,American Century Investments,128953464.0,0.0062,,,0.0797,0.2307,0.098,,,-1.18,1.0,11.43,0.78,ETF
OCTZ,AB Select US Long/Short Portfolio Advisor Class,,AllianceBernstein,4548273.0,0.0079,,,0.114,,,,,,,,,ETF
OEUR,Alger Weatherbie Specialized Growth Fund Class Y,Europe Stock,Alger,26596904.0,0.0048,0.9978,0.0,0.1472,0.2961,0.0924,0.0717,,0.72,0.84,15.81,0.54,ETF
OGIG,ATAC Rotation Fund Investor Class,,ATAC Fund,753612224.0,0.0048,0.999,0.0,0.0076,0.864,,,,,,,,ETF
OILK,American Trust Allegiance Fund,,American Trust Company,90070112.0,0.0068,,,0.5065,0.768,-0.213,,,-17.2,2.76,55.59,-0.12,ETF
OLD,Anchor Risk Managed Global Strategies Fund Advisor Class Shares,Real Estate,Anchor,26093368.0,0.003,0.9992,0.0,0.1126,0.4351,0.1128,0.0752,,-2.93,1.09,24.24,0.51,ETF
OMFL,Anchor Risk Managed Municipal Strategies Fund Advisor Class Shares,Large Blend,Anchor,1568427904.0,0.0029,1.0,0.0,0.1833,0.5977,0.2257,,,3.6,1.01,20.63,1.03,ETF
OMFS,American Century Intermediate-Term Tax-Free Bond Fund Y Class,Small Blend,American Century Investments,104704488.0,0.0039,0.9919,0.0,0.2652,0.8333,0.1689,,,-3.74,1.21,26.16,0.68,ETF
ONEO,Anchor Risk Managed Credit Strategies Fund Advisor Class Shares,Mid-Cap Blend,Anchor,312234496.0,0.002,0.9989,0.0,0.1706,0.4602,0.1247,0.1331,,-7.34,1.15,22.09,0.59,ETF
ONEQ,AB Tax-Aware Fixed Income Opportunities Portfolio Class C,Large Growth,AllianceBernstein,4283771648.0,0.0021,0.998,0.0,0.1261,0.4504,0.257,0.2569,0.192,5.09,1.06,20.66,1.16,ETF
ONEV,ATAC Rotation Fund Institutional Class,Mid-Cap Value,ATAC Fund,543565568.0,0.002,0.9994,0.0,0.1673,0.4401,0.149,0.1452,,-3.3,1.02,19.88,0.74,ETF
ONEY,Anchor Risk Managed Credit Strategies Fund Institutional Class,Mid-Cap Value,Anchor,655207104.0,0.002,0.9976,0.0,0.2796,0.6619,0.1406,0.1565,,-6.73,1.26,26.04,0.6,ETF
ONLN,Anchor Risk Managed Equity Strategies Fund Advisor Class,Consumer Cyclical,Anchor,1101521152.0,0.0058,1.0,0.0,0.0662,0.5886,,,,,,,,ETF
ONOF,AB Sustainable Global Thematic Fund Class C,,AllianceBernstein,72334944.0,0.0039,0.9986,0.0,,,,,,,,,,ETF
OOTO,AB Sustainable Global Thematic Fund Class K,Trading--Leveraged Equity,AllianceBernstein,8977993.0,0.0107,,,,,,,,,,,,ETF
OPER,AB Sustainable Global Thematic Fund Class R,Ultrashort Bond,AllianceBernstein,175169504.0,0.002,,,0.0018,0.0041,,,,,,,,ETF
OPPX,Anchor Risk Managed Equity Strategies Fund Institutional Class,,Anchor,7054845.0,0.0075,,,,,,,,,,,,ETF
OSCV,AB Sustainable Global Thematic Fund Advisor Class,Small Blend,AllianceBernstein,118941880.0,0.0079,1.0,0.0,0.1691,0.4969,,,,,,,,ETF
OUNZ,Invesco Limited Term Municipal Income Fund Class A,,Invesco,466021472.0,0.0025,,,-0.0702,-0.0092,0.1185,0.0558,,10.68,0.09,15.03,0.73,ETF
OUSA,Invesco Limited Term Municipal Income Fund Class C,Large Value,Invesco,688720320.0,0.0048,0.9921,0.0,0.1066,0.2921,0.1384,0.1134,,-2.23,0.86,16.69,0.78,ETF
OUSM,Invesco Limited Term Municipal Income Fund Class R5,,Invesco,143109360.0,0.0048,0.9988,0.0,0.1385,0.5199,0.1323,,,-6.32,1.13,21.91,0.62,ETF
OVB,Invesco Limited Term Municipal Income Fund Class R6,Intermediate-Term Bond,Invesco,129203544.0,0.008,,,0.0011,0.0312,,,,,,,,ETF
OVF,Invesco Limited Term Municipal Income Fund Class Y,Foreign Large Blend,Invesco,6161503.0,0.0095,,,0.0695,0.225,,,,,,,,ETF
OVL,American Century International Growth Fund R6 Class,Large Blend,American Century Investments,185318080.0,0.0079,0.9999,0.0,0.1796,0.4593,,,,,,,,ETF
OVLH,American Century International Growth Fund R5 Class,Large Blend,American Century Investments,9659576.0,0.0078,,,,,,,,,,,,ETF
OVM,American Century International Growth Fund R Class,Muni National Interm,American Century Investments,10550974.0,0.0082,,,0.0361,0.0794,,,,,,,,ETF
OVS,Anchor Risk Managed Global Strategies Fund Institutional Class Shares,Small Blend,Anchor,5615300.0,0.0083,,,0.2611,0.7353,,,,,,,,ETF
OVT,American Century Heritage Fund A Class,Short-Term Bond,American Century Investments,35412800.0,0.008,,,,,,,,,,,,ETF
PAK,American Century Heritage Fund R6 Class,Miscellaneous Region,American Century Investments,27034420.0,0.009,0.9978,0.0,0.0472,0.3702,-0.0836,-0.0887,,-15.82,1.18,32.33,-0.15,ETF
PALC,American Century Heritage Fund R5 Class,Large Blend,American Century Investments,56212748.0,0.006,0.9997,0.0,0.3002,0.5782,,,,,,,,ETF
PALL,American Century Heritage Fund I Class,,American Century Investments,505268864.0,0.006,,,0.1311,0.4206,0.4204,0.3514,0.1315,36.42,0.23,28.3,1.32,ETF
PAMC,American Century Heritage Fund R Class,Mid-Cap Blend,American Century Investments,38563152.0,0.006,0.9957,0.0,0.1479,0.5183,,,,,,,,ETF
PAPR,American Century Heritage Fund Y Class,,American Century Investments,255854512.0,0.0079,0.991,0.0,0.0433,0.0976,,,,,,,,ETF
PAUG,Aquila Three Peaks High Income Fund Class Institutional,,Aquila,73455512.0,0.0079,1.0,0.0,0.0364,0.14,,,,,,,,ETF
PAVE,Atlas U.S. Tactical Income Fund Class A,,"ATLAS US. TACTICAL INCOME FUND, INC.",3688363008.0,0.0047,0.9989,0.0,0.2489,0.8114,0.1798,,,0.46,1.37,26.29,0.71,ETF
PAWZ,Atlas U.S. Tactical Income Fund Class C,Miscellaneous Sector,"ATLAS US. TACTICAL INCOME FUND, INC.",323540800.0,0.005,0.9971,0.0,0.1322,0.6424,,,,,,,,ETF
PBD,PIMCO Strategic Bond Fund Class A,Miscellaneous Sector,PIMCO,422858336.0,0.0075,,,-0.1065,0.966,0.3999,0.2592,0.102,17.99,1.39,31.76,1.18,ETF
PBDM,PIMCO Strategic Bond Fund Class C,Foreign Large Blend,PIMCO,8802117.0,0.0007,0.9983,0.0,0.0921,0.3359,0.0805,,,-0.7,1.01,18.04,0.48,ETF
PBEE,Anchor Risk Managed Municipal Strategies Fund Institutional Class,Diversified Emerging Mkts,Anchor,9104960.0,0.0016,0.9964,0.0,0.0942,0.386,0.1118,,,2.34,0.96,18.32,0.61,ETF
PBND,Aberdeen Ultra Short Municipal Income Fund Class A,Intermediate-Term Bond,Aberdeen,20756916.0,0.0005,0.0,0.991,-0.0179,-0.0079,0.0522,,,-0.17,1.01,3.56,1.13,ETF
PBP,Aberdeen Ultra Short Municipal Income Fund Class A1,,Aberdeen,170879600.0,0.0049,0.9997,0.0,0.1095,0.263,0.0481,0.0645,0.0629,-8.21,0.72,14.59,0.31,ETF
PBSM,Aberdeen Ultra Short Municipal Income Fund Institutional Class,Small Blend,Aberdeen,43475168.0,0.0006,1.0,0.0,0.1861,0.62,0.1294,,,-6.55,1.27,25.22,0.63,ETF
PBTP,Aperture Endeavour Equity Fund Institutional Shares,Inflation-Protected Bond,Aperture Investors,42131376.0,0.0007,,,0.0291,0.0592,0.0427,,,1.97,0.21,1.86,1.47,ETF
PBUS,Aquila Three Peaks High Income Fund Class A,Large Blend,Aquila,2058950272.0,0.0004,1.0,0.0,0.1469,0.4232,0.1897,,,0.26,1.02,18.86,0.97,ETF
PCEF,Aquila Three Peaks High Income Fund Class C,Allocation--15% to 30% Equity,Aquila,929734080.0,0.0234,,,0.1312,0.3281,0.1063,0.0996,0.0747,-3.93,1.41,16.51,0.62,ETF
PCY,Aquila Three Peaks High Income Fund Class Y,,Aquila,2806710016.0,0.005,,,-0.0267,0.1187,0.0561,0.0432,0.0514,-0.49,1.48,12.69,0.4,ETF
PDBC,The Water Island Long/Short Fund Class R,,Arbitrage Fund,4805231616.0,0.0059,,,0.2208,0.623,0.0117,0.0453,,0.18,1.17,20.34,0.09,ETF
PDEC,The Water Island Long/Short Fund Class I,,Arbitrage Fund,145918544.0,0.0079,0.9998,0.0,0.0519,0.1509,,,,,,,,ETF
PDEV,Catalyst Systematic Alpha Fund Class A,Foreign Large Blend,Catalyst Mutual Funds,91694280.0,0.0025,0.9922,0.0,0.1774,0.3703,,,,,,,,ETF
PDN,Catalyst Systematic Alpha Fund Class C,Foreign Small/Mid Value,Catalyst Mutual Funds,415807104.0,0.0049,0.9966,0.0,0.1174,0.4224,0.0731,0.1075,0.0663,-2.37,1.08,19.48,0.39,ETF
PDP,Catalyst Systematic Alpha Fund Class I,Large Growth,Catalyst Mutual Funds,2166772480.0,0.0062,1.0,0.0,0.0214,0.3306,0.1765,0.1666,0.1355,0.22,0.94,19.28,0.88,ETF
PEX,Aquila Three Peaks Opportunity Growth Fund Institutional Class,Miscellaneous Sector,Aquila,20019220.0,0.0341,,,0.2031,0.5692,0.0872,0.1047,,-8.32,1.38,27.03,0.41,ETF
PEXL,AB Tax-Aware Fixed Income Opportunities Portfolio Class A,,AllianceBernstein,1866429.0,0.006,0.9994,0.0,0.0388,0.5004,,,,,,,,ETF
PEY,American Century Investments One Choice In Retirement Portfolio C Class,Mid-Cap Value,American Century Investments,979187264.0,0.0052,1.0,0.0,0.2124,0.4953,0.1014,0.1016,0.132,-7.19,1.02,21.34,0.5,ETF
PEZ,American Century Investments One Choice In Retirement Portfolio I Class,Consumer Cyclical,American Century Investments,120133160.0,0.006,0.9986,0.0,0.2278,1.0128,0.1983,0.1813,0.1371,-0.38,1.6,32.28,0.68,ETF
PFEB,AB Tax-Aware Fixed Income Opportunities Portfolio Advisor Class,,AllianceBernstein,202413504.0,0.0079,0.9923,0.0,0.0828,0.1708,,,,,,,,ETF
PFF,Athena Behavioral Tactical Fund Class A,Preferred Stock,Athena Fund,19595597824.0,0.0046,,,0.042,0.191,0.07,0.053,0.0587,2.4,0.96,11.72,0.54,ETF
PFFA,Athena Behavioral Tactical Fund Class I,Preferred Stock,Athena Fund,427056384.0,0.0147,,,0.1891,0.5269,0.0921,,,6.48,2.4,37.97,0.43,ETF
PFFD,Alger 35 Fund Class Z,Preferred Stock,Alger,1968497408.0,0.0023,,,0.0362,0.1733,0.0819,,,3.51,0.9,10.06,0.71,ETF
PFFL,Alger 35 Fund Class P-2,Trading--Miscellaneous,Alger,19582500.0,0.0085,,,0.0575,0.3196,,,,,,,,ETF
PFFR,AB Tax-Managed Wealth Appreciation Strategy Class A,,AllianceBernstein,71386672.0,0.0045,,,0.0448,0.4573,0.0644,,,2.15,1.52,20.58,0.34,ETF
PFFV,AB Tax-Managed Wealth Appreciation Strategy Class C,Preferred Stock,AllianceBernstein,37436688.0,0.0025,,,0.0567,0.2204,,,,,,,,ETF
PFI,AB Tax-Managed Wealth Appreciation Strategy Advisor Class,Financial,AllianceBernstein,68439688.0,0.006,1.0,0.0,0.1864,0.4958,0.1521,0.1195,0.1159,0.49,1.09,21.99,0.72,ETF
PFIG,American Century International Growth Fund Y Class,,American Century Investments,51919220.0,0.0022,,,-0.0243,0.0783,0.0525,0.0361,,0.72,0.98,4.79,0.82,ETF
PFIX,Invesco World Bond Factor Fund Class A,,Invesco,,0.005,,,,,,,,,,,,ETF
PFLD,Invesco World Bond Factor Fund Class C,Preferred Stock,Invesco,45680012.0,0.0045,,,0.038,0.1495,,,,,,,,ETF
PFM,Invesco World Bond Factor Fund Class R6,Large Value,Invesco,642662144.0,0.0053,0.9996,0.0,0.1124,0.3099,0.1461,0.1226,0.1167,-1.18,0.85,16.16,0.85,ETF
PFUT,Invesco World Bond Factor Fund Class R5,Large Growth,Invesco,5414631.0,0.0064,,,,,,,,,,,,ETF
PFXF,Invesco World Bond Factor Fund Class Y,Preferred Stock,Invesco,980748672.0,0.004,,,0.053,0.2314,0.0862,0.0623,,3.61,1.13,14.38,0.57,ETF
PGAL,AQR Large Cap Defensive Style Fund Class I,Miscellaneous Region,AQR Funds,14938874.0,0.0058,1.0,0.0,0.0351,0.2351,0.0002,0.0773,,-9.83,1.16,22.3,0.04,ETF
PGF,AQR Large Cap Defensive Style Fund Class N,Preferred Stock,AQR Funds,1863268992.0,0.0055,,,0.0284,0.131,0.0691,0.0554,0.0666,2.82,0.74,8.2,0.71,ETF
PGHY,Auer Growth Fund,,Auer,234623824.0,0.0035,,,0.0136,0.1395,0.0318,0.0455,,0.86,0.27,6.2,0.31,ETF
PGM,Columbia Quality Income Fund Class A,,Columbia Threadneedle,5324425.0,0.0045,,,0.0006,0.2126,0.0529,,,4.28,0.89,23.98,0.32,ETF
PGRO,Columbia Quality Income Fund Class C,Large Growth,Columbia Threadneedle,6698423.0,0.0055,,,,,,,,,,,,ETF
PGX,AB Equity Income Fund Class A,Preferred Stock,AllianceBernstein,7268931072.0,0.0052,,,0.0291,0.1404,0.073,0.0573,0.0673,2.72,0.89,9.87,0.64,ETF
PHB,AB Equity Income Fund Class C,,AllianceBernstein,829724224.0,0.005,,,0.0126,0.1137,0.0604,0.0567,0.0496,2.22,0.72,8.67,0.56,ETF
PHDG,AB Equity Income Fund Class I,Long-Short Equity,AllianceBernstein,181158416.0,0.004,,,0.0779,0.1539,0.097,0.1022,,4.2,0.25,10.67,0.81,ETF
PHYL,AB Equity Income Fund Class K,High Yield Bond,AllianceBernstein,66204696.0,0.0053,,,0.0429,0.1551,,,,,,,,ETF
PICB,AB Equity Income Fund Class R,,AllianceBernstein,96378784.0,0.005,,,-0.0287,0.1432,0.0392,0.0342,0.023,-1.87,1.23,9.82,0.28,ETF
PID,AB Equity Income Fund Advisor Class,Foreign Large Value,AllianceBernstein,594594112.0,0.0053,1.0,0.0,0.1708,0.4973,0.0849,0.0875,0.0454,-1.42,1.16,21.81,0.43,ETF
PIE,AB Equity Income Fund Class Z,Diversified Emerging Mkts,AllianceBernstein,231907424.0,0.009,0.9998,0.0,0.1976,0.5415,0.1323,0.1392,0.0524,4.21,0.96,20.11,0.65,ETF
PIFI,American Century Ultra Fund R6 Class,Intermediate-Term Bond,American Century Investments,32238336.0,0.0045,,,-0.01,,,,,,,,,ETF
PILL,American Century Ultra Fund R5 Class,Trading--Leveraged Equity,American Century Investments,17748936.0,0.01,,,-0.0663,0.5344,-0.0611,,,-34.48,2.96,70.7,0.25,ETF
PIN,American Century Ultra Fund G Class,India Equity,American Century Investments,112889008.0,0.0078,,,0.1139,0.5137,0.1118,0.1188,0.043,3.57,0.93,23.05,0.53,ETF
PIO,American Century Ultra Fund R Class,Natural Resources,American Century Investments,288454976.0,0.0075,0.9992,0.0,0.1407,0.392,0.1804,0.1438,0.0851,3.76,0.93,17.61,0.95,ETF
PIZ,American Century Ultra Fund Y Class,Foreign Large Growth,American Century Investments,191926368.0,0.008,0.9943,0.0,0.1184,0.3692,0.1208,0.1195,0.0709,3.11,0.93,17.98,0.65,ETF
PJAN,AB Municipal Bond Inflation Strategy Class A,,AllianceBernstein,369664416.0,0.0079,0.9929,0.0,0.0609,0.1586,,,,,,,,ETF
PJUL,AB Municipal Bond Inflation Strategy Class C,,AllianceBernstein,77200568.0,0.0079,1.0,0.0,0.0198,0.2257,,,,,,,,ETF
PJUN,AB Municipal Bond Inflation Strategy Class 1,,AllianceBernstein,201003376.0,0.0079,,,0.0319,0.1057,,,,,,,,ETF
PKW,AB Municipal Bond Inflation Strategy Class 2,Large Value,AllianceBernstein,2076047488.0,0.0062,1.0,0.0,0.2361,0.5905,0.1851,0.1638,0.1425,-2.51,1.19,23.03,0.8,ETF
PLAT,AB Municipal Bond Inflation Strategy Advisor Class,Large Growth,AllianceBernstein,15837037.0,0.002,1.0,0.0,0.1128,0.5002,,,,,,,,ETF
PLDR,Columbia Acorn USA Fund Institutional Class,Large Growth,Columbia Threadneedle,5162518.0,0.0059,,,,,,,,,,,,ETF
PLRG,AB Select US Equity Portfolio Class C,Large Blend,AllianceBernstein,29841972.0,0.0015,0.9961,0.0,,,,,,,,,,ETF
PLTL,AB Select US Equity Portfolio Class I,Small Blend,AllianceBernstein,6402698.0,0.0019,0.9975,0.0,,,,,,,,,,ETF
PLTM,AB Select US Equity Portfolio Class K,,AllianceBernstein,37477856.0,0.005,,,-0.0022,0.2895,0.0753,,,4.62,0.97,23.45,0.35,ETF
PLW,AB Select US Equity Portfolio Class R,,AllianceBernstein,94589544.0,0.0025,0.0,0.9999,-0.0847,-0.1013,0.0496,0.025,0.0466,-2.71,1.99,8.52,0.44,ETF
PMAR,AB Select US Equity Portfolio Advisor Class,,AllianceBernstein,133681984.0,0.0079,0.9917,0.0,0.0741,0.142,,,,,,,,ETF
PMAY,Auxier Focus Fund Class A,,Auxier Funds,278263904.0,0.0079,0.9903,0.0,0.0381,0.1075,,,,,,,,ETF
PNOV,Auxier Focus Fund Class Investor,,Auxier Funds,57583252.0,0.0079,1.0,0.0,0.0446,0.1597,,,,,,,,ETF
PNQI,Auxier Focus Fund Institutional,Technology,Auxier Funds,1110748416.0,0.006,1.0,0.0,0.1247,0.447,0.2261,0.2738,0.208,6.61,1.1,23.48,0.93,ETF
POCT,AB Municipal Income Fund II Virginia Portfolio Class A,,AllianceBernstein,135494080.0,0.008,1.0,0.0,0.0465,0.1561,,,,,,,,ETF
POTX,AB Municipal Income Fund II Virginia Portfolio Class C,,AllianceBernstein,205163824.0,0.0051,1.0,0.0,0.5424,0.3792,,,,,,,,ETF
PPH,Aegis Value Fund Class I,Health,Aegis,232719376.0,0.0035,0.9989,0.0,0.1047,0.1938,0.0935,0.0646,0.0962,-2.75,0.85,17.56,0.52,ETF
PPLT,American Beacon Large Cap Value Fund Advisor Class,,American Beacon,1358948352.0,0.006,,,-0.0047,0.2826,0.0731,0.0027,-0.0521,4.6,0.93,23.15,0.35,ETF
PPTY,AB Municipal Income Fund II Virginia Portfolio Advisor Class,Real Estate,AllianceBernstein,141609472.0,0.0049,0.9987,0.0,0.201,0.3596,0.1095,,,-2.05,0.95,20.31,0.56,ETF
PQDI,Avantis Core Fixed Income Fund G Class,,Avantis Investors,22513844.0,0.006,,,0.0158,,,,,,,,,ETF
PREF,Avantis International Equity Fund Institutional Class,,Avantis Investors,344879008.0,0.0055,,,0.0103,0.1133,0.0761,,,2.88,1.02,10.23,0.65,ETF
PRFZ,Avantis International Small Cap Value Fund Institutional Class,Small Blend,Avantis Investors,2006491136.0,0.0039,0.9992,0.0,0.2433,0.6886,0.1173,0.1539,0.1209,-9.69,1.31,26.49,0.51,ETF
PRN,Ave Maria Focused Fund,Industrials,Ave Maria Mutual Funds,372103648.0,0.006,0.9996,0.0,0.0706,0.4557,0.1859,0.1638,0.1303,3.19,1.1,22.21,0.84,ETF
PRNT,Ave Maria Rising Dividend Fund,Technology,Ave Maria Mutual Funds,556428032.0,0.0066,0.9996,0.0,0.2641,0.8835,0.1737,,,1.04,1.34,32.05,0.62,ETF
PSC,Avantis Emerging Markets Equity Fund Institutional Class,,Avantis Investors,2097926400.0,0.0038,0.9978,0.0,0.2548,0.8126,0.1455,,,-7.48,1.36,27.75,0.59,ETF
PSCC,Ave Maria Bond Fund,Consumer Defensive,Ave Maria Mutual Funds,55459980.0,0.0029,1.0,0.0,0.2354,0.4804,0.1203,0.12,0.1407,0.5,0.83,20.08,0.6,ETF
PSCD,Ave Maria Growth Fund,Consumer Cyclical,Ave Maria Mutual Funds,134813296.0,0.0029,0.9999,0.0,0.4421,1.1309,0.2242,0.2109,0.159,2.39,1.71,37.39,0.7,ETF
PSCE,Ave Maria Value Fund,Equity Energy,Ave Maria Mutual Funds,217264432.0,0.0029,0.9995,0.0,0.8308,1.4044,-0.2165,-0.1272,-0.1423,-44.95,2.93,64.1,-0.06,ETF
PSCF,Ave Maria World Equity Fund,Financial,Ave Maria Mutual Funds,52942068.0,0.0029,1.0,0.0,0.1927,0.503,0.0492,0.1047,0.1105,-9.94,1.2,24.94,0.27,ETF
PSCH,American Beacon Small Cap Value Fund Class R5,Health,American Beacon,534904896.0,0.0029,0.9999,0.0,0.1404,0.5998,0.1467,0.2233,0.1968,-0.46,1.14,24.17,0.64,ETF
PSCI,Avantis Core Municipal Fixed Income Fund G Class,Industrials,Avantis Investors,127386576.0,0.0029,0.9999,0.0,0.1705,0.591,0.1197,0.1624,0.1308,-6.06,1.43,27.4,0.51,ETF
PSCJ,BNY Mellon Dynamic Total Return Fund Class A,Large Blend,BNY Mellon,20.0,0.0075,,,,,,,,,,,,ETF
PSCM,BNY Mellon Dynamic Total Return Fund Class C,Natural Resources,BNY Mellon,31639612.0,0.0029,0.9999,0.0,0.1305,0.691,0.0838,0.1444,0.0922,-10.37,1.61,32.65,0.38,ETF
PSCT,Avantis Short-Term Fixed Income Fund G Class,Technology,Avantis Investors,467742720.0,0.0029,0.9999,0.0,0.1724,0.6508,0.2062,0.2121,0.1686,2.8,1.32,27.15,0.78,ETF
PSCU,BNY Mellon Dynamic Total Return Fund Class I,Utilities,BNY Mellon,26724084.0,0.0029,1.0,0.0,0.2485,0.4022,0.0947,0.0941,0.1159,-1.4,0.77,17.82,0.53,ETF
PSCW,BNY Mellon Dynamic Total Return Fund Class Y,Large Blend,BNY Mellon,2128734.0,0.0075,0.9911,0.0,,,,,,,,,,ETF
PSCX,Avantis Core Fixed Income Fund Institutional Class,Large Blend,Avantis Investors,2180644.0,0.0075,0.9931,0.0,0.0535,,,,,,,,,ETF
PSEP,American Century Value Fund I Class,,American Century Investments,187920288.0,0.0079,0.9998,0.0,0.0555,0.1409,,,,,,,,ETF
PSET,Avantis Core Municipal Fixed Income Fund Institutional Class,,Avantis Investors,41021444.0,0.0015,0.9983,0.0,0.0854,0.4006,0.1826,0.1677,,0.89,0.91,17.35,0.98,ETF
PSFD,Arin Large Cap Theta Fund Advisor Class,Large Blend,Nottingham,2877681.0,0.0075,0.9932,0.0,0.1076,,,,,,,,,ETF
PSFF,Arin Large Cap Theta Fund Institutional Class,,Nottingham,7002044.0,0.0093,,,0.0587,,,,,,,,,ETF
PSFJ,American Beacon Small Cap Value Fund Investor Class,Large Blend,American Beacon,20.0,0.0075,,,,,,,,,,,,ETF
PSFM,ALPS/Red Rocks Global Opportunity Portfolio Class III,Large Blend,ALPS,6005498.0,0.0075,0.9909,0.0,,,,,,,,,,ETF
PSK,Avantis Short-Term Fixed Income Fund Institutional Class,Preferred Stock,Avantis Investors,1484914560.0,0.0045,,,0.0166,0.1125,0.0631,0.0478,0.0562,1.88,0.88,9.13,0.6,ETF
PSL,American Century Mid Cap Value Fund I Class,Consumer Defensive,American Century Investments,136944624.0,0.006,0.9989,0.0,0.0858,0.454,0.1064,0.109,0.1276,-0.6,0.8,17.95,0.59,ETF
PSMB,American Century Value Fund R6 Class,Allocation--50% to 70% Equity,American Century Investments,16874140.0,0.0032,,,0.1006,0.2762,0.112,,,-0.79,1.1,12.71,0.81,ETF
PSMC,American Century Value Fund R5 Class,Allocation--15% to 30% Equity,American Century Investments,10043555.0,0.0036,,,0.0344,0.1213,0.077,,,0.04,0.63,7.68,0.84,ETF
PSMD,American Century Value Fund R Class,Large Blend,American Century Investments,4439126.0,0.0075,0.9948,0.0,0.0717,,,,,,,,,ETF
PSMJ,Avantis U.S. Equity Fund Institutional Class,Large Blend,Avantis Investors,20.0,0.0075,,,,,,,,,,,,ETF
PSMM,Avantis U.S. Small Cap Value Fund Institutional Class,Allocation--30% to 50% Equity,Avantis Investors,12626441.0,0.0033,,,0.0663,0.1967,0.0972,,,-0.31,0.87,10.09,0.83,ETF
PSQ,American Century Value Fund Y Class,Trading--Inverse Equity,American Century Investments,556147712.0,0.0095,,,-0.1402,-0.3479,-0.2635,-0.2476,-0.2071,-13.75,-0.9,18.81,-1.58,ETF
PTEU,AB Wealth Appreciation Strategy Class A,,AllianceBernstein,52333808.0,0.0065,0.9963,0.0,0.0482,-0.0206,-0.0665,-0.0031,,-10.44,0.47,12.74,-0.58,ETF
PULS,AB Wealth Appreciation Strategy Class C,Ultrashort Bond,AllianceBernstein,1579892352.0,0.0015,,,0.0035,0.0138,0.0205,,,0.33,0.12,1.74,0.48,ETF
PVAL,AB Wealth Appreciation Strategy Class K,Large Value,AllianceBernstein,5791054.0,0.0055,,,,,,,,,,,,ETF
PXI,AB Wealth Appreciation Strategy Class R,Equity Energy,AllianceBernstein,208995760.0,0.006,0.9979,0.0,0.7417,1.036,-0.0913,-0.0277,-0.0197,-30.82,2.5,54.2,0.08,ETF
PXUS,AB Wealth Appreciation Strategy Advisor Class,,AllianceBernstein,10084654.0,0.0024,0.9945,0.0,,,,,,,,,,ETF
PY,CIBC Atlas Disciplined Equity Fund Institutional Class,,CIBC Private Wealth Management,32322664.0,0.0015,0.9978,0.0,0.193,0.8416,0.1116,0.1273,,-8.47,1.32,25.63,0.48,ETF
PYPE,CIBC Atlas All Cap Growth Fund Institutional Class,Energy Limited Partnership,CIBC Private Wealth Management,19591200.0,0.0085,,,0.4464,0.6169,,,,,,,,ETF
PYZ,CIBC Atlas Income Opportunities Fund Institutional Class,Natural Resources,CIBC Private Wealth Management,217172528.0,0.006,0.9992,0.0,0.2315,0.7349,0.1036,0.1155,0.0971,-7.83,1.47,28.78,0.44,ETF
PZA,CIBC Atlas Mid Cap Equity Fund Institutional Class,,CIBC Private Wealth Management,2358317568.0,0.0028,0.0,0.9978,0.0126,0.0541,0.0539,0.038,0.0511,-0.71,1.27,5.17,0.78,ETF
PZT,AB Sustainable International Thematic Fund Class A,,AllianceBernstein,115533344.0,0.0028,0.0,1.0,0.0139,0.0634,0.0573,0.0391,0.049,-0.17,1.23,5.11,0.87,ETF
QABA,AB Sustainable International Thematic Fund Class C,Financial,AllianceBernstein,140920944.0,0.006,0.9994,0.0,0.244,0.5994,0.0274,0.0992,0.104,-11.52,1.24,29.37,0.2,ETF
QAI,AB Sustainable International Thematic Fund Class I,,AllianceBernstein,804510592.0,0.0078,,,0.0103,0.0851,0.0398,0.0322,0.0275,-1.36,0.3,5.76,0.5,ETF
QARP,AB Sustainable International Thematic Fund Class K,,AllianceBernstein,44404392.0,0.0019,0.996,0.0,0.1459,0.4935,0.1784,,,-1.14,1.04,19.49,0.88,ETF
QAT,AB Sustainable International Thematic Fund Class R,Miscellaneous Region,AllianceBernstein,85345104.0,0.0059,0.9985,0.0,0.0483,0.2115,0.0831,0.0432,,2.89,0.55,14.71,0.54,ETF
QCLN,AB Sustainable International Thematic Fund Advisor Class,Miscellaneous Sector,AllianceBernstein,2813062400.0,0.006,0.9992,0.0,-0.0144,1.3332,0.5371,0.3812,0.1718,26.91,1.58,37.11,1.32,ETF
QCON,AB Sustainable International Thematic Fund Class Z,,AllianceBernstein,15634400.0,0.0032,,,,,,,,,,,,ETF
QDEC,Invesco Global Core Equity Fund Class A,,Invesco,85719056.0,0.009,0.9915,0.0,0.053,,,,,,,,,ETF
QDEF,Invesco Global Core Equity Fund Class C,Large Value,Invesco,478654368.0,0.0037,0.9965,0.0,0.1327,0.3152,0.1115,0.1186,,-5.6,0.94,17.75,0.62,ETF
QDF,American Funds Washington Mutual Investors Fund Class A,Large Value,American Funds,1565975168.0,0.0037,0.9951,0.0,0.1462,0.358,0.1102,0.1239,,-6.78,1.01,19.19,0.58,ETF
QDIV,Invesco Global Core Equity Fund R5 Class,Large Value,Invesco,9300995.0,0.002,1.0,0.0,0.2003,0.4729,,,,,,,,ETF
QDYN,Invesco Global Core Equity Fund ClassR,Large Value,Invesco,20835878.0,0.0037,,,0.1781,0.45,0.1444,0.1497,,-4.86,1.11,20.94,0.7,ETF
QED,Invesco Global Core Equity Fund Class R6,,Invesco,11949191.0,0.0072,,,0.0209,0.1446,0.0791,0.0733,,0.5,0.45,8.69,0.78,ETF
QEFA,Invesco Global Core Equity Fund Class Y,Foreign Large Blend,Invesco,738560384.0,0.003,0.9972,0.0,0.0957,0.2962,0.093,0.0976,,0.67,0.86,15.55,0.56,ETF
QEMM,Virtus AllianzGI Water Fund Class A,Diversified Emerging Mkts,Virtus,91424192.0,0.003,0.9937,0.0,0.0838,0.3636,0.0879,0.0976,,0.2,0.89,16.66,0.51,ETF
QGRO,Virtus AllianzGI Water Fund Class C,Large Growth,Virtus,269589440.0,0.0029,0.9976,0.0,0.1339,0.4304,,,,,,,,ETF
QID,Virtus AllianzGI Water Fund Institutional Class,Trading--Inverse Equity,Virtus,206345424.0,0.0095,,,-0.2732,-0.5931,-0.4966,-0.4627,-0.3943,-31.93,-1.66,36.37,-1.69,ETF
QINT,Virtus AllianzGI Water Fund Class P,Foreign Large Blend,Virtus,176369504.0,0.0039,,,0.0911,0.338,,,,,,,,ETF
QJUN,CIBC Atlas International Growth Fund Institutional Class Shares,,CIBC Private Wealth Management,,0.009,,,,,,,,,,,,ETF
QLC,CIBC Atlas Equity Income Fund Institutional Class,,CIBC Private Wealth Management,94831312.0,0.0032,0.9928,0.0,0.115,0.4336,0.1264,0.1363,,-5.49,1.04,19.29,0.66,ETF
QLD,Columbia Capital Allocation Aggressive Portfolio Class A,Trading--Leveraged Equity,Columbia Threadneedle,5185311744.0,0.0095,,,0.2477,0.9449,0.4933,0.5194,0.3867,10.12,2.15,42.17,1.14,ETF
QLS,American Century Intermediate Term Tax-Free Bond Fund I Class,Long-Short Equity,American Century Investments,12191308.0,0.0062,,,0.0546,0.2133,0.1023,0.0961,,-0.52,0.56,10.8,0.86,ETF
QLTA,Acclivity Mid Cap Multi-Style Fund Class I,Corporate Bond,Innealta Capital,1193336320.0,0.0015,,,-0.0204,0.0035,0.0693,0.039,,-0.22,1.45,5.63,1.02,ETF
QLV,Acclivity Mid Cap Multi-Style Fund Class N,,Innealta Capital,145110080.0,0.0022,0.9944,0.0,0.0822,0.3199,,,,,,,,ETF
QLVD,Axonic Strategic Income Fund Class A Shares,,Axonic,86901352.0,0.0032,0.9924,0.0,0.0284,0.2068,,,,,,,,ETF
QLVE,Axonic Strategic Income Fund Class I Shares,,Axonic,13516571.0,0.004,,,0.0308,0.3752,,,,,,,,ETF
QMAR,AXS Sustainable Income Fund Class I,,AXS,12618387.0,0.009,,,,,,,,,,,,ETF
QMN,Acclivity Small Cap Value Fund Class I,,Innealta Capital,17793492.0,0.0062,,,0.006,0.0617,0.0336,0.0225,,-1.01,0.23,4.44,0.5,ETF
QMOM,Acclivity Small Cap Value Fund Class N,,Innealta Capital,92456560.0,0.0049,0.9978,0.0,-0.0412,0.453,0.1711,0.1665,,-1.78,1.2,28.84,0.64,ETF
QPFF,Virtus AllianzGI High Yield Bond Fund Class A,,Virtus,14788781.0,0.0032,,,,,,,,,,,,ETF
QPT,Virtus AllianzGI High Yield Bond Fund Class C,Allocation--50% to 70% Equity,Virtus,3478578.0,0.0117,,,0.027,,,,,,,,,ETF
QPX,Virtus AllianzGI High Yield Bond Fund Institutional Class,Large Growth,Virtus,68762784.0,0.0146,,,0.1251,,,,,,,,,ETF
QQC,Pioneer Balanced ESG Fund Class Y,Large Growth,Amundi US,2952642.0,0.0045,0.9976,0.0,0.1153,,,,,,,,,ETF
QQD,Virtus AllianzGI High Yield Bond Fund Class P,Large Growth,Virtus,2900557.0,0.0045,0.9951,0.0,0.1161,,,,,,,,,ETF
QQEW,Virtus AllianzGI High Yield Bond Fund Administrative Class,Large Growth,Virtus,1284150528.0,0.0058,0.9995,0.0,0.1138,0.4088,0.234,0.2237,0.1673,3.67,1.03,19.95,1.1,ETF
QQH,American Century High Yield Municipal Fund Class A,Large Growth,American Century Investments,208431680.0,0.0114,,,0.1703,0.5798,,,,,,,,ETF
QQQ,American Century High Yield Municipal Fund Class C,Large Growth,American Century Investments,174510718976.0,0.002,1.0,0.0,0.1324,0.4396,0.2829,0.2798,0.2125,7.84,1.02,20.24,1.28,ETF
QQQE,American Century High Yield Municipal Fund I Class,Large Growth,American Century Investments,380120000.0,0.0035,0.999,0.0,0.1146,0.4125,0.2366,0.2262,,3.94,1.03,19.92,1.11,ETF
QQQJ,American Century High-Yield Municipal Fund Y Class,Mid-Cap Growth,American Century Investments,1214904320.0,0.0015,1.0,0.0,0.1165,,,,,,,,,ETF
QQQM,Virtus AllianzGI Small-Cap Fund Class A,Large Growth,Virtus,1120210176.0,0.0015,0.9997,0.0,0.1333,,,,,,,,,ETF
QQQN,Virtus AllianzGI Small-Cap Fund Class C,Mid-Cap Growth,Virtus,148466944.0,0.0018,0.9992,0.0,0.085,,,,,,,,,ETF
QQXT,Virtus AllianzGI Small-Cap Fund Institutional Class,Large Growth,Virtus,146697376.0,0.006,0.999,0.0,0.0882,0.3775,0.202,0.1772,0.144,1.73,0.99,19.24,1.0,ETF
QRFT,Virtus AllianzGI Small-Cap Fund Class P,Large Growth,Virtus,20060576.0,0.0075,0.9964,0.0,0.1134,0.4346,,,,,,,,ETF
QSY,Alger Emerging Markets Fund Class Z,Large Value,Alger,66886528.0,0.0038,1.0,0.0,0.2213,0.5457,0.1525,0.1582,0.1265,-5.29,1.2,23.31,0.68,ETF
QTAP,Virtus NFJ Emerging Markets Value Fund Class A,,Virtus,11200720.0,0.0079,0.9923,0.0,,,,,,,,,,ETF
QTJL,Virtus NFJ Emerging Markets Value Fund Class C,,Virtus,25.0,0.0079,,,,,,,,,,,,ETF
QTUM,Virtus NFJ Emerging Markets Value Fund Institutional Class,Technology,Virtus,114443368.0,0.004,0.9955,0.0,0.2043,0.6242,,,,,,,,ETF
QUAL,Virtus NFJ Emerging Markets Value Fund Class P,Large Blend,Virtus,21575913472.0,0.0015,0.9954,0.0,0.1519,0.4067,0.1878,0.1709,,0.13,1.0,18.66,0.95,ETF
QULL,Virtus AllianzGI Income & Growth Fund Class A,Trading--Leveraged Equity,Virtus,32089000.0,0.0095,,,,,,,,,,,,ETF
QUS,Virtus AllianzGI Income & Growth Fund Class C,Large Blend,Virtus,950198272.0,0.0015,0.9977,0.0,0.1507,0.3748,0.1761,0.1645,,0.27,0.92,17.24,0.96,ETF
QVAL,Virtus AllianzGI Income & Growth Fund Institutional Class,,Virtus,204790464.0,0.0049,0.9967,0.0,0.233,0.5986,0.0597,0.1135,,-15.5,1.43,29.3,0.31,ETF
QWLD,American Beacon Zebra Small Cap Equity Fund A Class,,American Beacon,51781288.0,0.003,0.9986,0.0,0.1292,0.3324,0.1389,0.1332,,0.88,0.88,16.11,0.82,ETF
QYLD,American Beacon Zebra Small Cap Equity Fund C Class,,American Beacon,3351154432.0,0.006,0.9985,0.0,0.0433,0.2029,0.0917,0.1145,,-4.03,0.72,14.09,0.61,ETF
QYLG,American Beacon Zebra Small Cap Equity Fund R5 Class,,American Beacon,14869381.0,0.006,0.995,0.0,0.0454,,,,,,,,,ETF
RAAX,American Beacon Zebra Small Cap Equity Fund Investor Class,World Allocation,American Beacon,11568057.0,0.0078,,,0.158,0.3991,0.0293,,,-8.47,1.15,16.26,0.2,ETF
RAFE,American Beacon Zebra Small Cap Equity Fund Y Class,,American Beacon,17642696.0,0.003,0.9978,0.0,0.2055,0.4824,,,,,,,,ETF
RALS,Aquila Tax-Free Trust of Arizona Class C,,Aquila,5096239.0,0.0095,,,0.05,0.0397,-0.028,-0.0247,-0.01,-4.75,0.06,5.33,-0.73,ETF
RAVI,Aquila Tax-Free Trust of Arizona Class A,Ultrashort Bond,Aquila,392465472.0,0.0025,,,0.0019,0.0071,0.0222,0.0181,,0.29,0.17,1.6,0.62,ETF
RAYC,Aquila Tax-Free Trust of Arizona Class Y,,Aquila,18073972.0,0.008,0.9946,0.0,0.0949,,,,,,,,,ETF
RBIN,BlackRock 80/20 Target Allocation Fund Class A,Foreign Large Blend,BlackRock,130984360.0,0.0042,0.997,0.0,0.0472,0.2145,0.0627,,,-1.41,0.73,13.47,0.4,ETF
RBND,BlackRock Global Dividend Portfolio Investor A Shares,Corporate Bond,BlackRock,29911608.0,0.0012,,,-0.0143,,,,,,,,,ETF
RBUS,BMO Growth Allocation Fund Class I,Large Blend,BMO Funds,124866248.0,0.003,0.9991,0.0,0.1005,0.3137,0.1538,,,-0.78,0.87,16.8,0.86,ETF
RCD,BMO Growth Allocation Fund Class R6,Consumer Cyclical,BMO Funds,897177856.0,0.004,1.0,0.0,0.2139,0.6765,0.1429,0.136,0.1306,-4.88,1.54,29.47,0.57,ETF
RDFI,BMO Growth Allocation Fund Class R3,Nontraditional Bond,BMO Funds,39594004.0,0.0237,,,0.1298,,,,,,,,,ETF
RDIV,BMO Growth Allocation Fund Class Y,Large Value,BMO Funds,769087424.0,0.0039,1.0,0.0,0.2412,0.5851,0.0731,0.1035,,-13.82,1.35,28.64,0.35,ETF
RDOG,BlackRock Energy Opportunities Fund Investor A Class,Real Estate,BlackRock,31184718.0,0.0035,0.9937,0.0,0.197,0.384,0.0747,0.0553,0.0651,-7.12,1.15,24.93,0.36,ETF
RDVY,BlackRock Energy Opportunities Fund Investor C Class,Large Value,BlackRock,4743275008.0,0.005,0.9985,0.0,0.209,0.5805,0.1902,0.2059,,-2.5,1.23,24.14,0.8,ETF
REC,BlackRock Energy Opportunities Fund Institutional Class,,BlackRock,11132765.0,0.0048,0.0,1.0,-0.024,,,,,,,,,ETF
RECS,BlackRock 20/80 Target Allocation Fund Investor A Shares,,BlackRock,22027856.0,0.0015,0.9974,0.0,0.1578,0.4087,,,,,,,,ETF
REGL,BlackRock Energy Opportunities Fund Service Class,Mid-Cap Blend,BlackRock,1026099456.0,0.0041,0.997,0.0,0.148,0.3912,0.1204,0.1138,,-4.26,0.91,18.18,0.65,ETF
REIT,BMO Small-Cap Value Fund Class A,Real Estate,BMO Funds,21327108.0,0.0068,,,,,,,,,,,,ETF
REK,Brown Advisory Equity Income Fund Advisor Shares,Trading--Inverse Equity,Brown Advisory Funds,7460586.0,0.0095,,,-0.1812,-0.2715,-0.1521,-0.1096,-0.1241,-3.53,-0.73,16.08,-1.03,ETF
REMX,BlackRock Defensive Advantage Emerging Markets Fund Investor A,Equity Precious Metals,BlackRock,758353856.0,0.0059,,,0.2908,1.5108,0.1212,0.157,-0.0911,-4.25,1.5,37.74,0.44,ETF
RESD,BMO Dividend Income Fund Class A,,BMO Funds,7367322.0,0.003,1.0,0.0,0.0383,0.4039,0.0952,,,3.46,0.86,16.13,0.56,ETF
RESE,BlackRock Defensive Advantage U.S. Fund Investor A,Diversified Emerging Mkts,BlackRock,35403776.0,0.0032,1.0,0.0,0.1055,0.4418,0.1149,0.1203,,2.39,1.0,19.35,0.6,ETF
RESP,BlackRock Emerging Markets Flexible Dynamic Bond Portfolio Investor A Shares,Large Blend,BlackRock,95839136.0,0.0028,1.0,0.0,0.1523,0.4118,0.1617,0.1679,0.1372,-3.1,1.08,20.15,0.79,ETF
RETL,BMO Global Low Volatility Equity Fund Class A,Trading--Leveraged Equity,BMO Funds,151214848.0,0.01,,,1.6727,7.3427,0.4378,0.2657,0.3948,23.11,4.23,117.79,0.83,ETF
REVS,Sterling Capital Equity Income Fund Class A,,Sterling Capital Funds,5591686.0,0.0019,0.9962,0.0,0.2095,0.4367,,,,,,,,ETF
REW,BMO LGM Emerging Markets Equity Fund Class A,Trading--Inverse Equity,BMO Funds,4182383.0,0.0095,,,-0.3365,-0.6244,-0.5448,-0.512,-0.4083,-40.2,-1.69,37.89,-1.86,ETF
RFCI,Sterling Capital Equity Income Fund Class R,,Sterling Capital Funds,103826536.0,0.0054,,,-0.0267,-0.0124,0.0444,,,-0.6,0.96,3.47,0.9,ETF
RFDA,Brown Advisory Flexible Equity Fund Advisor Shares,Large Blend,Brown Advisory Funds,126008016.0,0.0052,0.9964,0.0,0.1453,0.36,0.1243,0.1442,,-5.78,1.03,19.33,0.65,ETF
RFDI,Brown Advisory Equity Income Fund Inst Shares,Foreign Large Blend,Brown Advisory Funds,173420448.0,0.0083,0.9955,0.0,0.1098,0.3449,0.0712,0.0957,,-2.03,1.0,18.01,0.4,ETF
RFEM,Brown Advisory Flexible Equity Fund Institutional Shares,Diversified Emerging Mkts,Brown Advisory Funds,56266224.0,0.0095,0.9927,0.0001,0.0899,0.3672,0.0684,0.1163,,-1.9,0.98,19.16,0.38,ETF
RFEU,Brown Advisory Growth Equity Fund Institutional Shares,Europe Stock,Brown Advisory Funds,18660816.0,0.0083,0.9945,0.0,0.1575,0.406,0.0862,0.1138,,-0.98,1.06,19.4,0.46,ETF
RFFC,Brown Advisory WMC Strategic European Equity Fund Institutional Shares,Large Blend,Brown Advisory Funds,62540648.0,0.0052,0.9968,0.0,0.1371,0.39,0.1083,0.1366,,-8.52,1.12,21.15,0.54,ETF
RFUN,Brown Advisory Global Leaders Fund Institutional Shares,,Brown Advisory Funds,14091091.0,0.0055,,,0.0055,0.1435,0.0533,,,2.7,0.41,5.93,0.68,ETF
RGI,Brown Advisory Mid-Cap Growth Fund Institutional Class,Industrials,Brown Advisory Funds,606064960.0,0.004,1.0,0.0,0.1853,0.5694,0.1922,0.1776,0.141,1.36,1.29,24.42,0.79,ETF
RHS,Brown Advisory Emerging Markets Select Fund Institutional Shares,Consumer Defensive,Brown Advisory Funds,475092672.0,0.004,1.0,0.0,0.0742,0.2134,0.1138,0.0682,0.1217,1.09,0.68,14.52,0.73,ETF
RIGS,Brown Advisory Small-Cap Growth Fund Institutional Shares,World Bond,Brown Advisory Funds,130225016.0,0.0048,,,0.0147,0.0397,0.0444,0.0401,,1.13,0.48,4.95,0.62,ETF
RINF,Brown Advisory Total Return Fund Institutional Shares,Nontraditional Bond,Brown Advisory Funds,43371020.0,0.003,,,0.107,0.2312,0.0276,0.0418,,6.26,-1.01,12.54,0.17,ETF
RING,Brown Advisory Sustainable Growth Fund Institutional Shares,Equity Precious Metals,Brown Advisory Funds,528589344.0,0.0039,0.9979,0.0,-0.0523,-0.0595,0.1813,0.0462,,11.34,0.76,38.46,0.57,ETF
RISN,Brown Advisory Mortgage Securities Fund Institutional Shares,Allocation--50% to 70% Equity,Brown Advisory Funds,95800352.0,0.0082,,,0.1361,,,,,,,,,ETF
RJA,Brown Advisory Growth Equity Fund Advisor Shares,,Brown Advisory Funds,131494048.0,0.0075,,,0.1702,0.5603,0.0897,0.0323,-0.024,5.92,0.64,13.79,0.6,ETF
RJI,Baird Aggregate Bond Fund Class Institutional,Commodities Broad Basket,Baird,145075600.0,0.0075,,,0.2828,0.5915,0.0379,0.0444,-0.0363,-0.34,1.33,21.88,0.21,ETF
RJN,BlackRock 60/40 Target Allocation Fund Investor A Shares,,BlackRock,3892150.0,0.0075,,,0.4847,0.741,-0.1009,-0.0144,-0.0986,-10.65,2.31,42.36,-0.04,ETF
RJZ,Baird Aggregate Bond Fund Class Investor,,Baird,5610550.0,0.0075,,,0.0972,0.3465,0.0996,0.0807,-0.0107,6.36,0.76,14.6,0.63,ETF
RLY,Brown Advisory WMC Strategic European Equity Fund Advisor Shares,World Allocation,Brown Advisory Funds,130358616.0,0.005,,,0.1686,0.3723,0.0525,0.0588,,-8.61,1.38,16.7,0.31,ETF
RNDM,Brown Advisory Intermediate Income Advisor Shares,Foreign Large Blend,Brown Advisory Funds,24950948.0,0.0065,,,0.0764,0.2704,0.0599,,,-2.23,0.86,15.67,0.37,ETF
RNDV,BlackRock Multi-Asset Income Portfolio Investor A Shares,Large Value,BlackRock,13251442.0,0.005,0.9953,0.0,0.2055,0.4684,0.1418,,,-4.5,1.08,21.08,0.69,ETF
RNEM,iShares Short-Term TIPS Bond Index Fund Investor A Shares,Diversified Emerging Mkts,BlackRock,7499187.0,0.0075,,,0.0862,0.2362,0.0374,,,-4.59,0.9,17.4,0.22,ETF
RNLC,Brown Advisory Sustainable Bond Fund Institutional Shares,Large Blend,Brown Advisory Funds,28950998.0,0.006,0.9976,0.0,0.1823,0.4452,0.1564,,,-3.16,1.06,20.03,0.78,ETF
RNMC,American Funds American Balanced Fund Class C,Mid-Cap Blend,American Funds,18806884.0,0.006,0.9969,0.0,0.1946,0.5253,0.115,,,-9.31,1.26,24.92,0.52,ETF
RNRG,American Funds American Balanced Fund Class F-1,Utilities,American Funds,131166288.0,0.0065,0.999,0.0,-0.0997,0.2055,0.1559,0.1211,,3.6,0.78,18.57,0.78,ETF
RNSC,BMO Large-Cap Growth Fund Class A,Small Blend,BMO Funds,10222069.0,0.006,0.9947,0.0,0.2208,0.6519,0.1078,,,-9.62,1.26,25.86,0.49,ETF
ROAM,BlackRock Event Driven Equity Fund Investor A Shares,Diversified Emerging Mkts,BlackRock,43490088.0,0.0044,,,0.1237,0.3792,0.0743,0.0694,,-1.37,0.99,19.04,0.41,ETF
ROBO,Pioneer Solutions - Balanced Fund Class R,,Amundi US,1835083264.0,0.0095,0.9989,0.0,0.0709,0.5024,0.1807,0.2138,,0.68,1.26,25.02,0.73,ETF
ROBT,BMO Large-Cap Value Fund Class A,Technology,BMO Funds,244398704.0,0.0065,0.997,0.0,0.0832,0.5106,0.2303,,,4.94,1.28,25.31,0.9,ETF
RODE,BlackRock Systematic Multi-Strategy Fund Investor A Shares,Foreign Large Value,BlackRock,5801187.0,0.0029,0.9959,0.0,0.1099,0.3095,0.0559,,,-2.69,0.92,16.75,0.35,ETF
RODM,BMO Mid-Cap Value Fund Class A,Foreign Large Blend,BMO Funds,1957379968.0,0.0029,,,0.1058,0.2892,0.0567,0.0835,,-2.84,0.91,16.62,0.34,ETF
ROKT,BlackRock 40/60 Target Allocation Fund Investor A Shares,Industrials,BlackRock,22509124.0,0.0045,0.9985,0.0,0.112,0.4251,,,,,,,,ETF
ROM,Brown Advisory Emerging Markets Select Fund Advisor Shares,Trading--Leveraged Equity,Brown Advisory Funds,899778048.0,0.0095,,,0.3441,1.0644,0.556,0.5974,0.3767,13.99,2.23,44.47,1.2,ETF
ROMO,Baron Asset Fund Retail Class,Allocation--70% to 85% Equity,"Baron Capital Group, Inc.",44372292.0,0.0085,0.995,0.0012,0.1081,0.3047,,,,,,,,ETF
ROOF,iShares Developed Real Estate Index Fund Investor A Shares,Real Estate,BlackRock,55924336.0,0.007,1.0,0.0,0.2283,0.4914,0.0468,0.0504,0.0806,-10.9,1.33,28.54,0.27,ETF
RORO,BlackRock Real Estate Securities Fund Investor A Shares,Large Growth,BlackRock,30235936.0,0.0113,0.0,0.9982,0.0729,,,,,,,,,ETF
ROSC,Baron Asset Fund Institutional Class,Small Value,"Baron Capital Group, Inc.",25563868.0,0.0034,,,0.2517,0.598,0.102,0.1349,,-8.46,1.11,22.88,0.49,ETF
ROUS,Beacon Accelerated Return Strategy Fund Institutional Class,Large Value,Beacon Investment Advisory,392544352.0,0.0019,0.9926,0.0,0.1516,0.3624,0.1072,0.1361,,-6.6,0.99,18.83,0.58,ETF
RPAR,Baron Asset Fund Class R6,Allocation--30% to 50% Equity,"Baron Capital Group, Inc.",1318786944.0,0.0051,,,0.0307,0.1645,,,,,,,,ETF
RSX,Brown Advisory Small-Cap Growth Fund Advisor Shares,Miscellaneous Region,Brown Advisory Funds,1912220288.0,0.0061,0.9995,0.0,0.2,0.4443,0.1617,0.1518,0.0061,5.65,1.3,25.92,0.68,ETF
RSXJ,Brown Advisory Sustainable Bond Fund Investor Shares,Miscellaneous Region,Brown Advisory Funds,30612008.0,0.0075,0.9989,0.0,0.0188,0.2312,0.0517,0.1063,-0.0344,-4.91,1.35,27.01,0.28,ETF
RTAI,Sterling Capital South Carolina Intermediate Tax Free Fund Class A,Muni National Interm,Sterling Capital Funds,12721942.0,0.0191,,,0.0956,,,,,,,,,ETF
RTM,BMO Short Tax-Free Fund Class A,Natural Resources,BMO Funds,595220800.0,0.004,1.0,0.0,0.1892,0.6385,0.1739,0.1655,0.1143,0.97,1.18,23.25,0.75,ETF
RUSL,BlackRock Strategic Income Opportunities Portfolio Investor A Shares,Trading--Leveraged Equity,BlackRock,65718376.0,0.0126,,,0.3952,0.9468,-0.0985,0.0165,-0.3277,-28.7,3.11,74.86,0.35,ETF
RVNU,iShares Total U.S. Stock Market Index Fund Investor A Shares,Muni National Long,BlackRock,139936352.0,0.0015,0.0,1.0,0.0199,0.0704,0.0642,0.0374,,-0.86,1.58,6.44,0.81,ETF
RWGV,BlackRock Short Obligations Fund Investor A Shares,Large Growth,BlackRock,17307732.0,0.0063,,,0.102,0.3988,,,,,,,,ETF
RWJ,BlackRock Allocation Target Shares Series A Portfolio,Small Value,BlackRock,711665600.0,0.0039,1.0,0.0,0.4893,1.213,0.1946,0.1824,0.145,-4.1,1.51,34.96,0.65,ETF
RWK,BMO Core Plus Bond Fund Class A,Mid-Cap Value,BMO Funds,409437120.0,0.0039,1.0,0.0,0.2495,0.7358,0.1456,0.1449,0.1236,-9.45,1.48,29.54,0.57,ETF
RWL,BlackRock Allocation Target Shares Series E Portfolio,Large Value,BlackRock,1076082048.0,0.0039,1.0,0.0,0.1923,0.4654,0.1553,0.1481,0.1353,-3.31,1.05,20.09,0.76,ETF
RWM,BMO Corporate Income Fund Class A,Trading--Inverse Equity,BMO Funds,265292640.0,0.0095,,,-0.1755,-0.4208,-0.1812,-0.1827,-0.1566,2.86,-1.19,24.05,-0.76,ETF
RWO,BlackRock Allocation Target Shares Series P Portfolio,Global Real Estate,BlackRock,1689409920.0,0.005,0.9954,0.0,0.1707,0.3609,0.0611,0.0414,0.064,-6.5,0.94,19.82,0.34,ETF
RWVG,BlackRock Allocation Target Shares Series V Portfolio,Large Value,BlackRock,37514560.0,0.0065,,,0.1821,0.4189,,,,,,,,ETF
RWX,Brown Advisory Small-Cap Fundamental Value Fund Advisor Shares,Global Real Estate,Brown Advisory Funds,923759872.0,0.0059,0.9913,0.0,0.0903,0.3105,0.0365,0.0335,0.041,-9.02,0.96,20.12,0.22,ETF
RXD,BMO Ultra Short Tax-Free Fund Class A,Trading--Inverse Equity,BMO Funds,1193497.0,0.0095,,,-0.2243,-0.4396,-0.3533,-0.3037,-0.3196,-18.0,-1.2,30.92,-1.28,ETF
RXL,Brown Advisory Small-Cap Fundamental Value Fund Institutional Shares,Trading--Leveraged Equity,Brown Advisory Funds,223605360.0,0.0095,,,0.2327,0.5909,0.2767,0.2413,0.2783,1.66,1.54,33.43,0.87,ETF
RYE,Brown Advisory Sustainable Growth Fund Advisor Shares,Equity Energy,Brown Advisory Funds,206910992.0,0.004,0.9998,0.0,0.4725,0.662,-0.0763,-0.0175,-0.0244,-30.28,2.41,50.12,0.07,ETF
RYF,Northern Global Tactical Asset Allocation Fund,Financial,Northern Funds,440200448.0,0.004,1.0,0.0,0.2553,0.6369,0.1487,0.1723,0.1409,-2.19,1.29,25.59,0.62,ETF
RYH,BBH Limited Duration Fund Class Institutional,Health,BBH,860428416.0,0.004,0.9998,0.0,0.1227,0.3246,0.1774,0.1482,0.1563,4.72,0.85,17.77,0.94,ETF
RYJ,BBH Limited Duration Fund Class N,Mid-Cap Blend,BBH,141052496.0,0.0076,0.9997,0.0,0.2075,0.5791,0.1027,0.1396,0.1122,-13.6,1.53,30.76,0.44,ETF
RYLD,Bridge Builder Core Plus Bond Fund,,Bridge Builder,218929872.0,0.006,0.9979,0.0,0.2018,0.4817,,,,,,,,ETF
RYT,William Blair Bond Fund R6 Class,Technology,William Blair,2705624320.0,0.004,1.0,0.0,0.1475,0.472,0.238,0.2664,0.1921,6.3,1.16,21.88,1.03,ETF
RYU,Bridge Builder Large Cap Growth Fund,Utilities,Bridge Builder,202199712.0,0.004,1.0,0.0,0.0461,0.1684,0.0977,0.0654,0.1012,3.51,0.41,15.37,0.6,ETF
SAA,BBH Global Core Select Fund Class N Shares,Trading--Leveraged Equity,BBH,46242824.0,0.0095,,,0.4848,1.6227,0.1143,0.2293,0.1998,-20.41,2.53,52.05,0.47,ETF
SBB,BlackRock GNMA Portfolio Class K,Trading--Inverse Equity,BlackRock,4629145.0,0.0095,,,-0.2155,-0.44,-0.1769,-0.1846,-0.1644,4.31,-1.23,24.98,-0.7,ETF
SBIO,BBH Global Core Select Fund Retail Class Shares,Health,BBH,232672160.0,0.005,0.9996,0.0,-0.0451,0.1695,0.1055,0.1775,,-3.06,1.16,29.48,0.45,ETF
SBM,Bridge Builder Small/Mid Cap Growth Fund,Trading--Inverse Equity,Bridge Builder,1559479.0,0.0095,,,-0.16,-0.3657,-0.1533,-0.1586,-0.1155,2.72,-1.07,22.78,-0.72,ETF
SBUG,Sterling Capital Intermediate U.S. Government Fund Institutional Shares,,Sterling Capital Funds,15302790.0,,,,-0.0178,0.3832,,,,,,,,ETF
SCC,BBH Partner Fund - International Equity Class Institutional,Trading--Inverse Equity,BBH,897696.0,0.0095,,,-0.1911,-0.5252,-0.3714,-0.3488,-0.3334,-7.08,-1.88,36.51,-1.11,ETF
SCDL,BBH Partner Fund - Small Cap Equity,Trading--Leveraged Equity,BBH,33313900.0,0.0095,,,,,,,,,,,,ETF
SCHA,Bridge Builder International Equity Fund,Small Blend,Bridge Builder,16508028928.0,0.0004,0.9995,0.0,0.1757,0.6139,0.1387,0.1563,0.126,-7.77,1.3,25.98,0.58,ETF
SCHB,BBH Intermediate Municipal Bond Fund Class I,Large Blend,BBH,21436985344.0,0.0003,0.9991,0.0,0.1529,0.4428,0.1869,0.1785,0.1468,-0.62,1.05,19.43,0.92,ETF
SCHC,BBH Intermediate Municipal Bond Fund Class N,Foreign Small/Mid Blend,BBH,3617085952.0,0.0011,0.9934,0.0002,0.1106,0.4377,0.0766,0.1039,0.0602,-2.76,1.21,21.83,0.39,ETF
SCHD,Sterling Capital Behavioral Large Cap Value Equity Fund Institutional,Large Value,Sterling Capital Funds,26004670464.0,0.0006,0.9996,0.0,0.1959,0.5113,0.1922,0.1636,,1.14,0.97,18.89,0.96,ETF
SCHE,BBH Select Series - Large Cap Fund,Diversified Emerging Mkts,BBH,9802682368.0,0.0011,0.9929,0.0,0.0794,0.3828,0.115,0.1204,0.0406,2.48,0.95,18.24,0.62,ETF
SCHF,BBH Select Series - Large Cap Fund Retail Class Shares,Foreign Large Blend,BBH,26988734464.0,0.0006,0.9975,0.0,0.105,0.3568,0.0931,0.1083,0.0588,-0.3,1.02,18.13,0.5,ETF
SCHG,BBH Select Series - Mid Cap Fund Class I,Large Growth,BBH,15159136256.0,0.0004,0.9993,0.0,0.139,0.4447,0.2548,0.2384,0.1771,5.48,1.02,19.7,1.19,ETF
SCHH,BBH Select Series - Mid Cap Fund Retail Class,Real Estate,BBH,5925398528.0,0.0007,1.0,0.0,0.212,0.3335,0.0608,0.0392,0.0796,-5.83,0.89,19.69,0.34,ETF
SCHI,Bridge Builder Municipal Bond Fund,Corporate Bond,Bridge Builder,354823968.0,0.0005,,,-0.0126,0.026,,,,,,,,ETF
SCHJ,Sterling Capital North Carolina Intermediate Tax-Free Fund C Shares,Short-Term Bond,Sterling Capital Funds,629433024.0,0.0005,,,,0.017,,,,,,,,ETF
SCHK,BBH Income Fund Class I Shares,Large Blend,BBH,1914563200.0,0.0005,0.9989,0.0,0.1477,0.428,0.1891,,,-0.18,1.03,19.07,0.94,ETF
SCHM,Sterling Capital North Carolina Intermediate Tax-Free Fund Institutional Shares,Mid-Cap Blend,Sterling Capital Funds,9683440640.0,0.0004,0.9996,0.0004,0.1521,0.5058,0.1423,0.149,0.1296,-6.61,1.22,23.77,0.63,ETF
SCHO,Sterling Capital Short Duration Bond Fund Class C,Short Government,Sterling Capital Funds,9400687616.0,0.0005,0.0,0.9992,-0.0011,,0.0265,0.0154,0.0113,0.78,0.16,1.22,1.24,ETF
SCHP,Sterling Capital Short Duration Bond Fund Class I,Inflation-Protected Bond,Sterling Capital Funds,18406871040.0,0.0005,0.0,1.0,0.0157,0.0625,0.0644,0.0408,0.0331,1.28,0.95,3.94,1.3,ETF
SCHQ,BlackRock Short Obligations Fund Class K,Long Government,BlackRock,80260496.0,0.0005,0.0,1.0,-0.0781,-0.1061,,,,,,,,ETF
SCHR,BBH Partner Fund - Select Short Term Assets,Intermediate Government,BBH,3434468864.0,0.0005,0.0,0.9995,-0.0189,-0.0205,0.0481,0.0213,0.0279,0.46,0.76,3.59,1.01,ETF
SCHV,Bridge Builder Core Bond Fund,Large Value,Bridge Builder,9565440000.0,0.0004,0.9989,0.0,0.1597,0.4044,0.1218,0.1202,0.1177,-5.53,1.0,19.33,0.63,ETF
SCHX,Sterling Capital Behavioral Large Cap Value Equity Fund A,Large Blend,Sterling Capital Funds,30887094272.0,0.0003,0.9991,0.0,0.1502,0.4265,0.192,0.1808,0.1488,0.18,1.02,18.93,0.96,ETF
SCHY,Bridge Builder Large Cap Value Fund,,Bridge Builder,9929608.0,0.0014,,,,,,,,,,,,ETF
SCHZ,Bridge Builder Small/Mid Cap Value Fund,Intermediate-Term Bond,Bridge Builder,8970265600.0,0.0004,,,-0.0165,-0.0068,0.0526,0.029,,-0.04,1.0,3.47,1.18,ETF
SCO,Boston Common ESG Impact International Fund,Trading--Inverse Commodities,Boston Common,79400936.0,0.0095,,,-0.611,-0.7519,-0.3279,-0.3558,-0.155,22.65,-5.31,105.35,0.02,ETF
SDCI,Baillie Gifford China A Shares Fund Class K,Commodities Broad Basket,Baillie Gifford Funds,8220534.0,0.007,,,0.2555,0.5522,-0.0184,,,-5.39,1.12,18.45,-0.06,ETF
SDD,Boston Common ESG Impact U.S. Equity Fund,Trading--Inverse Equity,Boston Common,2026320.0,0.0095,,,-0.3981,-0.702,-0.3772,-0.3754,-0.3338,4.76,-2.35,48.01,-0.77,ETF
SDEF,Baillie Gifford China A Shares Fund Institutional Class,,Baillie Gifford Funds,1565825.0,0.0061,,,0.0492,,,,,,,,,ETF
SDEI,BlackRock 80/20 Target Allocation Fund Class C,,BlackRock,6442045.0,0.0045,0.9941,0.0,,,,,,,,,,ETF
SDEM,BlackRock Core Bond Portfolio Investor A Shares,Diversified Emerging Mkts,BlackRock,65253208.0,0.0067,0.9981,0.0,0.0759,0.2803,0.0143,0.0426,,-8.16,1.15,22.22,0.11,ETF
SDG,BlackRock Core Bond Portfolio Investor C Shares,,BlackRock,478361760.0,0.0049,,,0.0394,0.514,0.2019,0.1717,,6.78,0.9,17.92,1.05,ETF
SDGA,BlackRock Global Dividend Portfolio Investor C Shares,Large Value,BlackRock,5455471.0,0.0075,,,0.0881,0.3911,,,,,,,,ETF
SDIV,BlackRock Core Bond Portfolio Class R Shares,,BlackRock,989929920.0,0.0059,,,0.1341,0.3852,-0.0463,0.0006,0.0169,-21.02,1.43,29.3,-0.03,ETF
SDOG,BlackRock 20/80 Target Allocation Fund Investor C Shares,Large Value,BlackRock,1213589632.0,0.004,0.997,0.0,0.2076,0.5107,0.1014,0.0982,,-9.15,1.15,23.15,0.48,ETF
SDOW,BlackRock Emerging Markets Flexible Dynamic Bond Portfolio Investor C Shares,Trading--Inverse Equity,BlackRock,356676672.0,0.0095,,,-0.3545,-0.6577,-0.5166,-0.4846,-0.4211,-20.79,-2.22,48.64,-1.24,ETF
SDP,Sterling Capital Equity Income Fund Class C,Trading--Inverse Equity,Sterling Capital Funds,2424885.0,0.0095,,,-0.0957,-0.3216,-0.2975,-0.2258,-0.2551,-22.9,-0.53,27.57,-1.17,ETF
SDS,Blue Current Global Dividend Fund Institutional Class,Trading--Inverse Equity,Blue Current Funds,609340928.0,0.0091,,,-0.2704,-0.534,-0.3761,-0.334,-0.2999,-12.65,-1.67,32.77,-1.29,ETF
SDVY,BlackRock 60/40 Target Allocation Fund Investor C Shares,,BlackRock,93201432.0,0.006,0.9989,0.0,0.2668,0.773,0.145,,,-6.35,1.31,26.63,0.6,ETF
SECT,American Century California High Yield Municipal Fund I Class,Large Blend,American Century Investments,906380032.0,0.008,,,0.1811,0.4651,0.1563,,,-3.01,1.03,19.4,0.78,ETF
SEF,American Century California High Yield Municipal Fund Investor Class,Trading--Inverse Equity,American Century Investments,16386888.0,0.0095,,,-0.195,-0.3604,-0.1733,-0.1727,-0.158,-0.4,-1.02,20.02,-0.92,ETF
SEIX,American Century California Intermediate-Term Tax-Free Bond Fund A Class,,American Century Investments,20493360.0,0.0057,,,0.0175,0.1122,,,,,,,,ETF
SENT,BlackRock Multi-Asset Income Portfolio Investor C Shares,Large Growth,BlackRock,69906736.0,0.0112,0.9938,0.0,,,,,,,,,,ETF
SEPZ,Blue Chip Investor Fund,,Blue Chip Investor Fund,10385862.0,0.0079,,,0.1179,,,,,,,,,ETF
SFIG,Brown Capital Management International Equity Fund Investor Shares,,Brown Capital Management,30874412.0,0.0018,0.0,0.9946,-0.0028,0.0318,0.0428,0.0259,,0.78,0.47,2.8,0.93,ETF
SFY,Brown Capital Management International Equity Fund Institutional Shares,,Brown Capital Management,238355456.0,,0.9983,0.0,0.1123,0.4139,,,,,,,,ETF
SFYF,American Century California Intermediate-Term Tax-Free Bond Fund Investor Class,Large Growth,American Century Investments,25980112.0,0.0029,0.9995,0.0,0.4416,1.1128,,,,,,,,ETF
SFYX,American Century California Intermediate-Term Tax-Free Bond Fund C Class,,American Century Investments,24618814.0,,0.9982,0.0,0.0803,0.4077,,,,,,,,ETF
SGDJ,BlackRock Event Driven Equity Fund Investor C Shares,Equity Precious Metals,BlackRock,126882928.0,0.005,,,-0.1045,0.1812,0.159,0.027,,3.84,1.2,39.95,0.52,ETF
SGDM,Brown Capital Management Mid Company Fund Institutional Shares,Equity Precious Metals,Brown Capital Management,240646528.0,0.005,0.9987,0.0,-0.0743,-0.1024,0.1407,0.0207,,7.58,0.79,38.96,0.48,ETF
SGG,BlackRock 40/60 Target Allocation Fund Investor C Shares,,BlackRock,26541404.0,0.0045,,,0.2015,0.4638,0.0773,,,5.89,1.04,26.97,0.36,ETF
SGOL,Brown Capital Management Mid Company Fund Investor Shares,,Brown Capital Management,2351933440.0,0.0017,,,-0.0706,-0.0088,0.1199,0.0567,0.0133,10.87,0.08,15.01,0.74,ETF
SGOV,Baird Core Plus Bond Fund Class Institutional,,Baird,750064064.0,0.0003,,,0.0002,0.0007,,,,,,,,ETF
SH,Baird Core Plus Bond Fund Class Investor,Trading--Inverse Equity,Baird,1376632448.0,0.009,,,-0.1436,-0.3117,-0.187,-0.1677,-0.1515,-4.42,-0.9,17.08,-1.2,ETF
SHAG,Brandes Core Plus Fixed Income Fund Class A,Short-Term Bond,Brandes,183860688.0,0.0012,,,-0.0026,0.0076,0.0386,,,0.75,0.47,2.26,1.21,ETF
SHE,Brandes Core Plus Fixed Income Fund Class I,Large Blend,Brandes,243685344.0,0.002,0.9996,0.0,0.1397,0.4451,0.1592,0.1523,,-2.79,1.04,19.85,0.78,ETF
SHLD,Brandes Core Plus Fixed Income Fund Class R6,,Brandes,3328682.0,0.006,0.9997,0.0,0.1327,,,,,,,,,ETF
SHM,BlackRock CoreAlpha Bond Fund Investor A Shares,Muni National Short,BlackRock,4810570752.0,0.002,,,-0.001,0.0053,0.0239,0.014,0.0139,-0.33,0.38,1.81,0.63,ETF
SHUS,BlackRock CoreAlpha Bond Fund Investor C Shares,Large Blend,BlackRock,44083192.0,0.0065,0.9942,0.0,,,,,,,,,,ETF
SHV,BlackRock Real Estate Securities Fund Investor C Shares,Ultrashort Bond,BlackRock,14643632128.0,0.0015,,,-0.0004,-0.0003,0.0138,0.0113,0.0059,0.14,,0.41,0.55,ETF
SHY,BlackRock CoreAlpha Bond Fund Institutional,Short Government,BlackRock,19510605824.0,0.0015,0.0,0.9942,-0.0014,-0.0006,0.0257,0.0147,0.0108,0.69,0.16,1.22,1.16,ETF
SHYD,BlackRock CoreAlpha Bond Fund Class K,High Yield Muni,BlackRock,354487616.0,0.0035,,,0.0385,0.1008,0.0449,0.0313,,-1.73,1.3,5.99,0.54,ETF
SHYG,BlackRock Commodity Strategies Portfolio Investor A Shares,High Yield Bond,BlackRock,5302772224.0,0.003,,,0.035,0.1302,0.051,0.0543,,2.54,0.37,7.7,0.52,ETF
SHYL,BlackRock Commodity Strategies Portfolio Investor C Shares,High Yield Bond,BlackRock,67356640.0,0.002,,,0.0351,0.1371,0.0518,,,2.62,0.36,7.5,0.54,ETF
SIJ,Brown Capital Management International Small Company Fund Institutional Shares,Trading--Inverse Equity,Brown Capital Management,1676788.0,0.0095,,,-0.2764,-0.5954,-0.3972,-0.3554,-0.3183,-6.8,-2.03,40.48,-1.06,ETF
SIL,Brown Capital Management Small Company Fund Investor Shares,Equity Precious Metals,Brown Capital Management,1380757120.0,0.0065,0.9981,0.0,-0.06,0.1766,0.1591,0.0143,-0.0394,6.12,1.02,38.6,0.53,ETF
SILJ,BlackRock Commodity Strategies Portfolio Class K,Equity Precious Metals,BlackRock,954532224.0,0.0069,0.9932,0.0,-0.0681,0.2811,0.1394,0.0178,,0.02,1.66,50.03,0.47,ETF
SILX,Brown Capital Management Small Company Fund Institutional Shares,,Brown Capital Management,,0.0095,,,,,,,,,,,,ETF
SIMS,Brown Capital Management International Small Company Fund Investor Shares,Infrastructure,Brown Capital Management,53011952.0,0.0045,0.9996,0.0,0.1429,0.6141,0.1917,,,0.67,1.38,25.94,0.77,ETF
SINV,American Century California Intermediate-Term Tax-Free Bond Fund I Class,,American Century Investments,,0.0095,,,,,,,,,,,,ETF
SIVR,Sterling Capital Behavioral Large Cap Value Equity Fund C,,Sterling Capital Funds,1036550144.0,0.003,,,-0.0141,0.4288,0.1717,0.0647,-0.031,15.27,1.18,34.09,0.58,ETF
SIXA,BlackRock Defensive Advantage International Fund Investor A,Large Value,BlackRock,152588304.0,0.0086,0.9977,0.0,0.1501,0.3215,,,,,,,,ETF
SIXH,Baron Durable Advantage Fund Retail Shares,Large Value,"Baron Capital Group, Inc.",238810624.0,0.0087,,,0.1357,0.1936,,,,,,,,ETF
SIXL,Baron Durable Advantage Fund Institutional Shares,Mid-Cap Blend,"Baron Capital Group, Inc.",129668328.0,0.0088,0.9956,0.0,0.1328,0.3128,,,,,,,,ETF
SIXS,BMO Disciplined International Equity Fund Class A,Small Blend,BMO Funds,57274948.0,0.01,0.9988,0.0,0.2873,0.6694,,,,,,,,ETF
SJB,Baron Durable Advantage Fund R6 Shares,Trading--Inverse Debt,"Baron Capital Group, Inc.",53813236.0,0.0095,,,-0.0396,-0.1425,-0.0766,-0.0695,-0.073,-6.14,-0.66,8.65,-1.02,ETF
SJNK,BlackRock Defensive Advantage International Fund Institutional,High Yield Bond,BlackRock,5123743232.0,0.004,,,0.0413,0.1493,0.0594,0.0611,,3.15,0.41,8.24,0.58,ETF
SKF,iShares Russell 2000 Small-Cap Index Fund Class K,Trading--Inverse Equity,BlackRock,14443772.0,0.0095,,,-0.3576,-0.6032,-0.3724,-0.3512,-0.3209,-6.55,-1.88,37.59,-1.06,ETF
SKOR,iShares Russell 2000 Small-Cap Index Fund Investor P Shares,Corporate Bond,BlackRock,292272384.0,0.0022,,,-0.006,0.0228,0.0677,0.0382,,1.4,0.98,4.86,1.12,ETF
SKYU,Baron Discovery Fund Retail Shares,Trading--Inverse Equity,"Baron Capital Group, Inc.",2285337.0,0.0095,,,,,,,,,,,,ETF
SKYY,Baron Discovery Fund Institutional Shares,Technology,"Baron Capital Group, Inc.",6326709760.0,0.006,0.9994,0.0,0.1161,0.4251,0.2652,0.2931,,10.43,1.03,22.3,1.11,ETF
SLQD,Baron Discovery Fund R6 Shares,Short-Term Bond,"Baron Capital Group, Inc.",2566592000.0,0.0006,,,-0.0006,0.0141,0.0404,0.0269,,1.0,0.45,2.64,1.08,ETF
SLT,BlackRock Dynamic High Income Portfolio Investor A,Large Blend,BlackRock,11670360.0,0.006,0.9974,0.0,0.1732,0.6762,0.2207,,,-2.71,1.49,30.35,0.78,ETF
SLVO,BlackRock Dynamic High Income Portfolio Investor C,,BlackRock,261613984.0,0.0065,,,0.0485,0.2872,0.0975,0.025,,7.2,0.88,22.68,0.46,ETF
SLVP,BlackRock Dynamic High Income Portfolio Institutional,Equity Precious Metals,BlackRock,322208672.0,0.0039,0.9967,0.0,-0.0943,0.187,0.1748,0.0511,,6.39,1.23,44.77,0.53,ETF
SLX,BlackRock Dynamic High Income Portfolio Class K,Natural Resources,BlackRock,218428192.0,0.0056,0.9976,0.0,0.3883,1.2896,0.1504,0.2094,0.0187,-3.58,1.57,33.64,0.55,ETF
SLY,BMO Disciplined International Equity Fund Class I,Small Blend,BMO Funds,1824712960.0,0.0015,0.9996,0.0,0.2355,0.6747,0.1218,0.1577,0.1342,-8.84,1.28,25.97,0.53,ETF
SLYG,Braddock Multi-Strategy Income Fund Class A Shares,Small Growth,Liberty Street,2292768000.0,0.0015,0.9994,0.0,0.1653,0.5734,0.1308,0.1676,0.1383,-7.09,1.2,24.23,0.58,ETF
SMB,Braddock Multi-Strategy Income Fund Class C Shares,Muni National Short,Liberty Street,303599232.0,0.002,0.0,0.9972,0.0023,0.0165,0.0307,0.018,0.0173,-0.34,0.51,2.22,0.74,ETF
SMCP,Braddock Multi-Strategy Income Fund Institutional Class Shares,Small Growth,Liberty Street,26778500.0,0.0122,,,0.201,0.6015,0.069,0.0851,,-11.55,1.11,22.79,0.35,ETF
SMDD,Lord Abbett Bond Debenture Fund Class C,Trading--Inverse Equity,Lord Abbett,4069753.0,0.0095,,,-0.4523,-0.7816,-0.54,-0.4876,-0.4462,-4.2,-3.01,61.8,-0.93,ETF
SMDV,BlackRock Global Long/Short Equity Fund Investor A Shares,Small Blend,BlackRock,884033280.0,0.0041,0.9978,0.0,0.1177,0.3403,0.0593,0.0841,,-7.93,0.79,17.89,0.34,ETF
SMDY,BlackRock Global Long/Short Equity Fund Investor C Shares,,BlackRock,7132068.0,0.0035,0.999,0.0,0.1891,0.6966,,,,,,,,ETF
SMH,BlackRock Global Long/Short Equity Fund Institutional Shares,Technology,BlackRock,5796586496.0,0.0035,1.0,0.0,0.2006,0.7282,0.3857,0.3741,0.2427,17.54,1.23,24.66,1.41,ETF
SMHB,BlackRock Global Long/Short Credit Fund Class K,,BlackRock,46076940.0,0.0085,,,0.5069,2.3388,,,,,,,,ETF
SMLE,iShares MSCI Total International Index Fund Investor A Shares,,BlackRock,11848369.0,0.0015,0.9997,0.0,,,,,,,,,,ETF
SMLV,iShares MSCI Total International Index Fund Institutional Shares,Small Blend,BlackRock,220777600.0,0.0012,0.9987,0.0,0.1885,0.5116,0.0878,0.119,,-9.84,1.13,23.86,0.43,ETF
SMMU,iShares MSCI Total International Index Fund Class K,Muni National Short,BlackRock,452931200.0,0.0035,,,0.0031,0.017,0.0248,0.0181,0.0133,0.05,0.31,1.32,0.95,ETF
SMMV,BlackRock Advantage Small Cap Core Fund Investor A Shares,Small Blend,BlackRock,872572864.0,0.002,0.9981,0.0,0.1273,0.3298,0.0853,,,-6.81,0.88,17.91,0.49,ETF
SMN,BlackRock Advantage Small Cap Core Fund Investor C Shares,Trading--Inverse Equity,BlackRock,3337273.0,0.0095,,,-0.3072,-0.6153,-0.3533,-0.3326,-0.255,1.19,-2.01,43.9,-0.78,ETF
SMOG,BMO Aggressive Allocation Fund Class I,Miscellaneous Sector,BMO Funds,311291360.0,0.0062,0.9999,0.0,-0.0263,0.9742,0.4053,0.2754,0.1235,17.8,1.44,31.09,1.22,ETF
SNLN,BlackRock Advantage Small Cap Core Fund Institutional Shares,Bank Loan,BlackRock,43604596.0,0.0075,,,0.0181,0.0482,-0.0002,0.0153,,-0.94,-0.02,6.6,-0.15,ETF
SNPE,BlackRock Advantage Small Cap Core Fund Class K,Large Blend,BlackRock,633236224.0,0.001,0.9991,0.0,0.1564,0.4042,,,,,,,,ETF
SNSR,BMO Aggressive Allocation Fund Class R6,Technology,BMO Funds,450874944.0,0.0068,0.9982,0.0,0.1249,0.4779,0.2362,,,5.46,1.26,24.33,0.95,ETF
SNUG,BMO Aggressive Allocation Fund Class R3,,BMO Funds,23200552.0,0.0088,,,0.0096,0.119,,,,,,,,ETF
SOGU,BMO Aggressive Allocation Fund Class Y,,BMO Funds,6192984.0,0.0095,,,,,,,,,,,,ETF
SOXL,BMO Conservative Allocation Fund Class I,Trading--Leveraged Equity,BMO Funds,4625718272.0,0.0099,,,0.4329,2.5519,0.6857,0.8943,0.5044,19.27,3.78,79.9,1.08,ETF
SOXQ,BMO Conservative Allocation Fund Class R3,Technology,BMO Funds,60674888.0,0.0019,0.9996,0.0,,,,,,,,,,ETF
SOXS,BMO Conservative Allocation Fund Class R6,Trading--Inverse Equity,BMO Funds,126335920.0,0.0111,,,-0.6059,-0.8893,-0.8261,-0.7878,-0.6788,-94.91,-2.53,71.43,-1.96,ETF
SOYB,BMO Conservative Allocation Fund Class Y,,BMO Funds,70777808.0,0.0115,,,0.2173,0.6965,0.1343,0.0212,,10.46,0.58,14.64,0.86,ETF
SPAB,Federated Hermes Prudent Bear Fund Class A Shares,Intermediate-Term Bond,Federated,6158985216.0,0.0003,,,-0.0165,-0.0054,0.0528,0.0294,0.0329,-0.1,1.01,3.52,1.16,ETF
SPAK,BlackRock Emerging Markets Flexible Dynamic Bond Portfolio Institutional Shares,,BlackRock,62984092.0,0.0045,0.9986,0.0,-0.103,,,,,,,,,ETF
SPBC,BlackRock Total Emerging Markets Fund Investor A,Large Blend,BlackRock,102553872.0,0.005,,,,,,,,,,,,ETF
SPBO,BlackRock Total Emerging Markets Fund Investor C,Corporate Bond,BlackRock,348428704.0,0.0003,,,-0.013,0.0318,0.0798,0.049,0.0482,0.26,1.59,7.14,0.94,ETF
SPCX,The BeeHive Fund,,BeeHive,118109440.0,0.0095,0.999,0.001,0.094,,,,,,,,,ETF
SPD,BlackRock Total Emerging Markets Fund Institutional,,BlackRock,211486368.0,0.0028,0.9966,0.0,0.1299,,,,,,,,,ETF
SPDN,American Century International Bond Fund Investor Class,Trading--Inverse Equity,American Century Investments,114744992.0,0.005,,,-0.1412,-0.3077,-0.1812,-0.1642,,-3.91,-0.9,17.09,-1.17,ETF
SPDV,Sterling Capital Equity Income Fund Institutional Shares,Large Value,Sterling Capital Funds,40877492.0,0.0029,0.9961,0.0,0.2492,0.5125,0.0843,,,-10.18,1.13,23.07,0.42,ETF
SPDW,Franklin Mutual Beacon Fund Class Z,Foreign Large Blend,Franklin Templeton Investments,11477851136.0,0.0004,0.9967,0.0,0.1051,0.3636,0.0935,0.1095,0.06,-0.21,1.02,18.22,0.51,ETF
SPEM,BlackRock Emerging Markets Bond Fund Institutional Shares,Diversified Emerging Mkts,BlackRock,6402826752.0,0.0011,0.995,0.0,0.0877,0.3875,0.1145,0.1265,0.0447,2.47,0.95,18.23,0.62,ETF
SPEU,BlackRock Emerging Markets Bond Fund Class K Shares,Europe Stock,BlackRock,333661952.0,0.0009,0.9965,0.0,0.1283,0.3688,0.1099,0.1031,0.051,0.92,1.06,19.29,0.56,ETF
SPFF,Boston Partners Emerging Markets Dynamic Equity Fund Institutional Class,Preferred Stock,Boston Partners,218496880.0,0.0058,,,0.0475,0.2171,0.0684,0.0427,,2.34,0.93,12.47,0.49,ETF
SPGM,Brandes Emerging Markets Value Fund Class A,,Brandes,587625984.0,0.0009,0.9986,0.0,0.1487,0.4178,0.1515,0.1479,,0.31,1.01,18.21,0.8,ETF
SPGP,Brandes Emerging Markets Value Fund Class C,Large Growth,Brandes,550037376.0,0.0034,1.0,0.0,0.2217,0.6094,0.2133,0.2298,0.1726,-0.16,1.2,23.28,0.9,ETF
SPHB,Brandes Emerging Markets Value Fund Class I,Large Blend,Brandes,2054004096.0,0.0025,1.0,0.0,0.338,0.916,0.2308,0.2297,0.1406,-3.4,1.61,33.05,0.76,ETF
SPHD,Brandes Emerging Markets Value Fund Class R6,Large Value,Brandes,3078020352.0,0.003,1.0,0.0,0.1954,0.4005,0.0715,0.0731,,-9.57,0.99,20.64,0.38,ETF
SPHQ,American Century Equity Growth Fund A Class,Large Blend,American Century Investments,2947303936.0,0.0015,0.9997,0.0,0.1614,0.3923,0.195,0.164,0.1498,1.92,0.92,17.43,1.04,ETF
SPHY,American Century Equity Growth Fund Investor Class,High Yield Bond,American Century Investments,408065536.0,0.001,,,0.0383,0.1601,0.0783,0.06,,3.85,0.7,9.19,0.73,ETF
SPIB,Chartwell Mid Cap Value Fund,Corporate Bond,Chartwell Investment Partners,,0.0007,,,-0.0062,0.0231,0.0606,0.0375,0.039,1.01,0.94,4.89,0.99,ETF
SPIP,Chartwell Income Fund,Inflation-Protected Bond,Chartwell Investment Partners,2604256256.0,0.0012,0.0,0.9996,0.013,0.0616,0.0655,0.0413,0.0337,1.06,1.03,4.21,1.24,ETF
SPLB,William Blair Emerging Markets Small Cap Growth Fund Class I,Long-Term Bond,William Blair,999402176.0,0.0007,0.0,0.9957,-0.0273,0.0334,0.1078,0.0653,0.0739,-1.47,2.75,11.58,0.84,ETF
SPLG,Baron Emerging Markets Fund Retail Shares,Large Blend,"Baron Capital Group, Inc.",10719246336.0,0.0003,0.999,0.0,0.1531,0.4097,0.1869,0.1773,0.147,-0.06,1.01,18.64,0.95,ETF
SPMB,Baron Emerging Markets Fund Institutional Shares,Intermediate Government,"Baron Capital Group, Inc.",3903736064.0,0.0004,,,-0.0104,-0.0076,0.0383,0.0207,0.0244,0.61,0.45,2.09,1.22,ETF
SPMD,Baron Emerging Markets Fund Class R6,Mid-Cap Blend,"Baron Capital Group, Inc.",4711515648.0,0.0005,0.9995,0.0,0.1758,0.5308,0.1248,0.1484,0.1199,-8.16,1.22,23.91,0.56,ETF
SPMO,American Funds The Bond Fund of America Class C,Large Growth,American Funds,85921744.0,0.0013,1.0,0.0,0.1244,0.3714,0.1853,0.1954,,2.03,0.87,17.51,0.99,ETF
SPMV,American Funds The Bond Fund of America Class F-1,Large Blend,American Funds,24200488.0,0.001,1.0,0.0,0.1062,0.277,0.1419,,,-1.96,0.87,16.53,0.81,ETF
SPQQ,American Funds Corporate Bond Fund Class A,Large Blend,American Funds,1616235.0,0.002,0.9909,0.0,0.0824,,,,,,,,,ETF
SPRE,American Funds Corporate Bond Fund Class C,,American Funds,10968909.0,0.0069,0.9967,0.0,0.0438,,,,,,,,,ETF
SPSB,American Funds Corporate Bond Fund Class F-1,Short-Term Bond,American Funds,7716410880.0,0.0007,,,0.0018,0.0137,0.0356,0.0247,0.0207,0.94,0.33,2.21,1.04,ETF
SPSK,American Funds Corporate Bond Fund Class F-2,,American Funds,34108208.0,0.0065,,,-0.0098,0.0356,,,,,,,,ETF
SPSM,American Funds The Bond Fund of America Class F-3,Small Blend,American Funds,4171122688.0,0.0005,0.9997,0.0,0.2339,0.6735,0.1262,0.1624,,-8.42,1.28,25.92,0.54,ETF
SPTI,BlackRock Capital Appreciation Fund K Shares,Intermediate Government,BlackRock,3059936768.0,0.0006,0.0,0.9992,-0.0188,-0.0212,0.0483,0.0244,0.0234,0.43,0.77,3.57,1.02,ETF
SPTL,Baron Focused Growth Fund Retail Shares,Long Government,"Baron Capital Group, Inc.",3583414784.0,0.0006,0.0,0.9999,-0.0783,-0.1054,0.0798,0.0304,0.0659,-6.14,3.31,13.25,0.55,ETF
SPTM,Baron Focused Growth Fund Institutional Shares,Large Blend,"Baron Capital Group, Inc.",5182680576.0,0.0003,0.9992,0.0,0.1569,0.4227,0.1808,0.1753,0.1449,-0.89,1.03,19.07,0.9,ETF
SPTS,Baron Focused Growth Fund R6 Shares,Short Government,"Baron Capital Group, Inc.",3497885696.0,0.0006,0.0,0.9956,-0.0015,0.0001,0.0268,0.0135,,0.78,0.16,1.2,1.28,ETF
SPUC,American Funds Inflation Linked Bond Fund Class A,,American Funds,8669705.0,0.0045,0.9955,0.0,0.0568,,,,,,,,,ETF
SPUS,American Funds Inflation Linked Bond Fund Class C,,American Funds,70107432.0,0.0049,1.0,0.0,0.1024,0.3732,,,,,,,,ETF
SPUU,American Funds Inflation Linked Bond Fund Class F-1,Trading--Leveraged Equity,American Funds,32451020.0,0.0063,,,0.3124,0.9223,0.3051,0.3033,,-3.42,2.06,38.29,0.86,ETF
SPVM,American Funds Inflation Linked Bond Fund Class F-2,Large Value,American Funds,39042672.0,0.0039,0.999,0.0,0.21,0.5018,0.1177,0.1344,0.1176,-7.81,1.17,23.62,0.55,ETF
SPVU,Baron FinTech Fund Institutional Shares,Large Value,"Baron Capital Group, Inc.",133720872.0,0.0013,0.9999,0.0,0.2643,0.5494,0.1059,0.1358,,-10.4,1.31,27.24,0.47,ETF
SPXB,Baron FinTech Fund Retail Shares,Corporate Bond,"Baron Capital Group, Inc.",36756520.0,0.0015,0.0,0.9979,-0.0192,0.0172,0.0796,,,0.34,1.58,6.68,1.01,ETF
SPXE,Baron FinTech Fund R6 Shares,Large Blend,"Baron Capital Group, Inc.",25532766.0,0.0027,,,0.1453,0.4026,0.1938,0.1864,,1.3,0.97,17.94,1.02,ETF
SPXN,Lord Abbett Multi-Asset Balanced Opportunity Fund Class C,Large Blend,Lord Abbett,7692183.0,0.0027,,,0.1368,0.383,0.19,0.1845,,0.81,0.98,18.16,0.99,ETF
SPXS,BlackRock Core Bond Portfolio Institutional Shares,Trading--Inverse Equity,BlackRock,367817440.0,0.0109,,,-0.3836,-0.6914,-0.5472,-0.4876,-0.4435,-25.55,-2.31,48.0,-1.39,ETF
SPXT,BlackRock Low Duration Bond Portfolio Institutional Shares,Large Blend,BlackRock,7396839.0,0.0027,,,0.1572,0.3957,0.1447,0.1362,,-3.09,0.98,18.33,0.78,ETF
SPXU,Berkshire Focus Fund,Trading--Inverse Equity,Berkshire,511489792.0,0.0093,,,-0.3848,-0.6914,-0.546,-0.4858,-0.44,-25.24,-2.31,48.02,-1.38,ETF
SPXV,Biondo Focus Fund Investor Class,Large Blend,Biondo Investment Advisor,4060262.0,0.0027,,,0.156,0.4238,0.1829,0.1819,,-0.69,1.04,19.4,0.92,ETF
SPXZ,BlackRock Floating Rate Income Portfolio Investor A Shares,Small Growth,BlackRock,26139040.0,0.01,0.9782,0.0218,,,,,,,,,,ETF
SPY,BlackRock Floating Rate Income Fund Investor C shares,Large Blend,BlackRock,374031319040.0,0.00094,0.9971,0.0,0.1525,0.409,0.1851,0.1751,0.1471,-0.09,1.0,18.49,0.95,ETF
SPYC,BlackRock Floating Rate Income Fund Institutional shares,,BlackRock,85181224.0,0.0028,0.9964,0.0,0.114,,,,,,,,,ETF
SPYD,BlackRock Floating Rate Income Fund Class K,,BlackRock,3473766144.0,0.0007,0.9986,0.0,0.2409,0.5289,0.0906,0.0956,,-9.9,1.16,24.84,0.42,ETF
SPYX,BFS Equity Fund,Large Blend,BFS,1151342080.0,0.002,0.9992,0.0,0.1485,0.409,0.1923,0.185,,0.77,0.99,18.28,0.99,ETF
SQEW,Baron Fifth Avenue Growth Fund Retail Class,,"Baron Capital Group, Inc.",76644984.0,0.0075,,,0.1277,,,,,,,,,ETF
SQLV,Baron Fifth Avenue Growth Fund Institutional Class,Small Blend,"Baron Capital Group, Inc.",17103104.0,0.0062,0.9978,0.0003,0.2896,0.7121,0.1019,,,-11.12,1.33,27.68,0.45,ETF
SRET,Baron Fifth Avenue Growth Fund Class R6,Real Estate,"Baron Capital Group, Inc.",510044160.0,0.0059,0.9996,0.0,0.1422,0.3616,-0.0622,-0.0041,,-20.79,1.55,35.32,0.03,ETF
SRLN,American Funds Capital World Bond Fund Class F-2,Bank Loan,American Funds,6265080832.0,0.007,,,0.0327,0.119,0.0472,0.046,,3.16,0.12,7.76,0.47,ETF
SRS,Baillie Gifford Global Alpha Equities Fund Class 3,Trading--Inverse Equity,Baillie Gifford Funds,15590135.0,0.0095,,,-0.3349,-0.4827,-0.3306,-0.2436,-0.2601,-12.3,-1.36,29.83,-1.22,ETF
SRTY,Baron Global Advantage Fund Retail Shares,Trading--Inverse Equity,"Baron Capital Group, Inc.",111350688.0,0.0095,,,-0.4839,-0.8331,-0.5783,-0.545,-0.4835,-6.7,-3.16,65.79,-0.95,ETF
SRVR,Baron Global Advantage Fund Institutional Shares,Real Estate,"Baron Capital Group, Inc.",1190186624.0,0.006,0.9946,0.0,0.1336,0.1525,0.1788,,,8.92,0.52,15.24,1.07,ETF
SSG,Baillie Gifford Global Alpha Equities Fund Class K,Trading--Inverse Equity,Baillie Gifford Funds,2336064.0,0.0095,,,-0.4376,-0.7218,-0.609,-0.5751,-0.4632,-51.43,-1.7,45.93,-1.78,ETF
SSLY,BlackRock Global Impact Fund Investor A,Small Blend,BlackRock,22979748.0,0.004,0.9989,0.0,0.2549,0.7437,,,,,,,,ETF
SSO,Baillie Gifford Global Alpha Equities Fund Class I,Trading--Leveraged Equity,Baillie Gifford Funds,4189643776.0,0.0091,,,0.3078,0.9121,0.2955,0.2982,0.2522,-4.08,2.06,38.35,0.84,ETF
SSPY,Baillie Gifford Global Alpha Equities Fund Class 2,,Baillie Gifford Funds,66334684.0,0.003,0.9981,0.0,0.1565,0.5199,,,,,,,,ETF
SSUS,Baillie Gifford Multi Asset Fund Institutional Class,Large Blend,Baillie Gifford Funds,255117536.0,0.0079,0.9985,0.0,0.146,0.4039,,,,,,,,ETF
STIP,Baillie Gifford Multi Asset Fund Class K,Inflation-Protected Bond,Baillie Gifford Funds,5863667712.0,0.0005,0.0,0.993,0.0295,0.0596,0.0426,0.0286,0.0164,2.13,0.21,1.8,1.58,ETF
STNC,BlackRock U.S. Government Bond Portfolio Class R,Large Blend,BlackRock,35000340.0,0.0085,0.9937,0.0,,,,,,,,,,ETF
STOT,BlackRock Global Long/Short Credit Fund Investor A Shares,Short-Term Bond,BlackRock,160239568.0,0.0045,,,0.0047,0.018,0.0283,0.0199,,0.28,0.31,2.05,0.76,ETF
STPZ,Baillie Gifford China Equities Fund Institutional Class,Inflation-Protected Bond,Baillie Gifford Funds,972715712.0,0.002,0.0,0.9969,0.0285,0.0613,0.0426,0.0273,0.0158,1.97,0.24,2.0,1.42,ETF
SUBZ,BlackRock Global Long/Short Credit Fund Investor C Shares,,BlackRock,37992144.0,0.0075,0.9996,0.0,,,,,,,,,,ETF
SUSB,Baillie Gifford China Equities Fund Class K,Short-Term Bond,Baillie Gifford Funds,1045972096.0,0.0012,,,-0.0003,0.0164,0.044,,,1.06,0.52,3.11,1.04,ETF
SUSC,BlackRock Global Long/Short Credit Fund Institutional Shares,Corporate Bond,BlackRock,761888320.0,0.0018,,,-0.0139,0.0234,0.0754,,,0.11,1.57,7.04,0.92,ETF
SUSL,Baillie Gifford EAFE Plus All Cap Fund Class 3,Large Blend,Baillie Gifford Funds,3599515648.0,0.001,0.9979,0.0,0.1633,0.4081,,,,,,,,ETF
SVOL,BlackRock Global Long/Short Equity Fund Class K,Large Blend,BlackRock,13506018.0,0.005,,,,,,,,,,,,ETF
SVXY,Baillie Gifford EAFE Plus All Cap Fund Class I,Trading--Miscellaneous,Baillie Gifford Funds,588646720.0,0.0138,,,0.3405,0.7635,0.0297,-0.1075,,12.94,-5.49,40.51,0.26,ETF
SWAN,Baillie Gifford EAFE Plus All Cap Fund Class 2,,Baillie Gifford Funds,783381440.0,0.0049,0.1407,0.8557,0.045,0.1328,,,,,,,,ETF
SXQG,BlackRock GA Disciplined Volatility Equity Fund Class K,Large Growth,BlackRock,9556987.0,0.01,0.9994,0.0,,,,,,,,,,ETF
SYLD,Brandes Global Equity Fund Class A,Mid-Cap Value,Brandes,323082656.0,0.0059,,,0.4461,1.0244,0.2192,0.2023,,-1.28,1.38,29.82,0.78,ETF
SYUS,Baillie Gifford Emerging Markets Equities Fund Class 5,Large Blend,Baillie Gifford Funds,16047651.0,0.0035,0.9982,0.0,,,,,,,,,,ETF
SZK,BlackRock GA Dynamic Equity Fund Class K,Trading--Inverse Equity,BlackRock,992711.0,0.0095,,,-0.1614,-0.5765,-0.3661,-0.2697,-0.2715,-12.36,-1.59,33.12,-1.22,ETF
SZNE,Baillie Gifford International Growth Fund Class 4,,Baillie Gifford Funds,73675384.0,0.006,0.9989,0.0,0.1883,0.4514,,,,,,,,ETF
TAAG,Baillie Gifford Emerging Markets Equities Fund Class I,Large Blend,Baillie Gifford Funds,7075856.0,0.0115,1.0,0.0,0.0573,0.2107,,,,,,,,ETF
TADS,Baillie Gifford Emerging Markets Equities Fund Class 2,Large Blend,Baillie Gifford Funds,34652648.0,0.0115,1.0,0.0,0.1327,0.28,,,,,,,,ETF
TAGS,American Century Global Gold Fund Investor Class,,American Century Investments,10087395.0,0.01,,,0.2284,0.5519,0.0699,-0.0182,,4.52,0.62,14.97,0.45,ETF
TAIL,Baillie Gifford International Growth Fund Class K,,Baillie Gifford Funds,281995264.0,0.0059,0.0408,0.9503,-0.0881,-0.1744,-0.0354,,,7.94,-0.68,14.62,-0.27,ETF
TAN,Baillie Gifford Emerging Markets Equities Fund Class 3,Miscellaneous Sector,Baillie Gifford Funds,3568165888.0,0.0069,0.9982,0.0,-0.1307,1.4768,0.5754,0.3572,0.0535,33.38,1.45,42.54,1.26,ETF
TAXF,Baillie Gifford International Growth Fund Class I,Muni National Interm,Baillie Gifford Funds,132924072.0,0.0029,,,0.0239,0.0727,,,,,,,,ETF
TBF,Baillie Gifford International Growth Fund Class 2,Trading--Inverse Debt,Baillie Gifford Funds,610486528.0,0.0094,,,0.0697,0.0926,-0.0855,-0.038,-0.0858,3.94,-3.23,13.81,-0.66,ETF
TBJL,Baillie Gifford International Growth Fund Class 3,Long Government,Baillie Gifford Funds,3000651.0,0.0079,0.0,0.9983,-0.0228,,,,,,,,,ETF
TBT,Baillie Gifford International Growth Fund Class 5,Trading--Inverse Debt,Baillie Gifford Funds,1500292992.0,0.0092,,,0.1468,0.1843,-0.1858,-0.093,-0.1779,8.16,-6.36,27.65,-0.64,ETF
TBX,William Blair Growth Fund Class I,Trading--Inverse Debt,William Blair,79149344.0,0.0095,,,0.0259,0.0298,-0.048,-0.0158,-0.0425,-0.81,-1.27,5.43,-1.09,ETF
TCHP,William Blair Growth Fund Class R6,,William Blair,103008344.0,0.0057,0.9913,0.0,0.003,,,,,,,,,ETF
TCTL,William Blair Global Leaders Fund R6 Class,,William Blair,39984316.0,0.0085,,,0.091,0.2677,0.0434,,,-6.46,1.08,13.83,0.3,ETF
TDIV,Baillie Gifford The U.S. Equity Growth Fund Class K,Technology,Baillie Gifford Funds,1621100160.0,0.005,0.9962,0.0,0.1677,0.4034,0.2018,0.1942,,4.98,1.0,18.92,1.01,ETF
TDSA,Baillie Gifford The U.S. Equity Growth Fund Class I,,Baillie Gifford Funds,17951832.0,0.0067,,,-0.0116,,,,,,,,,ETF
TDSB,Baillie Gifford International Alpha Fund Class 3,,Baillie Gifford Funds,349372352.0,0.0068,,,0.0339,,,,,,,,,ETF
TDSC,Baillie Gifford International Alpha Fund Class K,,Baillie Gifford Funds,660796096.0,0.0069,,,0.0621,,,,,,,,,ETF
TDSD,BlackRock Global Impact Fund Institutional,,BlackRock,243536704.0,0.0068,0.8295,0.1631,0.086,,,,,,,,,ETF
TDSE,Baillie Gifford International Alpha Fund Class 2,,Baillie Gifford Funds,88586776.0,0.0069,0.9018,0.0934,0.0328,,,,,,,,,ETF
TDTF,Baillie Gifford International Alpha Fund Class 4,Inflation-Protected Bond,Baillie Gifford Funds,629916160.0,0.0018,0.0,1.0,0.0206,0.0682,0.0634,0.0394,,1.88,0.78,3.62,1.38,ETF
TDTT,Baillie Gifford International Alpha Fund Class 5,Inflation-Protected Bond,Baillie Gifford Funds,1475239040.0,0.0018,0.0,0.9999,0.0284,0.0679,0.0496,0.032,,2.16,0.38,2.49,1.45,ETF
TDV,Baillie Gifford Emerging Markets Equities Fund Class K,Technology,Baillie Gifford Funds,98840800.0,0.0046,0.998,0.0,0.1283,0.4327,,,,,,,,ETF
TDVG,BlackRock Global Impact Fund Class K,,BlackRock,64813848.0,0.005,,,0.1194,,,,,,,,,ETF
TECL,Brookfield Global Listed Infrastructure Fund Class A,Trading--Leveraged Equity,Brookfield Investment Funds,2530157312.0,0.0101,,,0.3682,1.401,0.6164,0.7298,0.483,11.08,3.42,68.33,1.05,ETF
TECS,BMO Global Low Volatility Equity Fund Class I,Trading--Inverse Equity,BMO Funds,58659772.0,0.011,,,-0.4128,-0.7535,-0.7197,-0.6683,-0.5643,-66.66,-2.22,55.63,-1.91,ETF
TEGS,Boston Partners Global Long/Short Fund Institutional Class,Allocation--70% to 85% Equity,Boston Partners,16219594.0,0.0115,1.0,0.0,0.1158,0.2328,,,,,,,,ETF
TENG,Baron Global Advantage Fund R6 Shares,Trading--Leveraged Equity,"Baron Capital Group, Inc.",5180955.0,0.0107,,,,,,,,,,,,ETF
TEQI,American Century Investments Ginnie Mae Fund C Class,,American Century Investments,47755920.0,0.0054,,,0.2136,,,,,,,,,ETF
TERM,BlackRock GNMA Portfolio Investor C Shares,Large Value,BlackRock,12065875.0,0.0067,0.9967,0.0,0.2084,0.4657,0.0138,,,-13.09,0.87,20.68,0.11,ETF
TFI,Baillie Gifford Developed EAFE All Cap Fund Class 3,Muni National Long,Baillie Gifford Funds,3716455680.0,0.0023,0.0,0.9963,0.0003,0.0289,0.0499,0.028,0.041,-0.27,1.02,4.16,0.88,ETF
TFIV,Baillie Gifford Developed EAFE All Cap Fund Class K,World Allocation,Baillie Gifford Funds,6353615.0,0.0075,,,0.0575,0.161,,,,,,,,ETF
TFJL,BlackRock GNMA Portfolio Service Shares,Long Government,BlackRock,11728293.0,0.008,0.0,0.9979,-0.0454,,,,,,,,,ETF
TFLT,Baillie Gifford Developed EAFE All Cap Fund Class 2,Multisector Bond,Baillie Gifford Funds,5958534.0,0.0064,,,-0.0144,0.0419,,,,,,,,ETF
TGIF,Baron Growth Fund Retail Shares,Multisector Bond,"Baron Capital Group, Inc.",21247988.0,0.0059,,,0.0396,,,,,,,,,ETF
TGRW,BMO Balanced Allocation Fund Class I,,BMO Funds,37763044.0,0.0052,,,0.0567,,,,,,,,,ETF
THCX,Baron Growth Fund Institutional Shares,Miscellaneous Sector,"Baron Capital Group, Inc.",151501392.0,0.0075,1.0,0.0,0.3723,0.8258,,,,,,,,ETF
THNQ,BMO Balanced Allocation Fund Class R6,Technology,BMO Funds,38770868.0,0.0068,0.9965,0.0,0.0774,0.4742,,,,,,,,ETF
THY,BMO Balanced Allocation Fund Class R3,High Yield Bond,BMO Funds,36125052.0,0.0116,,,0.0087,0.0645,,,,,,,,ETF
TILT,Boston Partners Global Long/Short Fund Investor Class,Large Blend,Boston Partners,1728341760.0,0.0025,0.9959,0.0,0.1828,0.5213,0.1639,0.1662,,-3.96,1.15,21.73,0.76,ETF
TIPX,Baron Growth Fund Class R6,Inflation-Protected Bond,"Baron Capital Group, Inc.",773116352.0,0.0015,0.0,0.9998,0.0223,0.0633,0.0559,0.0329,,1.92,0.58,2.91,1.44,ETF
TIPZ,Barrett Growth Fund,Inflation-Protected Bond,Barrett,176260560.0,0.002,0.0,0.9957,0.0156,0.0623,0.0645,0.0409,0.0336,1.1,1.01,4.07,1.27,ETF
TLH,BMO Balanced Allocation Fund Class Y,Long Government,BMO Funds,897094016.0,0.0015,0.0,0.9952,-0.0719,-0.0997,0.0621,0.0219,0.0478,-4.19,2.34,9.87,0.54,ETF
TLTD,BlackRock Technology Opportunities Fund Investor A Shares,Foreign Large Value,BlackRock,638310080.0,0.0039,,,0.1198,0.3959,0.0701,0.0996,,-3.21,1.11,20.0,0.36,ETF
TLTE,BlackRock Technology Opportunities Fund Investor C Shares,Diversified Emerging Mkts,BlackRock,344381504.0,0.0059,,,0.1253,0.4832,0.0944,0.1082,,-0.49,1.08,20.04,0.48,ETF
TMAT,BlackRock Technology Opportunities Fund Institutional Shares,,BlackRock,74399456.0,0.0165,,,,,,,,,,,,ETF
TMDV,Baillie Gifford Global Stewardship Equities Fund Class K,Mid-Cap Value,Baillie Gifford Funds,27552742.0,0.0036,0.9979,0.0,0.1403,0.3393,,,,,,,,ETF
TMF,BlackRock Technology Opportunities Fund Class R Shares,Trading--Leveraged Debt,BlackRock,286107104.0,0.0106,,,-0.2458,-0.3356,0.1253,-0.0038,0.1235,-25.05,10.77,41.79,0.45,ETF
TMFC,Baillie Gifford Global Stewardship Equities Fund Institutional Class,Large Growth,Baillie Gifford Funds,480308960.0,0.005,0.9988,0.0,0.1206,0.4196,0.2591,,,6.12,1.0,19.59,1.22,ETF
TMV,Baillie Gifford US Discovery Fund Institutional Class,Trading--Inverse Debt,Baillie Gifford Funds,291186272.0,0.0101,,,0.2064,0.2621,-0.2953,-0.1682,-0.2853,11.55,-9.43,41.52,-0.64,ETF
TNA,Baillie Gifford US Discovery Fund Class K,Trading--Leveraged Equity,Baillie Gifford Funds,1708772608.0,0.0111,,,0.476,2.5745,0.0633,0.2571,0.1757,-27.14,3.76,77.16,0.51,ETF
TOKE,Sterling Capital Intermediate U.S. Government Fund Class A,Miscellaneous Sector,Sterling Capital Funds,37123164.0,0.0042,,,0.2628,0.5307,,,,,,,,ETF
TOLZ,Baron Health Care Fund R6 Shares,Infrastructure,"Baron Capital Group, Inc.",122921752.0,0.0047,,,0.1474,0.2115,0.0695,0.0614,,-4.58,0.83,17.61,0.4,ETF
TOTL,BlackRock High Equity Income Fund Class K,,BlackRock,3188717824.0,0.0055,,,-0.0071,0.0039,0.038,0.0253,,-0.36,0.72,3.3,0.79,ETF
TPAY,Soundwatch Hedged Equity Fund Institutional Class,Technology,Soundwatch Capital,13990530.0,0.004,0.9983,0.0,0.0438,0.3954,,,,,,,,ETF
TPHD,Bishop Street Hawaii Municipal Bond Fund Class A,Mid-Cap Value,Bishop Street,138675920.0,0.0052,0.9989,0.0,0.163,0.3968,,,,,,,,ETF
TPIF,BlackRock Health Sciences Opportunities Portfolio Class R,Foreign Large Blend,BlackRock,88259024.0,0.0062,0.9963,0.0,0.091,0.3146,,,,,,,,ETF
TPLC,Beech Hill Total Return Fund Class A,Mid-Cap Blend,Beech Hill,193594176.0,0.0052,0.9991,0.0,0.1344,0.4176,,,,,,,,ETF
TPOR,BlackRock High Yield Bond Portfolio Investor A Shares,Trading--Leveraged Equity,BlackRock,102632088.0,0.0099,,,0.6114,2.8778,0.1198,,,-22.08,3.74,77.94,0.57,ETF
TPSC,BlackRock High Yield Bond Portfolio Investor C Shares,Small Blend,BlackRock,51578060.0,0.0052,0.9988,0.0,0.2077,0.6156,,,,,,,,ETF
TPYP,BlackRock High Yield Bond Portfolio Institutional Shares,Energy Limited Partnership,BlackRock,496190176.0,0.004,0.9999,0.0,0.3323,0.4415,0.0422,0.0504,,-12.11,1.41,29.9,0.26,ETF
TQQQ,BlackRock High Yield Bond Portfolio Class R Shares,Trading--Leveraged Equity,BlackRock,12406411264.0,0.0095,,,0.3476,1.509,0.6259,0.7254,0.533,10.46,3.34,65.51,1.06,ETF
TRND,BlackRock High Yield Bond Portfolio Service Shares,Large Blend,BlackRock,51573800.0,0.0077,,,0.0828,0.2559,,,,,,,,ETF
TRTY,BlackRock Systematic ESG Bond Fund Investor A,Tactical Allocation,BlackRock,45831192.0,0.0048,,,0.1377,0.282,,,,,,,,ETF
TRYP,BlackRock Systematic ESG Bond Fund Investor C,,BlackRock,1348387.0,0.0075,0.9988,0.0,,,,,,,,,,ETF
TSJA,Brown Advisory Equity Income Fund Investor Shares,Large Blend,Brown Advisory Funds,31934502.0,0.0079,0.9927,0.0,,,,,,,,,,ETF
TSOC,Brown Advisory Tax Exempt Bond Fund Investor Shares,Large Blend,Brown Advisory Funds,25855800.0,0.0079,0.9949,0.0,0.0781,,,,,,,,,ETF
TSPA,Brown Advisory Flexible Equity Fund Investor Shares,Large Blend,Brown Advisory Funds,16138502.0,0.0034,0.993,0.0,,,,,,,,,,ETF
TTAC,Brown Advisory Growth Equity Fund Investor Shares,Large Growth,Brown Advisory Funds,197868560.0,0.0059,0.9957,0.0,0.1534,0.427,0.1505,,,-3.51,1.04,19.64,0.76,ETF
TTAI,Brown Advisory WMC Strategic European Equity Fund Investor Shares,Foreign Large Growth,Brown Advisory Funds,58025496.0,0.0061,,,0.1189,0.429,0.1156,,,2.3,0.99,17.99,0.64,ETF
TTT,Brown Advisory Intermediate Income Fund Investor Shares,Trading--Inverse Debt,Brown Advisory Funds,100580072.0,0.0095,,,0.2186,0.2647,-0.2927,-0.1613,,11.84,-9.4,41.34,-0.64,ETF
TUR,BlackRock Systematic ESG Bond Fund Class K,Miscellaneous Region,BlackRock,247475216.0,0.0059,0.997,0.0,-0.1813,-0.0625,-0.0895,-0.0937,-0.0765,-15.03,1.32,40.41,-0.07,ETF
TUSA,Brown Advisory Global Leaders Fund Investor Shares,Mid-Cap Blend,Brown Advisory Funds,21593100.0,0.007,0.9988,0.0,0.1764,0.5386,0.1299,0.1519,0.1,-8.15,1.27,24.73,0.58,ETF
TWIO,Brown Advisory Maryland Bond Fund Investor Shares,,Brown Advisory Funds,8844948.0,0.0085,,,,,,,,,,,,ETF
TWM,BlackRock 80/20 Target Allocation Fund Class Institutional,Trading--Inverse Equity,BlackRock,73111840.0,0.0095,,,-0.3383,-0.68,-0.387,-0.3724,-0.3227,1.11,-2.26,45.82,-0.85,ETF
TYD,Brown Advisory Emerging Markets Select Fund Investor Shares,Trading--Leveraged Debt,Brown Advisory Funds,18540378.0,0.0109,,,-0.1053,-0.145,0.1346,0.0306,0.0858,-3.08,3.89,16.78,0.76,ETF
TYO,Brown Advisory Small-Cap Growth Fund Investor Shares,Trading--Inverse Debt,Brown Advisory Funds,20911228.0,0.0107,,,0.1056,0.1085,-0.157,-0.0723,-0.1399,-1.91,-3.73,16.41,-1.03,ETF
TZA,Brown Advisory Total Return Fund Investor Shares,Trading--Inverse Equity,Brown Advisory Funds,357509824.0,0.011,,,-0.4783,-0.831,-0.5726,-0.5411,-0.4847,-5.39,-3.16,65.89,-0.93,ETF
UAE,Brown Advisory Small-Cap Fundamental Value Fund Investor Shares,Miscellaneous Region,Brown Advisory Funds,20966724.0,0.0059,0.9985,0.0,0.2395,0.4606,0.0185,0.0136,,-5.05,0.9,23.18,0.14,ETF
UAPR,Brown Advisory - Beutel Goodman Large-Cap Value Fund Investor Shares,,Brown Advisory Funds,61513908.0,0.0079,0.9905,0.0,0.0285,0.0617,,,,,,,,ETF
UAUG,Brown Advisory Sustainable Growth Fund Investor Shares,,Brown Advisory Funds,21450422.0,0.0079,1.0,0.0,0.0236,0.1104,,,,,,,,ETF
UBOT,Brown Advisory Mortgage Securities Fund Investor Shares,Trading--Leveraged Equity,Brown Advisory Funds,46999344.0,0.0132,,,0.078,1.2879,0.1303,,,-20.76,3.4,72.64,0.54,ETF
UBR,BlackRock Global Dividend Portfolio Insitutional Shares,Trading--Leveraged Equity,BlackRock,8984093.0,0.0095,,,0.1689,0.8404,-0.0402,-0.0295,-0.2009,-7.77,2.25,78.07,0.41,ETF
UBT,BlackRock U.S. Impact Fund Institutional,Trading--Leveraged Debt,BlackRock,36324868.0,0.0095,,,-0.1632,-0.2235,0.1167,0.0217,0.1077,-14.53,6.88,27.64,0.48,ETF
UCC,BlackRock International Impact Fund Investor A,Trading--Leveraged Equity,BlackRock,32970542.0,0.0095,,,0.169,0.8279,0.2991,0.3166,0.3067,-5.25,2.23,42.53,0.8,ETF
UCO,BlackRock International Impact Fund Institutional,Trading--Leveraged Commodities,BlackRock,1303572096.0,0.0095,,,1.1569,1.7277,-0.5502,-0.3371,-0.3876,-24.28,4.94,100.06,-0.06,ETF
UCON,Sterling Capital Total Return Bond Fund Institutional Shares,,Sterling Capital Funds,400068128.0,0.0076,,,0.0083,0.0817,,,,,,,,ETF
UCYB,Sterling Capital Total Return Bond Fund Class A,Trading--Leveraged Equity,Sterling Capital Funds,3103947.0,0.0098,,,,,,,,,,,,ETF
UDEC,Sterling Capital Total Return Bond Fund Class C,,Sterling Capital Funds,32432368.0,0.0079,1.0,0.0,0.0364,0.1117,,,,,,,,ETF
UDN,Baillie Gifford International Smaller Companies Fund Institutional Class,World Bond,Baillie Gifford Funds,80098288.0,0.0075,,,-0.0317,0.042,-0.0004,-0.0028,-0.0279,-2.56,0.36,5.36,-0.2,ETF
UDOW,Baillie Gifford International Smaller Companies Fund Class K,Trading--Leveraged Equity,Baillie Gifford Funds,1056142656.0,0.0095,,,0.4286,1.3331,0.2051,0.3379,0.285,-17.42,3.1,59.96,0.62,ETF
UEVM,BlackRock 20/80 Target Allocation Fund Institutional Shares,Diversified Emerging Mkts,BlackRock,265590816.0,0.0045,0.9986,0.0,0.149,0.4075,0.0619,,,-2.53,1.0,19.06,0.36,ETF
UFEB,Sterling Capital Total Return Bond Fund Class R,,Sterling Capital Funds,31523128.0,0.0079,0.9918,0.0,0.0528,0.1254,,,,,,,,ETF
UFO,BlackRock Commodity Strategies Portfolio Institutional Shares,,BlackRock,128057720.0,0.0075,0.995,0.0,0.1849,0.559,,,,,,,,ETF
UGCE,iShares Municipal Bond Index Fund Investor A Shares,,BlackRock,1006598.0,0.0065,,,,,,,,,,,,ETF
UGE,BlackRock Defensive Advantage Emerging Markets Fund Institutional,Trading--Leveraged Equity,BlackRock,13841064.0,0.0095,,,0.1172,1.0559,0.3018,0.1959,0.221,-1.12,1.93,38.55,0.86,ETF
UGL,iShares Municipal Bond Index Fund Institutional,Trading--Leveraged Commodities,BlackRock,243470912.0,0.0095,,,-0.161,-0.1174,0.161,0.0491,-0.029,17.44,0.09,28.5,0.62,ETF
UITB,iShares Municipal Bond Index Fund Class K,Intermediate-Term Bond,BlackRock,894315840.0,0.004,,,-0.007,0.023,0.0637,,,0.47,1.15,4.94,1.05,ETF
UIVM,iShares Municipal Bond Index Fund Investor P Shares,Foreign Large Value,BlackRock,357380448.0,0.0035,0.996,0.0,0.107,0.3237,0.0374,,,-5.19,1.0,17.94,0.23,ETF
UJAN,BlackRock Defensive Advantage U.S. Fund Institutional,,BlackRock,106748520.0,0.0079,0.9925,0.0,0.0372,0.1178,,,,,,,,ETF
UJB,BlackRock GA Disciplined Volatility Equity Fund Institutional,Trading--Leveraged Debt,BlackRock,27205256.0,0.0114,,,0.048,0.2577,0.0909,0.1005,0.088,4.79,1.32,17.87,0.57,ETF
UJUL,Brandes International Equity Fund A,,Brandes,24208952.0,0.0079,1.0,0.0,0.0174,0.0833,,,,,,,,ETF
UJUN,Brandes International Equity Fund Class C,,Brandes,30715884.0,0.0079,,,0.0227,0.0691,,,,,,,,ETF
ULST,BlackRock GA Dynamic Equity Fund Institutional,Ultrashort Bond,BlackRock,401591904.0,0.002,,,0.0036,0.0117,0.0199,0.0186,,0.05,0.18,2.18,0.36,ETF
ULTR,William Blair Emerging Markets Growth Fund Class R6,Ultrashort Bond,William Blair,255224832.0,0.0025,,,0.0039,0.0167,,,,,,,,ETF
ULVM,Brandes International Equity Fund Class R6,Large Value,Brandes,443213376.0,0.002,0.9991,0.0,0.2018,0.469,0.1032,,,-8.26,1.08,20.93,0.52,ETF
UMAR,iShares Edge MSCI Min Vol EAFE Index Fund Institutional Shares,Large Blend,BlackRock,38556700.0,0.0079,0.9911,0.0,0.0484,0.1012,,,,,,,,ETF
UMAY,William Blair Income Fund Class I,Large Blend,William Blair,45352236.0,0.0079,,,0.0225,0.0699,,,,,,,,ETF
UMDD,William Blair Income Fund Class R6,Trading--Leveraged Equity,William Blair,58786488.0,0.0095,,,0.5201,2.1575,0.0865,0.2185,0.2062,-26.24,3.63,71.57,0.53,ETF
UMI,"BlackRock International Fund of BlackRock Series, Inc. Class R Shares",Energy Limited Partnership,BlackRock,99785104.0,0.0085,,,,,,,,,,,,ETF
UNOV,BlackRock U.S. Government Bond Portfolio Investor C Shares,,BlackRock,12392670.0,0.0079,0.9999,0.0,0.0304,0.1208,,,,,,,,ETF
UOCT,Baron International Growth Fund Retail Shares,,"Baron Capital Group, Inc.",65884692.0,0.008,1.0,0.0,0.029,0.1126,,,,,,,,ETF
UPRO,William Blair International Growth Fund Class I,Trading--Leveraged Equity,William Blair,2496717824.0,0.0093,,,0.4758,1.5579,0.3476,0.3896,0.3334,-8.2,3.16,58.9,0.81,ETF
UPV,BlackRock U.S. Government Bond Portfolio Class K,Trading--Leveraged Equity,BlackRock,5085651.0,0.0095,,,0.2585,0.793,0.1003,0.1524,0.0618,-17.71,1.95,40.76,0.41,ETF
UPW,BlackRock 60/40 Target Allocation Fund Institutional Shares,Trading--Leveraged Equity,BlackRock,13122245.0,0.0095,,,0.0326,0.2813,0.091,0.0677,0.1554,-2.76,0.88,31.8,0.4,ETF
URA,American Century Disciplined Core Value Fund Investor Class,Natural Resources,American Century Investments,736381824.0,0.0069,0.9998,0.0,0.3845,0.9693,0.1979,0.1126,-0.0957,4.71,1.18,31.65,0.67,ETF
URE,The Texas Fund Class I,Trading--Leveraged Equity,Monteagle Funds,122136368.0,0.0095,,,0.4232,0.6711,0.1168,0.0782,0.1268,-11.27,1.66,38.06,0.48,ETF
URNM,Baron International Growth Fund R6 Shares,Natural Resources,"Baron Capital Group, Inc.",389221504.0,0.0085,0.9932,0.0,0.4576,1.3888,,,,,,,,ETF
URTY,BlackRock Multi-Asset Income Portfolio Institutional Shares,Trading--Leveraged Equity,BlackRock,396520160.0,0.0095,,,0.4809,2.5778,0.0661,0.2597,0.18,-26.75,3.76,77.26,0.52,ETF
USAI,Brandes International Equity Fund Class I,Energy Limited Partnership,Brandes,24726712.0,0.0075,0.9921,0.0,0.4056,0.6808,0.0588,,,-13.48,1.9,40.62,0.32,ETF
USD,Buffalo Growth Fund Institutional Class,Trading--Leveraged Equity,Buffalo,320297056.0,0.0095,,,0.3973,1.3886,0.5036,0.5879,0.3687,11.36,2.32,48.77,1.07,ETF
USDU,BlackRock Systematic ESG Bond Fund Institutional,Trading--Miscellaneous,BlackRock,112149184.0,0.0051,,,0.0153,-0.0722,0.0003,0.0025,,-0.45,-1.29,5.23,-0.19,ETF
USEP,iShares Short-Term TIPS Bond Index Fund Institutional Shares,,BlackRock,41452660.0,0.0079,1.0,0.0,0.0356,0.1089,,,,,,,,ETF
USEQ,BlackRock International Impact Fund Class K,Mid-Cap Blend,BlackRock,2699859.0,0.0029,0.9996,0.0,0.1737,0.4647,0.1229,,,-7.17,1.14,22.01,0.59,ETF
USFR,DoubleLine Infrastructure Income Fund Class I,Ultrashort Bond,DoubleLine,1114731136.0,0.0015,0.0,1.0,0.0004,0.0003,0.0119,0.0125,,,,0.3,-0.13,ETF
USHY,BlackRock Event Driven Equity Fund Institutional Shares,High Yield Bond,BlackRock,8362436608.0,0.0015,,,0.0334,0.1516,0.0708,,,3.64,0.61,9.41,0.65,ETF
USI,DoubleLine Infrastructure Income Fund Class N,Ultrashort Bond,DoubleLine,8657018.0,0.0018,,,0.0008,0.0049,,,,,,,,ETF
USIG,BlackRock Systematic Multi-Strategy Fund Institutional Shares,Corporate Bond,BlackRock,5872524800.0,0.0004,,,-0.0124,0.0291,0.0753,0.0456,0.0478,0.04,1.54,7.16,0.88,ETF
USLB,Baird Intermediate Bond Fund Class Institutional,Mid-Cap Blend,Baird,9819092.0,0.0035,1.0,0.0,0.1246,0.3358,0.0967,0.1079,,-6.99,0.95,18.23,0.54,ETF
USMC,BlackRock 40/60 Target Allocation Fund Institutional,Large Blend,BlackRock,1956080384.0,0.0012,0.9979,0.0,0.1179,0.3437,0.1723,,,0.46,0.9,16.94,0.97,ETF
USMF,Baird Intermediate Bond Fund Class Investor,Mid-Cap Blend,Baird,138485792.0,0.0028,1.0,0.0,0.1265,0.3333,0.1252,,,-4.73,0.96,18.38,0.67,ETF
USML,iShares Edge MSCI Min Vol USA Index Fund Institutional Shares,Trading--Leveraged Equity,BlackRock,29944900.0,0.0095,,,,,,,,,,,,ETF
USMV,Brandes International Small Cap Equity Fund Class C,Large Blend,Brandes,27596214272.0,0.0015,0.9937,0.0,0.0919,0.2343,0.1364,0.1195,,-0.5,0.75,14.88,0.86,ETF
USOI,Baron International Growth Fund Institutional Shares,,"Baron Capital Group, Inc.",130716208.0,0.0085,,,0.2782,0.5146,-0.2594,,,-23.4,2.23,45.91,-0.33,ETF
USRT,Baillie Gifford International Alpha Fund Class I,Real Estate,Baillie Gifford Funds,2128696832.0,0.0008,0.9952,0.0,0.2201,0.3812,0.1002,0.0643,0.0875,-2.39,0.92,19.92,0.52,ETF
USSG,Baron Opportunity Fund Institutional Class,Large Blend,"Baron Capital Group, Inc.",3651832320.0,0.001,0.9955,0.0,0.1665,0.4127,,,,,,,,ETF
UST,Baron Opportunity Fund Retail Class,Trading--Leveraged Debt,"Baron Capital Group, Inc.",18794100.0,0.0095,,,-0.0705,-0.0938,0.0935,0.0221,0.0587,-2.21,2.6,11.14,0.75,ETF
USTB,Baron Opportunity Fund R6 Shares,Short-Term Bond,"Baron Capital Group, Inc.",272295904.0,0.0035,,,0.0083,0.0319,0.0408,,,1.22,0.41,2.93,0.98,ETF
USVM,ProFunds Biotechnology UltraSector Fund Investor Class,Small Blend,ProFunds,296021280.0,0.0025,0.9994,0.0,0.2152,0.6064,0.1183,,,-8.37,1.21,24.27,0.54,ETF
USXF,ProFunds Biotechnology UltraSector Fund Service Class,,ProFunds,223554080.0,0.001,0.9995,0.0,0.1275,,,,,,,,,ETF
UTES,BlackRock Advantage ESG U.S. Equity Fund Investor A Shares,,BlackRock,34357336.0,0.0049,0.9981,0.0,0.0723,0.2158,0.1202,0.1061,,6.1,0.4,14.84,0.76,ETF
UTRN,BlackRock Advantage ESG U.S. Equity Fund Investor C Shares,Large Blend,BlackRock,66970596.0,0.0075,0.9992,0.0,0.1354,0.4488,,,,,,,,ETF
UTSL,iShares Developed Real Estate Index Fund Institutional Shares,Trading--Leveraged Equity,BlackRock,20672216.0,0.01,,,0.0217,0.3871,0.057,,,-4.62,1.28,50.59,0.36,ETF
UUP,BlackRock Real Estate Securities Fund Institutional Shares,Trading--Miscellaneous,BlackRock,430025568.0,0.0075,,,0.0243,-0.0566,0.0088,0.0062,0.019,0.63,-1.99,5.53,-0.04,ETF
UVXY,BlackRock Advantage ESG U.S. Equity Fund Institutional Shares,Trading--Miscellaneous,BlackRock,835304704.0,0.0165,,,-0.7373,-0.9146,-0.6434,-0.7737,,-33.36,-1.74,137.8,-0.25,ETF
UWM,BlackRock Advantage ESG U.S. Equity Fund Class K,Trading--Leveraged Equity,BlackRock,775270976.0,0.0095,,,0.3358,1.4631,0.1503,0.247,0.1786,-17.9,2.54,51.66,0.52,ETF
UXI,Brandes International Small Cap Equity Fund Class A,Trading--Leveraged Equity,Brandes,44799928.0,0.0095,,,0.2967,1.1295,0.2462,0.2736,0.2258,-9.57,2.39,46.85,0.7,ETF
UYM,UBS U.S. Small Cap Growth Fund Class P,Trading--Leveraged Equity,UBS Asset Management,82747816.0,0.0095,,,0.303,1.0731,0.1246,0.1918,0.0719,-19.48,2.4,49.37,0.46,ETF
VABS,BMO Pyrford International Stock Fund Class R6,Short-Term Bond,BMO Funds,7488143.0,0.0039,,,,,,,,,,,,ETF
VALQ,BlackRock International Dividend Fund Institutional Shares,Large Value,BlackRock,239609744.0,0.0029,0.9962,0.0,0.1814,0.4028,0.106,,,-6.93,1.01,19.59,0.56,ETF
VALT,Brandes International Small Cap Equity Fund Class I,Ultrashort Bond,Brandes,191574800.0,0.003,,,0.0031,0.0128,,,,,,,,ETF
VAMO,BlackRock Short Obligations Fund Institutional Shares,Long-Short Equity,BlackRock,23496994.0,0.0063,,,0.2666,0.5202,-0.0073,0.0272,,-8.78,0.47,14.59,-0.04,ETF
VBND,Brandes International Small Cap Equity Fund Class R6,,Brandes,410257152.0,0.0039,,,-0.0067,0.0255,0.0511,0.0263,,-0.82,1.16,5.17,0.75,ETF
VCAR,BMO Intermediate Tax-Free Fund Class A,Technology,BMO Funds,2075595.0,0.0109,0.9993,0.0,-0.0912,,,,,,,,,ETF
VCIT,Brown Advisory Tax-Exempt Sustainable Bond Fund Investor Shares,Corporate Bond,Brown Advisory Funds,48390602752.0,0.0005,,,-0.0124,0.0249,0.0773,0.0451,0.0518,0.94,1.37,6.6,0.99,ETF
VCLO,iShares Total U.S. Stock Market Index Fund Institutional Shares,Technology,BlackRock,5349502.0,0.0102,,,0.1309,,,,,,,,,ETF
VCLT,Sterling Capital Intermediate U.S. Government Fund Class C,Long-Term Bond,Sterling Capital Funds,6010107904.0,0.0005,0.0,0.9975,-0.0246,0.0376,0.1098,0.0661,0.076,-1.37,2.8,11.69,0.86,ETF
VCSH,Invenomic Fund Institutional Class shares,Short-Term Bond,Invenomic,47880630272.0,0.0005,,,0.0003,0.0196,0.0451,0.029,0.0284,1.02,0.55,3.33,0.98,ETF
VEGA,Invenomic Fund Investor Class shares,,Invenomic,18323124.0,0.0202,,,0.0827,0.2387,0.0894,0.0904,,-3.87,0.69,12.94,0.65,ETF
VEGN,Invenomic Fund Super Institutional Class shares,Large Blend,Invenomic,57154784.0,0.006,0.9951,0.0,0.1436,0.4432,,,,,,,,ETF
VEU,Aberdeen Total Return Bond Fund Class A,Foreign Large Blend,Aberdeen,53642911744.0,0.0008,0.9949,0.0,0.0978,0.3655,0.0988,0.1118,0.0565,0.43,1.0,17.73,0.55,ETF
VFIN,Aberdeen Global High Income Fund Class A,Technology,Aberdeen,2643653.0,0.0103,0.9984,0.0,-0.0327,,,,,,,,,ETF
VFLQ,Aberdeen International Sustainable Leaders Fund Class A,Mid-Cap Blend,Aberdeen,51461552.0,0.0013,1.0,0.0,0.1834,0.5047,0.1292,,,-6.66,1.15,22.52,0.6,ETF
VFMF,BlackRock 80/20 Target Allocation Fund Class K,Mid-Cap Blend,BlackRock,91846304.0,0.0019,1.0,0.0,0.2146,0.5168,0.103,,,-8.81,1.12,21.97,0.5,ETF
VFMO,BlackRock Global Dividend Portfolio Class K,Mid-Cap Growth,BlackRock,118467000.0,0.0013,1.0,0.0,0.1701,0.5371,0.1849,,,-0.55,1.06,21.51,0.84,ETF
VFMV,BlackRock 20/80 Target Allocation Fund Class K,Mid-Cap Blend,BlackRock,46191600.0,0.0013,0.9994,0.0,0.1021,0.2631,0.0888,,,-5.63,0.8,15.73,0.55,ETF
VFQY,BlackRock Defensive Advantage Emerging Markets Fund Class K,Mid-Cap Blend,BlackRock,92695200.0,0.0013,0.9998,0.0,0.1987,0.5337,0.1512,,,-4.91,1.15,22.02,0.7,ETF
VFVA,BlackRock Defensive Advantage International Fund Class K,Mid-Cap Value,BlackRock,396903744.0,0.0014,1.0,0.0,0.2874,0.7198,0.1074,,,-12.23,1.46,29.59,0.46,ETF
VGIT,BlackRock Defensive Advantage U.S. Fund Class K,Intermediate Government,BlackRock,12024727552.0,0.0005,0.0,0.9991,-0.0186,-0.0203,0.0483,0.0215,0.0279,0.46,0.77,3.56,1.02,ETF
VGLT,iShares Edge MSCI Min Vol EAFE Index Fund Class K,Long Government,BlackRock,6284686848.0,0.0005,0.0,1.0,-0.078,-0.1056,0.0797,0.0309,0.0654,-6.32,3.36,13.45,0.55,ETF
VGSH,Baillie Gifford EAFE Plus All Cap Fund Class K,Short Government,Baillie Gifford Funds,16383806464.0,0.0005,0.0,0.9998,-0.0011,-0.0001,0.0265,0.0153,0.0114,0.76,0.16,1.16,1.3,ETF
VICE,BlackRock 60/40 Target Allocation Fund Class K,Miscellaneous Sector,BlackRock,13888711.0,0.0099,0.9981,0.0,0.1753,0.6033,0.1398,,,0.42,0.97,20.36,0.69,ETF
VIDI,iShares Short-Term TIPS Bond Index Fund Class K,,BlackRock,524412192.0,0.0059,,,0.1694,0.5216,0.0486,0.0979,,-4.72,1.24,22.42,0.28,ETF
VIOG,BlackRock Systematic Multi-Strategy Fund Class K,Small Growth,BlackRock,577214976.0,0.0015,1.0,0.0,0.1648,0.5753,0.1306,0.1687,0.1376,-7.1,1.2,24.26,0.58,ETF
VIOO,BlackRock Multi-Asset Income Portfolio Class K,Small Blend,BlackRock,3551424512.0,0.001,0.9999,0.0,0.2365,0.676,0.1222,0.1587,0.1342,-8.84,1.28,26.0,0.53,ETF
VIOV,BlackRock 40/60 Target Allocation Fund Class K,Small Value,BlackRock,1528506368.0,0.0015,1.0,0.0,0.3052,0.773,0.1074,0.1442,0.1287,-11.0,1.37,28.51,0.46,ETF
VIRS,iShares Edge MSCI Min Vol USA Index Fund Class K,Large Blend,BlackRock,4767639.0,0.007,0.9982,0.0,0.1442,0.2817,,,,,,,,ETF
VIXM,ProFunds Banks UltraSector Fund Investor Class,Trading--Miscellaneous,ProFunds,91140352.0,0.0087,,,-0.1678,-0.2411,0.0988,-0.1028,-0.1887,6.66,23.88,46.57,0.36,ETF
VIXY,ProFunds Banks UltraSector Fund Service Class,Trading--Miscellaneous,ProFunds,272357472.0,0.0087,,,-0.5619,-0.7831,-0.4179,-0.495,-0.4848,-23.52,2.3,90.91,-0.25,ETF
VLU,iShares Developed Real Estate Index Fund Class K,Large Value,BlackRock,215081872.0,0.0012,0.9973,0.0,0.2188,0.5277,0.1545,0.1678,,-4.14,1.12,21.69,0.72,ETF
VLUE,iShares Total U.S. Stock Market Index Fund Class K,Large Value,BlackRock,16211961856.0,0.0015,0.9979,0.0,0.22,0.4858,0.1127,0.1407,,-8.0,1.14,22.95,0.53,ETF
VMOT,BlackRock Managed Income Fund Investor A Shares,Long-Short Equity,BlackRock,48527556.0,0.0175,0.9905,0.0,0.0553,0.2371,-0.0082,,,-11.79,0.61,13.04,-0.08,ETF
VNLA,Lord Abbett Multi-Asset Balanced Opportunity Fund Class F,Ultrashort Bond,Lord Abbett,2862166272.0,0.0024,,,-0.0009,0.0082,0.0266,,,0.51,0.23,1.53,0.97,ETF
VNM,Lord Abbett Multi-Asset Balanced Opportunity Fund Class R2,Miscellaneous Region,Lord Abbett,566359232.0,0.0061,,,0.1887,0.5533,0.0997,0.0851,0.0183,1.12,1.07,23.3,0.47,ETF
VNMC,Lord Abbett Multi-Asset Balanced Opportunity Fund Class R3,,Lord Abbett,10901569.0,0.009,,,0.1806,,,,,,,,,ETF
VNQI,Lord Abbett Multi-Asset Balanced Opportunity Fund Class R4,Global Real Estate,Lord Abbett,5899566592.0,0.0012,,,0.0746,0.2627,0.0411,0.0587,0.0539,-8.01,0.9,18.75,0.25,ETF
VNSE,Lord Abbett Multi-Asset Balanced Opportunity Fund Class R5,,Lord Abbett,6649680.0,0.0085,,,0.1536,,,,,,,,,ETF
VOE,Lord Abbett Multi-Asset Balanced Opportunity Fund Class R6,Mid-Cap Value,Lord Abbett,26776745984.0,0.0007,0.9995,0.0,0.1917,0.5003,0.1104,0.1208,0.1191,-8.68,1.17,23.08,0.52,ETF
VONE,BMO Large-Cap Value Fund Class R6,Large Blend,BMO Funds,5171544064.0,0.0008,1.0,0.0,0.1497,0.4306,0.1906,0.1788,0.1477,-0.09,1.03,19.1,0.95,ETF
VOO,BlackRock Low Duration Bond Portfolio Investor A Shares,Large Blend,BlackRock,753409982464.0,0.0003,0.9996,0.0,0.1529,0.4097,0.1856,0.176,0.148,-0.03,1.0,18.53,0.95,ETF
VOOG,BlackRock Low Duration Bond Portfolio Investor C Shares,Large Growth,BlackRock,5986084352.0,0.001,0.9998,0.0,0.1437,0.4146,0.2298,0.2166,0.1713,3.98,0.98,18.74,1.13,ETF
VOOV,BlackRock Managed Income Fund Institutional Shares,Large Value,BlackRock,2512420096.0,0.001,0.999,0.0,0.1631,0.3953,0.1301,0.124,0.117,-5.0,1.02,19.72,0.66,ETF
VOT,BlackRock Low Duration Bond Portfolio Class R,Mid-Cap Growth,BlackRock,23272884224.0,0.0007,0.9993,0.0,0.1163,0.4383,0.2156,0.1922,0.1411,1.51,1.08,21.28,0.97,ETF
VPC,BlackRock Managed Income Fund Class K Shares,Nontraditional Bond,BlackRock,33739820.0,0.0553,,,0.2694,0.5593,,,,,,,,ETF
VPN,BMO Large-Cap Growth Fund Class R6,,BMO Funds,54083744.0,0.005,0.9991,0.0,0.0534,,,,,,,,,ETF
VPOP,Meeder Balanced Fund Adviser Class,Communications,Meeder Funds,1239051.0,0.0103,,,-0.0125,,,,,,,,,ETF
VRAI,Standpoint Multi-Asset Fund Institutional Class,Mid-Cap Value,Standpoint Asset Management,143201104.0,0.0055,,,0.1769,0.4038,,,,,,,,ETF
VRIG,Meeder Balanced Fund Institutional Class,,Meeder Funds,466644768.0,0.003,,,0.0065,0.0709,0.023,,,0.18,0.24,4.33,0.25,ETF
VRP,American Funds Moderate Growth and Income Portfolio Class A,Multisector Bond,American Funds,1783705088.0,0.005,,,0.0356,0.1723,0.0696,0.0615,,2.53,0.88,11.28,0.54,ETF
VSDA,American Funds Moderate Growth and Income Portfolio Class C,Large Blend,American Funds,344154464.0,0.0035,0.9992,0.0,0.1207,0.355,0.1756,,,1.31,0.86,16.63,0.99,ETF
VSGX,American Funds Moderate Growth and Income Portfolio Class F-3,,American Funds,2236978176.0,0.0015,0.9971,0.0,0.095,0.4239,,,,,,,,ETF
VSL,American Funds Moderate Growth and Income Portfolio Class F-2,Large Blend,American Funds,23623842.0,0.0065,,,0.1682,0.4323,0.223,,,2.16,1.12,22.62,0.97,ETF
VSMV,American Funds Moderate Growth and Income Portfolio Class F-1,Large Value,American Funds,164064960.0,0.0035,0.9985,0.0,0.129,0.2642,0.135,,,-1.2,0.8,15.55,0.83,ETF
VSPY,ProFunds Bull Fund Investor Class,Allocation--50% to 70% Equity,ProFunds,,0.011,,,,,,,,,,,,ETF
VSS,ProFunds Bull Fund Service Class,Foreign Small/Mid Blend,ProFunds,11463369728.0,0.0011,0.9901,0.0,0.1245,0.4462,0.085,0.1087,0.0584,-1.79,1.18,21.42,0.43,ETF
VT,Brookfield Global Listed Real Estate Fund Class A,,Brookfield Investment Funds,30436671488.0,0.0008,0.9974,0.0,0.1276,0.4112,0.1463,0.1478,0.1013,-0.17,1.02,18.42,0.77,ETF
VTC,Brookfield Global Listed Real Estate Fund Class C,Corporate Bond,Brookfield Investment Funds,719205376.0,0.0005,,,-0.0133,0.0264,0.0763,,,0.16,1.53,6.79,0.94,ETF
VTEB,Brookfield Global Listed Real Estate Fund Class I,Muni National Interm,Brookfield Investment Funds,14104610816.0,0.0006,,,0.0092,0.0405,0.0498,0.0307,,-0.05,0.97,3.92,0.95,ETF
VTHR,BlackRock Advantage Emerging Markets Fund Investor A Shares,Large Blend,BlackRock,2263996416.0,0.001,1.0,0.0,0.1505,0.4426,0.1849,0.1785,0.1457,-0.69,1.05,19.43,0.92,ETF
VTIP,BlackRock Advantage Emerging Markets Fund Investor C Shares,Inflation-Protected Bond,BlackRock,50671063040.0,0.0005,,,0.0275,0.0592,0.0415,0.0279,,2.02,0.21,1.78,1.54,ETF
VTRN,BlackRock Advantage Emerging Markets Fund Institutional Shares,Large Value,BlackRock,3231341.0,0.006,0.9997,0.0,0.1579,,,,,,,,,ETF
VTWG,Blackrock Advantage Emerging Markets Fund Class K,Small Growth,BlackRock,1521288064.0,0.0015,0.9997,0.0,0.0897,0.5151,0.1599,0.1891,0.135,-5.13,1.25,25.56,0.66,ETF
VTWO,AMG Veritas Global Real Return Fund - Class I,Small Blend,AMG Funds,5925616128.0,0.001,0.9998,0.0,0.1739,0.6215,0.1353,0.165,0.1235,-7.58,1.27,25.56,0.58,ETF
VTWV,Blueprint Adaptive Growth Allocation Fund Institutional Class,Small Value,Blueprint Fund Management,1300710784.0,0.0015,0.9977,0.0,0.2645,0.7328,0.1026,0.1369,0.1073,-10.58,1.29,26.86,0.46,ETF
VUSB,Blueprint Adaptive Growth Allocation Fund Investor Class,,Blueprint Fund Management,711374848.0,0.001,,,,,,,,,,,,ETF
VUSE,BMO Low Volatility Equity Fund Class A,Mid-Cap Value,BMO Funds,432381504.0,0.0048,0.9991,0.0,0.272,0.6278,0.1122,0.1343,,-9.86,1.27,25.08,0.5,ETF
VWID,American Beacon Bridgeway Large Cap Growth Fund A Class,,American Beacon,7362774.0,0.0049,0.998,0.0,0.1072,0.2582,0.0869,,,-5.33,1.01,18.75,0.47,ETF
VWOB,American Beacon Bridgeway Large Cap Growth Fund C Class,Emerging Markets Bond,American Beacon,3267294208.0,0.0025,0.0,0.9998,-0.0144,0.0687,0.0664,0.0448,,0.79,1.22,10.38,0.55,ETF
VXUS,American Beacon Bridgeway Large Cap Growth Fund Investor Class,Foreign Large Blend,American Beacon,404728872960.0,0.0008,0.9972,0.0,0.103,0.3719,0.0964,0.1115,0.0566,0.16,1.02,18.05,0.53,ETF
VXX,American Beacon Bridgeway Large Cap Growth Fund Class R6,Trading--Miscellaneous,American Beacon,998204160.0,0.0089,,,-0.5613,-0.7831,-0.4157,,,-23.25,2.32,90.95,-0.24,ETF
WANT,American Beacon Bridgeway Large Cap Growth Fund Y Class,Trading--Leveraged Equity,American Beacon,46263668.0,0.0099,,,0.2943,1.4661,,,,,,,,ETF
WBIF,BlackRock Advantage ESG Emerging Markets Equity Fund Investor A,Large Value,BlackRock,53597084.0,0.0125,0.9979,0.0,0.189,0.2563,0.0508,0.0886,,-4.88,0.53,13.24,0.34,ETF
WBIG,BlackRock Advantage ESG Emerging Markets Equity Fund Institutional,Large Value,BlackRock,47486184.0,0.0114,0.9921,0.0,0.1452,0.2046,0.027,0.0729,,-6.77,0.5,12.19,0.17,ETF
WBII,BlackRock Advantage ESG Emerging Markets Equity Fund Class K,Multisector Bond,BlackRock,54832504.0,0.0122,,,0.0168,0.0936,0.0523,0.029,,0.27,0.96,7.13,0.58,ETF
WBIL,BlackRock Systematic Multi-Strategy Fund Investor C Shares,Large Blend,BlackRock,45407080.0,0.0123,0.9905,0.0,0.1559,0.1822,0.0611,0.0784,,-3.35,0.5,12.54,0.44,ETF
WBIT,BMO Moderate Allocation Fund Class I,Tactical Allocation,BMO Funds,29053278.0,0.0089,,,0.0271,0.2302,,,,,,,,ETF
WBIY,Baird Quality Intermediate Municipal Bond Fund Class Institutional,Mid-Cap Value,Baird,64457092.0,0.007,0.9952,0.0,0.2308,0.5343,0.0623,,,-15.88,1.43,29.58,0.32,ETF
WBND,BMO Moderate Allocation Fund Class R3,,BMO Funds,126405560.0,0.0047,,,-0.0127,0.0331,,,,,,,,ETF
WCBR,Baird Quality Intermediate Municipal Bond Fund Class Investor,,Baird,16878486.0,0.0045,1.0,0.0,,,,,,,,,,ETF
WCLD,BMO Moderate Allocation Fund Class R6,Technology,BMO Funds,1282629632.0,0.0045,1.0,0.0,0.0431,0.4345,,,,,,,,ETF
WDIV,BMO Moderate Allocation Fund Class Y,,BMO Funds,323223648.0,0.004,0.997,0.0,0.1482,0.3619,0.0535,0.0669,,-8.74,1.06,20.92,0.3,ETF
WDNA,BlackRock Advantage Large Cap Growth Fund Investor A Shares,Health,BlackRock,2665081.0,0.0045,1.0,0.0,,,,,,,,,,ETF
WEAT,BlackRock Advantage Large Cap Growth Fund Investor C Shares,,BlackRock,86017248.0,0.01,,,0.0937,0.3379,0.02,-0.0388,,1.93,0.27,21.78,0.14,ETF
WEBL,BlackRock High Equity Income Fund Institutional Shares,Trading--Leveraged Equity,BlackRock,85596464.0,0.01,,,0.3941,1.3967,,,,,,,,ETF
WEBS,BlackRock Advantage Large Cap Growth Fund Class K,Trading--Inverse Equity,BlackRock,4109953.0,0.0107,,,-0.4622,-0.7777,,,,,,,,ETF
WFH,BlackRock Advantage Large Cap Growth Fund Class R,Technology,BlackRock,121142152.0,0.0045,0.999,0.0,0.1239,0.4964,,,,,,,,ETF
WFHY,BlackRock High Equity Income Fund Service Shares,,BlackRock,167281120.0,0.0038,,,0.0117,0.1204,0.0742,0.0672,,3.91,0.5,8.11,0.71,ETF
WFIG,Baird MidCap Fund Institutional Class,,Baird,47674788.0,0.0018,0.0,0.995,-0.0466,0.0233,0.068,0.0413,,-1.21,1.64,7.44,0.68,ETF
WGLD,Baird MidCap Fund Investor Class,,Baird,1896258.0,0.0065,,,,,,,,,,,,ETF
WIL,BlackRock High Equity Income Fund Investor A Shares,Large Blend,BlackRock,3988461.0,0.0045,,,0.1707,0.4201,0.1272,0.1182,,-5.65,1.06,20.31,0.65,ETF
WINC,BlackRock High Equity Income Fund Investor C Shares,Short-Term Bond,BlackRock,13135332.0,0.0029,,,0.015,0.083,,,,,,,,ETF
WIP,BlackRock Mid-Cap Growth Equity Portfolio Investor A Shares,World Bond,BlackRock,409978400.0,0.005,0.0,0.9983,-0.0245,0.1023,0.0416,0.0315,0.0156,-1.17,1.0,9.49,0.3,ETF
WIZ,BlackRock Mid-Cap Growth Equity Portfolio Investor C Shares,Allocation--70% to 85% Equity,BlackRock,84212952.0,0.0125,0.7973,0.1959,0.0753,0.2633,,,,,,,,ETF
WKLY,BMO Mid-Cap Growth Fund Class R6,,BMO Funds,6132119.0,0.0049,0.9987,0.0,,,,,,,,,,ETF
WLDR,BlackRock Mid-Cap Growth Equity Portfolio Class K,,BlackRock,19040984.0,0.0067,0.9942,0.0,0.2052,0.4176,0.0767,,,-7.73,1.13,21.0,0.39,ETF
WOMN,BNY Mellon Income Stock Fund Class A,Large Blend,BNY Mellon Funds,29561784.0,0.0075,1.0,0.0,0.1359,0.5954,,,,,,,,ETF
WOOD,BlackRock Managed Income Fund Investor C Shares,Natural Resources,BlackRock,328984544.0,0.0046,0.9943,0.0,0.101,0.5869,0.0557,0.1588,0.0907,-10.91,1.32,26.49,0.29,ETF
WTMF,Brown Advisory Mid-Cap Growth Fund Investor Class,Managed Futures,Brown Advisory Funds,136264192.0,0.0065,,,0.1167,0.189,0.0322,0.006,-0.0127,1.4,0.05,6.76,0.3,ETF
WUGI,BNY Mellon Income Stock Fund Class I,Technology,BNY Mellon Funds,51790920.0,0.0075,0.9986,0.0,0.1432,0.5936,,,,,,,,ETF
WWJD,BNY Mellon Income Stock Fund Class C,Foreign Large Blend,BNY Mellon Funds,106574960.0,0.008,,,0.1459,0.5078,,,,,,,,ETF
WWOW,BNY Mellon Income Stock Fund Class Y,,BNY Mellon Funds,5304443.0,0.005,0.9989,0.0,0.0416,,,,,,,,,ETF
XAR,Baird Core Intermediate Municipal Bond Fund Institutional Class,Industrials,Baird,1415408768.0,0.0035,0.9988,0.0,0.1601,0.5209,0.1615,0.2003,,-0.9,1.32,27.72,0.64,ETF
XBAP,Baird Core Intermediate Municipal Bond Fund Investor Class,,Baird,29061610.0,0.0079,0.9918,0.0,,,,,,,,,,ETF
XBJL,iShares U.S.A.gregate Bond Index Fund Investor A Shares,,BlackRock,25.0,0.0079,,,,,,,,,,,,ETF
XBUY,iShares U.S.A.gregate Bond Index Fund Institutional Shares,,BlackRock,28173300.0,0.0069,0.9986,0.0,0.0432,1.0172,,,,,,,,ETF
XCEM,iShares U.S.A.gregate Bond Index Fund Investor P Shares,Diversified Emerging Mkts,BlackRock,31715496.0,0.0016,0.9962,0.0,0.1143,0.5016,0.1283,0.125,,2.42,1.14,21.38,0.6,ETF
XDAP,BlackRock US Mortgage Portfolio Investor A Shares,,BlackRock,7468129.0,0.0079,0.9916,0.0,,,,,,,,,,ETF
XDAT,BlackRock US Mortgage Portfolio Investor C Shares,,BlackRock,2460453.0,0.005,,,,,,,,,,,,ETF
XDIV,"Beck, Mack & Oliver Partners Fund",Large Blend,"Beck, Mack & Oliver",38500416.0,0.0058,,,0.1388,0.4329,0.2106,,,1.6,1.04,19.38,1.02,ETF
XDJL,ProFunds Basic Materials UltraSector Fund Investor Class,,ProFunds,25.0,0.0079,,,,,,,,,,,,ETF
XDQQ,ProFunds Basic Materials UltraSector Fund Service Class,Large Growth,ProFunds,13944584.0,0.0079,0.9986,0.0,,,,,,,,,,ETF
XDSQ,Baird Municipal Bond Fund Institutional,Large Blend,Baird,10805522.0,0.0079,0.9964,0.0,,,,,,,,,,ETF
XHE,Baird Municipal Bond Fund Investor,Health,Baird,809803328.0,0.0035,0.9999,0.0,0.1351,0.4454,0.1827,0.2258,0.1819,4.32,0.96,21.11,0.84,ETF
XHS,BlackRock Mid-Cap Growth Equity Portfolio Class R,Health,BlackRock,211576352.0,0.0035,0.9987,0.0,0.182,0.6824,0.1921,0.1561,,4.2,1.08,23.9,0.81,ETF
XITK,BlackRock Income Fund Investor A Shares,,BlackRock,371859264.0,0.0045,,,0.005,0.8801,0.3596,0.3338,,17.92,1.21,27.33,1.22,ETF
XJH,MFS Blended Research Mid Cap Equity Fund B,Mid-Cap Blend,MFS,29628648.0,0.0012,0.9973,0.0,0.1697,,,,,,,,,ETF
XJR,BlackRock Income Fund Investor C Shares,Small Blend,BlackRock,11955714.0,0.0012,,,0.2122,,,,,,,,,ETF
XLC,MFS Blended Research Mid Cap Equity Fund C,Communications,MFS,14091493376.0,0.0012,0.9997,0.0,0.2041,0.5093,0.1886,,,3.96,1.01,19.88,0.91,ETF
XLRE,MFS Blended Research Mid Cap Equity Fund A,Real Estate,MFS,3385240576.0,0.0012,0.9998,0.0,0.2323,0.3193,0.1458,0.0946,,3.92,0.71,16.5,0.84,ETF
XLSR,BlackRock Income Fund Institutional Shares,Large Blend,BlackRock,173951424.0,0.007,0.9955,0.0,0.1046,0.3631,,,,,,,,ETF
XMHQ,BlackRock Income Fund Class K Shares,Mid-Cap Blend,BlackRock,276555136.0,0.0025,0.9992,0.0,0.1587,0.4831,0.1786,0.1612,0.1284,-1.28,1.06,20.9,0.84,ETF
XMLV,MFS Blended Research Mid Cap Equity Fund I,Mid-Cap Value,MFS,1476777216.0,0.0025,1.0,0.0,0.1177,0.3081,0.066,0.0863,,-7.9,0.82,16.95,0.39,ETF
XMMO,MFS Blended Research Mid Cap Equity Fund R1,Mid-Cap Growth,MFS,921014272.0,0.0034,0.9991,0.0,0.095,0.4494,0.2122,0.2432,0.1489,3.07,0.99,21.45,0.96,ETF
XMPT,MFS Blended Research Mid Cap Equity Fund R2,Muni National Long,MFS,196624912.0,0.0202,,,0.0738,0.1934,0.1057,0.0502,,1.03,2.15,9.83,0.95,ETF
XMVM,MFS Blended Research Mid Cap Equity Fund R3,Mid-Cap Value,MFS,245011744.0,0.0039,0.9999,0.0,0.2438,0.7032,0.1569,0.1267,0.1259,-4.84,1.22,25.59,0.65,ETF
XOUT,MFS Blended Research Mid Cap Equity Fund R4,Large Growth,MFS,124262176.0,0.006,0.9988,0.0,0.1311,0.4022,,,,,,,,ETF
XPND,MFS Blended Research Mid Cap Equity Fund R6,,MFS,,0.0065,,,,,,,,,,,,ETF
XPP,BMO Strategic Income Fund Class A,Trading--Leveraged Equity,BMO Funds,28297540.0,0.0095,,,-0.0242,0.3426,0.0185,0.1117,0.0011,-13.7,1.16,35.61,0.19,ETF
XRLV,BMO Mid-Cap Value Fund Class R6,Large Blend,BMO Funds,50448888.0,0.0025,0.9998,0.0,0.1349,0.3318,0.1335,0.1309,,-3.44,0.93,17.98,0.72,ETF
XSHD,Baird Small/Mid Cap Value Fund Institutional Class,Small Value,Baird,22784876.0,0.003,1.0,0.0,0.1953,0.4876,0.0184,,,-16.71,1.21,27.52,0.17,ETF
XSHQ,Baird Small/Mid Cap Value Fund Investor Class,Small Growth,Baird,37487804.0,0.0029,1.0,0.0,0.1531,0.4688,0.094,,,-8.07,1.03,21.54,0.47,ETF
XSLV,UBS Dynamic Alpha Fund Class A,Small Blend,UBS Asset Management,1153692928.0,0.0025,0.9999,0.0,0.158,0.4082,0.0173,0.0744,,-14.58,1.0,22.42,0.14,ETF
XSMO,UBS Dynamic Alpha Fund Class P,Small Growth,UBS Asset Management,172282656.0,0.0039,0.9995,0.0,0.1544,0.5215,0.1527,0.19,0.125,-3.77,1.11,23.2,0.68,ETF
XSOE,Sterling Capital North Carolina Intermediate Tax-Free Fund Class A,Diversified Emerging Mkts,Sterling Capital Funds,5030211584.0,0.0032,0.999,0.0,0.0668,0.4266,0.1462,0.1729,,5.04,0.99,19.62,0.73,ETF
XSVM,Meeder Tactical Income Fund Adviser Class,Small Value,Meeder Funds,359587552.0,0.0039,0.9995,0.0,0.4594,1.0897,0.1845,0.1842,0.1405,-2.83,1.36,32.53,0.65,ETF
XSW,Meeder Tactical Income Fund Institutional Class,Technology,Meeder Funds,526364000.0,0.0035,0.999,0.0,0.1134,0.5392,0.2879,0.2825,,10.15,1.23,25.34,1.08,ETF
XTAP,UBS Global Allocation Fund Class A,,UBS Asset Management,6100430.0,0.0079,,,,,,,,,,,,ETF
XTJL,UBS International Sustainable Equity Fund Class A,,UBS Asset Management,25.0,0.0079,,,,,,,,,,,,ETF
XTL,BlackRock National Municipal Fund K Share,Communications,BlackRock,84375232.0,0.0035,0.9976,0.0,0.2118,0.481,0.1341,0.1356,0.0859,-0.04,0.98,21.62,0.63,ETF
XTN,BlackRock National Municipal Fund Service Share,Industrials,BlackRock,583427712.0,0.0035,0.9998,0.0,0.2005,0.6273,0.1174,0.1543,0.133,-6.19,1.45,29.33,0.48,ETF
XVOL,UBS U.S. Small Cap Growth Fund Class A,Large Blend,UBS Asset Management,80248464.0,0.0083,0.9986,0.0,,,,,,,,,,ETF
XVV,UBS International Sustainable Equity Fund Class P,Large Blend,UBS Asset Management,82662272.0,0.0008,0.9975,0.0,0.1807,,,,,,,,,ETF
XWEB,SGI Small Cap Growth Fund Institutional Class,Technology,Bogle,61357340.0,0.0035,0.9997,0.0,0.0858,0.3717,0.2166,0.2743,,2.26,1.52,32.2,0.73,ETF
XYLD,Black Oak Emerging Technology Fund,,Oak Associates,334673792.0,0.006,0.9984,0.0,0.1099,0.2776,0.0711,0.0918,,-7.06,0.8,15.89,0.45,ETF
XYLG,Sterling Capital Special Opportunities Fund Class A,,Sterling Capital Funds,4174034.0,0.006,0.9953,0.0,0.1038,,,,,,,,,ETF
YANG,Sterling Capital Special Opportunities Fund Class C,Trading--Inverse Equity,Sterling Capital Funds,31458728.0,0.0107,,,-0.177,-0.6011,-0.3922,-0.4207,-0.3854,-11.7,-1.46,50.61,-0.74,ETF
YCL,Sterling Capital Special Opportunities Fund Institutional Shares,Trading--Miscellaneous,Sterling Capital Funds,2560442.0,0.0098,,,-0.1432,-0.0733,-0.0421,-0.0675,-0.0924,-7.0,5.3,9.95,-0.48,ETF
YCS,Sterling Capital Special Opportunities Fund Class R,Trading--Miscellaneous,Sterling Capital Funds,27232488.0,0.0098,,,0.1499,0.0456,0.0202,0.0418,0.0556,3.94,-6.46,10.1,0.12,ETF
YDEC,BNY Mellon Small Cap Value Fund Class C,,BNY Mellon,8174003.0,0.009,,,0.01,,,,,,,,,ETF
YINN,Boston Trust Walden Small Cap Fund,Trading--Leveraged Equity,Boston Trust Walden Funds,393963744.0,0.0136,,,-0.0771,0.4266,-0.0885,0.0617,-0.0821,-26.93,1.76,54.01,0.08,ETF
YJUN,Bridgeway Omni Small-Cap Value Fund Class N,,Bridgeway,,0.009,,,,,,,,,,,,ETF
YLD,BNY Mellon Small Cap Value Fund Class Y,Allocation--15% to 30% Equity,BNY Mellon,233244096.0,0.0049,,,0.0819,0.139,0.0585,0.0589,,-4.61,1.0,12.35,0.44,ETF
YLDE,Bridgeway Omni Tax-Managed Small-Cap Value Fund Class N,Large Blend,Bridgeway,19877710.0,0.006,,,0.11,0.3397,0.1531,,,-0.81,0.87,16.51,0.88,ETF
YMAR,Boyar Value Fund,,Boyar Value Fund,4201622.0,0.009,,,,,,,,,,,,ETF
YOLO,Boston Partners All Cap Value Fund Institutional Class,,Boston Partners,378309952.0,0.0075,,,0.2806,1.5657,,,,,,,,ETF
YPS,Boston Partners All Cap Value Fund Investor Class,Mid-Cap Value,Boston Partners,21981732.0,0.0029,0.9996,0.0,0.2357,0.5632,0.1351,,,-7.33,1.27,24.99,0.59,ETF
YXI,Boston Partners Global Equity Advantage Fund Institutional Class,Trading--Inverse Equity,Boston Partners,2808429.0,0.0095,,,-0.0413,-0.2238,-0.1052,-0.1301,-0.1004,-1.49,-0.53,17.16,-0.64,ETF
YYY,Baillie Gifford Positive Change Equities Fund Class K,Tactical Allocation,Baillie Gifford Funds,453015936.0,0.0245,,,0.1596,0.3584,0.0898,0.0841,,-5.99,1.49,18.02,0.5,ETF
ZHDG,Boston Partners Emerging Markets Fund Institutional Class,Large Blend,Boston Partners,,0.0102,,,,,,,,,,,,ETF
ZIG,Baillie Gifford Positive Change Equities Fund Institutional Class,,Baillie Gifford Funds,31246340.0,0.0154,0.9996,0.0,0.1581,0.2738,,,,,,,,ETF
ZROZ,Boston Partners Global Equity Institutional Class,Long Government,Boston Partners,395427392.0,0.0015,0.0,0.9994,-0.1078,-0.1472,0.1035,0.0385,0.1056,-10.14,5.15,21.08,0.51,ETF
ZSL,UBS Global Allocation Fund Class P,Trading--Inverse Commodities,UBS Asset Management,34861008.0,0.0139,,,-0.1504,-0.7056,-0.4469,-0.2873,-0.1893,-32.48,-2.01,59.18,-0.68,ETF
AAA,BMO Pyrford International Stock Fund Class A,,BMO Funds,10019622.0,0.0025,0.0,1.0,0.0009,,,,,,,,,ETF
ACVF,Boston Partners Long/Short Research Fund Institutional Class,,Boston Partners,7851504.0,0.0075,1.0,0.0,0.1135,,,,,,,,,ETF
ADME,BlackRock Inflation Protected Bond Fund Class K,,BlackRock,226446832.0,0.0079,0.9993,0.0,0.0752,0.2194,0.0509,,,-6.66,0.69,16.19,0.32,ETF
JMUB,Boston Partners Long/Short Equity Fund Investor Class,Muni National Interm,Boston Partners,85608224.0,0.0018,,,0.0105,0.0435,,,,,,,,ETF
ACWF,Boston Partners Long/Short Equity Fund Institutional Class,,Boston Partners,141992640.0,0.0035,,,0.1674,0.3059,0.1043,0.1249,,-3.38,1.0,18.18,0.58,ETF
AGT,BlackRock Inflation Protected Bond Fund Investor A Shares,Miscellaneous Region,BlackRock,7970767.0,0.0059,0.9993,0.0,0.023,0.3102,0.06,,,-2.76,1.64,39.05,0.32,ETF
AMNA,BlackRock Inflation Protected Bond Fund Investor C Shares,,BlackRock,68171400.0,,,,0.3488,,,,,,,,,ETF
AMUB,BlackRock Inflation Protected Bond Fund Institutional Shares,Energy Limited Partnership,BlackRock,79804712.0,0.008,,,0.3762,0.5756,-0.0408,0.0123,,-22.22,2.05,47.57,0.11,ETF
BDCX,Beacon Planned Return Strategy Fund Institutional Class,,Beacon Investment Advisory,39173500.0,,,,0.3166,0.6212,,,,,,,,ETF
BDCZ,Boston Partners Long/Short Research Fund Investor Class,Financial,Boston Partners,55604528.0,0.0085,,,0.2669,0.5434,0.0772,0.0853,,-8.45,1.5,31.16,0.37,ETF
BKF,BlackRock Inflation Protected Bond Fund Service Shares,Diversified Emerging Mkts,BlackRock,155461024.0,0.007,0.9911,0.0,-0.0529,0.0953,0.0642,0.108,0.026,-0.26,0.9,19.15,0.36,ETF
BNKD,Boston Partners Small Cap Value Fund II Investor Class,Trading--Inverse Equity,Boston Partners,6281473.0,0.0095,1.0,0.0,-0.9648,-0.9901,,,,,,,,ETF
BNKU,Boston Partners Small Cap Value Fund II Institutional Class,Trading--Leveraged Equity,Boston Partners,117797040.0,0.0095,1.0,0.0,1.0556,3.3496,,,,,,,,ETF
BNO,Baron Partners Fund Institutional Shares,,"Baron Capital Group, Inc.",319401440.0,0.009,,,0.4946,0.7841,-0.0461,0.0528,-0.0642,-1.06,2.54,51.39,0.17,ETF
BYLD,Baron Partners Fund Retail Shares,,"Baron Capital Group, Inc.",162891072.0,0.002,,,-0.0126,0.0163,0.0527,0.0363,,0.13,0.97,5.07,0.81,ETF
CEFD,Baron Partners Fund R6 Shares,,"Baron Capital Group, Inc.",29470900.0,,,,0.0074,,,,,,,,,ETF
CPER,Bright Rock Quality Large Cap Fund Institutional Class,,Bright Rock,311627520.0,0.008,,,0.207,0.5366,0.1192,0.1259,,8.32,1.13,22.36,0.56,ETF
DGLDF,Bright Rock Mid Cap Growth Fund Institutional Class,Trading--Inverse Commodities,Bright Rock,9882672.0,0.0135,,,,0.014,-0.3256,-0.1909,,-34.9,0.07,40.67,-0.85,ETF
DIVB,BlackRock Allocation Target Shares Series C Portfolio,,BlackRock,67180048.0,0.0025,0.9964,0.0,0.1632,0.5104,0.1749,,,-1.87,1.08,20.38,0.84,ETF
DSI,Bridgeway Aggressive Investors 1 Fund,Large Blend,Bridgeway,3267320832.0,0.0025,0.9976,0.0,0.1637,0.4203,0.1969,0.1815,0.1465,1.0,0.99,18.43,1.0,ETF
DSLVF,BlackRock Allocation Target Shares Series M Portfolio,Trading--Inverse Commodities,BlackRock,2424833.0,0.0165,,,,0.047,-0.2889,-0.1674,,-48.85,-2.9,85.64,-0.7,ETF
ECH,BlackRock 80/20 Target Allocation Fund Class R,Miscellaneous Region,BlackRock,471004320.0,0.0059,0.998,0.0,-0.0244,0.1756,-0.1245,-0.0272,-0.0744,-21.92,1.25,29.76,-0.34,ETF
ECNS,BlackRock Allocation Target Shares Series S Portfolio,China Region,BlackRock,104722672.0,0.0059,,,0.1868,0.5374,0.0905,0.1236,0.0519,1.87,0.81,20.22,0.46,ETF
EDEN,BlackRock Tactical Opportunities Fund Investor C Shares,Miscellaneous Region,BlackRock,156468048.0,0.0053,0.992,0.0,0.1158,0.4789,0.2087,0.1614,,11.16,0.85,17.52,1.08,ETF
EEMS,Bridgeway Managed Volatility Fund,Diversified Emerging Mkts,Bridgeway,395087488.0,0.0071,0.9929,0.0,0.1941,0.6417,0.1229,0.115,,1.58,1.22,23.23,0.56,ETF
EFA,Invesco Balanced-Risk Commodity Strategy Fund Class A,Foreign Large Blend,Invesco,56765460480.0,0.0032,0.9921,0.0,0.0959,0.3263,0.0847,0.1014,0.0579,-0.96,0.99,17.78,0.46,ETF
EFG,Invesco Balanced-Risk Commodity Strategy Fund Class C,Foreign Large Growth,Invesco,10527403008.0,0.0039,0.9949,0.0,0.0719,0.3061,0.1239,0.121,0.0743,3.5,0.87,15.92,0.72,ETF
EFNL,Invesco Balanced-Risk Commodity Strategy Fund R5 Class,Miscellaneous Region,Invesco,39417976.0,0.0053,,,0.1334,0.4207,0.1049,0.1337,,0.62,1.09,20.95,0.51,ETF
EFV,BlackRock 20/80 Target Allocation Fund R Shares,Foreign Large Value,BlackRock,14368518144.0,0.0039,0.993,0.0,0.1146,0.3341,0.0379,0.0757,0.0367,-6.02,1.13,20.68,0.22,ETF
EIDO,Invesco Balanced-Risk Commodity Strategy Fund Class R,Miscellaneous Region,Invesco,331066080.0,0.0059,0.9936,0.0,-0.1286,0.1422,-0.0265,-0.0219,-0.0301,-12.22,1.39,29.77,0.02,ETF
EIS,Invesco Balanced-Risk Commodity Strategy Fund Class Y,Miscellaneous Region,Invesco,156614400.0,0.0059,0.998,0.0,0.088,0.3468,0.1126,0.0962,0.0426,2.3,1.02,21.3,0.55,ETF
EMGF,BlackRock International Dividend Fund Investor A Shares,Diversified Emerging Mkts,BlackRock,761700352.0,0.0045,0.9915,0.0,0.1098,0.4003,0.0813,0.1151,,-0.58,0.95,18.94,0.44,ETF
ENOR,BlackRock International Dividend Fund Investor C Shares,Miscellaneous Region,BlackRock,44017052.0,0.0053,0.9982,0.0,0.1462,0.5347,0.037,0.0993,,-7.62,1.5,28.4,0.22,ETF
EPHE,BlackRock Emerging Markets Flexible Dynamic Bond Portfolio Class K,Miscellaneous Region,BlackRock,126880896.0,0.0059,0.9974,0.0,-0.0474,0.1605,0.0166,-0.0396,0.0316,-4.95,0.8,21.13,0.12,ETF
EPOL,Baron Real Estate Fund Retail Shares,Miscellaneous Region,"Baron Capital Group, Inc.",278519168.0,0.0059,,,0.1319,0.3024,0.0142,0.0686,-0.0269,-9.09,1.51,31.33,0.16,ETF
EPU,Baron Real Estate Fund Institutional Shares,Miscellaneous Region,"Baron Capital Group, Inc.",160414864.0,0.0059,0.9938,0.0,-0.155,0.0364,-0.0762,0.0103,-0.0045,-16.94,1.19,24.39,-0.24,ETF
EUSA,BlackRock International Dividend Fund Class K,Large Blend,BlackRock,447847776.0,0.0015,0.998,0.0,0.1772,0.4964,0.1639,0.1594,0.1362,-3.77,1.14,21.74,0.76,ETF
EWGS,BlackRock International Dividend Fund Service Shares,Miscellaneous Region,BlackRock,44662440.0,0.0059,0.9972,0.0,0.0849,0.446,0.124,0.1711,,0.89,1.35,25.5,0.53,ETF
EWUS,Baron Real Estate Fund Class R6,Miscellaneous Region,"Baron Capital Group, Inc.",124223080.0,0.0059,,,0.1163,0.4982,0.0559,0.0953,,-5.87,1.41,26.47,0.27,ETF
EWZ,iShares Russell 1000 Large-Cap Index Fund Investor A Shares,Latin America Stock,BlackRock,6603489792.0,0.0059,,,0.1104,0.4421,0.1097,0.0877,-0.0325,3.04,1.5,38.96,0.44,ETF
EXI,Bridges Investment Fund,Industrials,Bridges,447746240.0,0.0046,0.9969,0.0,0.1275,0.4507,0.1255,0.1332,0.0969,-3.33,1.16,21.89,0.59,ETF
FIBR,iShares Russell 1000 Large-Cap Index Fund Class K,,BlackRock,120639136.0,0.0025,,,-0.01,0.0141,0.0434,0.0302,,0.28,0.69,4.09,0.76,ETF
FIHD,iShares Russell 1000 Large-Cap Index Fund Institutional Shares,,BlackRock,24731552.0,0.008,,,0.223,0.5851,0.1214,0.1324,,-8.7,1.76,33.2,0.48,ETF
FILL,BlackRock 60/40 Target Allocation Fund Class R Shares,Equity Energy,BlackRock,78977608.0,0.0039,0.9931,0.0,0.3205,0.4364,-0.0589,0.0156,,-24.36,1.62,33.45,-0.05,ETF
FM,BlackRock High Yield Bond Portfolio Class K,Diversified Emerging Mkts,BlackRock,467473088.0,0.0079,,,0.1884,0.4016,0.0811,0.0932,,0.63,0.78,17.53,0.45,ETF
FNGO,BlackRock Retirement Income 2030 Fund Investor A,Trading--Leveraged Equity,BlackRock,235521072.0,0.0095,1.0,0.0,0.272,1.797,,,,,,,,ETF
FNGZ,BlackRock Retirement Income 2030 Fund Institutional,,BlackRock,3716694.0,0.0095,1.0,0.0,-0.144,-0.8532,,,,,,,,ETF
FOVL,BlackRock Retirement Income 2040 Fund Investor A,,BlackRock,46597672.0,0.0025,0.998,0.0,0.3743,0.8114,,,,,,,,ETF
FUE,BlackRock Retirement Income 2040 Fund Institutional,,BlackRock,1394400.0,0.0075,,,0.5195,0.9068,0.1649,0.0397,-0.013,12.24,0.78,16.54,0.91,ETF
GNAF,Baron Real Estate Income Fund Retail Shares,,"Baron Capital Group, Inc.",14804344.0,0.0095,1.0,0.0,-0.1113,-0.5385,,,,,,,,ETF
GRU,Baron Real Estate Income Fund Institutional Shares,,"Baron Capital Group, Inc.",6025360.0,0.0075,,,0.2745,0.6842,0.0931,0.0018,-0.0335,8.59,0.41,19.32,0.52,ETF
GSG,Baron Real Estate Income Fund R6 Shares,Commodities Broad Basket,"Baron Capital Group, Inc.",1366686208.0,0.0075,,,0.3049,0.5516,-0.0351,0.0072,-0.0724,-6.65,1.63,28.74,-0.02,ETF
GVI,MFS Blended Research Emerging Markets Equity Fund Class A,Intermediate-Term Bond,MFS,2363964928.0,0.002,,,-0.011,-0.0017,0.0449,0.024,0.0255,0.62,0.64,2.34,1.42,ETF
HYG,MFS Blended Research Emerging Markets Equity Fund Class B,High Yield Bond,MFS,20367966208.0,0.0048,,,0.026,0.1295,0.0636,0.06,0.0536,3.06,0.53,8.6,0.61,ETF
HYGH,MFS Blended Research Emerging Markets Equity Fund Class C,High Yield Bond,MFS,123399264.0,0.0052,,,0.0372,0.1401,0.0408,0.0587,,2.61,0.15,9.48,0.34,ETF
HYXU,MFS Blended Research Emerging Markets Equity Fund Class I,High Yield Bond,MFS,72977696.0,0.004,,,-0.005,0.1625,0.0503,0.0561,,0.53,0.94,12.01,0.36,ETF
IAGG,MFS Blended Research Emerging Markets Equity Fund Class R1,,MFS,3977138176.0,0.0008,,,-0.0197,-0.0018,0.0411,0.0297,,-0.07,0.72,3.23,0.91,ETF
IAI,MFS Blended Research Emerging Markets Equity Fund Class R2,Financial,MFS,933781056.0,0.0042,0.9987,0.0,0.2898,0.7288,0.1878,0.251,0.1623,3.05,1.12,23.24,0.8,ETF
IAK,MFS Blended Research Emerging Markets Equity Fund Class R3,Financial,MFS,104438728.0,0.0042,0.9972,0.0,0.16,0.4397,0.1038,0.1115,0.115,-3.49,1.04,21.86,0.51,ETF
IAT,MFS Blended Research Emerging Markets Equity Fund Class R4,Financial,MFS,733833792.0,0.0042,0.9969,0.0,0.2784,0.7498,0.0846,0.1486,0.1187,-8.29,1.48,32.93,0.38,ETF
IAUF,MFS Blended Research Emerging Markets Equity Fund Class R6,,MFS,26292392.0,0.0025,,,-0.0028,0.073,,,,,,,,ETF
IBCE,American Beacon Bridgeway Large Cap Growth Fund R5 Class,,American Beacon,31000084.0,0.001,,,-0.0008,0.0081,0.0437,0.0236,,1.21,0.46,2.32,1.36,ETF
IBDD,Bridgeway Blue Chip Fund,,Bridgeway,73079032.0,0.001,,,0.0017,0.0119,0.0458,0.0284,,1.23,0.51,2.97,1.12,ETF
IBDM,American Beacon Bridgeway Large Cap Value Fund R5 Class,,American Beacon,1409990016.0,0.001,,,0.0007,0.0035,0.0298,0.0191,,0.74,0.27,1.61,1.18,ETF
IBDN,iShares Russell Mid-Cap Index Fund Investor A Shares,,BlackRock,1566330624.0,0.001,,,0.0007,0.0089,0.0406,0.0252,,1.04,0.45,2.72,1.08,ETF
IBDO,iShares Russell Mid-Cap Index Fund Institutional Shares,,BlackRock,1587878016.0,0.001,,,0.0004,0.0154,0.0522,0.0314,,1.47,0.62,3.58,1.13,ETF
IBDP,iShares Russell Mid-Cap Index Fund Class K,,BlackRock,1347270144.0,0.001,,,0.0002,0.0225,0.0607,0.0364,,1.55,0.82,4.88,1.01,ETF
IBDQ,BlackRock 40/60 Target Allocation Fund Class R Shares,,BlackRock,1131234688.0,0.001,,,-0.0058,0.0228,0.0717,0.0419,,1.89,1.0,5.4,1.11,ETF
IBDR,Bramshill Income Performance Fund Institutional Class,,Bramshill Investments,749377920.0,0.001,,,-0.0099,0.0402,0.0763,,,1.84,1.2,5.92,1.07,ETF
IBDS,BlackRock Advantage International Fund Investor A Shares,,BlackRock,472861152.0,0.001,,,-0.0097,0.0278,0.0792,,,1.16,1.38,7.12,0.96,ETF
IBDT,BlackRock Advantage International Fund Investor C Shares,,BlackRock,267115280.0,0.001,,,-0.0117,0.0286,,,,,,,,ETF
IBDU,BlackRock Advantage International Fund Institutional Shares,,BlackRock,95149944.0,0.001,,,-0.0457,0.1105,,,,,,,,ETF
IBDV,BlackRock Advantage International Fund K,,BlackRock,86579384.0,0.001,,,-0.0384,,,,,,,,,ETF
IBHA,ProFunds Bear Fund Investor Class,High Yield Bond,ProFunds,43502120.0,0.0035,,,0.0076,0.0463,,,,,,,,ETF
IBHB,ProFunds Bear Fund Service Class,High Yield Bond,ProFunds,53327248.0,0.0035,,,0.0154,0.0983,,,,,,,,ETF
IBHC,MFS Blended Research Small Cap Equity Fund Class B,High Yield Bond,MFS,59314996.0,0.0035,,,0.0363,0.1331,,,,,,,,ETF
IBHD,MFS Blended Research Small Cap Equity Fund Class A,High Yield Bond,MFS,34706432.0,0.0035,,,0.0419,0.1391,,,,,,,,ETF
IBHE,Bridgeway Small Cap Growth Fund,High Yield Bond,Bridgeway,32696460.0,0.0035,,,0.0323,0.1354,,,,,,,,ETF
IBHF,MFS Blended Research Small Cap Equity Fund Class C,,MFS,15329252.0,0.0035,,,0.0191,,,,,,,,,ETF
IBHG,Bridgeway Ultra Small Company Market Fund,High Yield Bond,Bridgeway,,0.0035,,,,,,,,,,,,ETF
IBMJ,MFS Blended Research Small Cap Equity Fund Class I,,MFS,302629856.0,0.0018,,,-0.0006,0.0008,0.0164,0.009,,-0.09,0.15,0.93,0.55,ETF
IBMK,MFS Blended Research Small Cap Equity Fund 529A,,MFS,378128128.0,0.0018,0.0,0.999,0.0012,0.0068,0.0242,0.0128,,0.1,0.28,1.49,0.81,ETF
IBML,MFS Blended Research Small Cap Equity Fund Class R1,,MFS,324924032.0,0.0018,0.0,0.9985,0.002,0.008,0.031,,,0.14,0.44,2.12,0.88,ETF
IBMM,MFS Blended Research Small Cap Equity Fund 529B,,MFS,232032608.0,0.0018,0.0,0.994,0.0001,0.0107,0.0384,,,0.28,0.6,2.78,0.95,ETF
IBMN,MFS Blended Research Small Cap Equity Fund Class R2,,MFS,156692784.0,0.0018,,,-0.0029,0.0138,,,,,,,,ETF
IBMO,MFS Blended Research Small Cap Equity Fund Class R3,Muni National Interm,MFS,111727832.0,0.0018,0.0,0.9975,-0.0013,0.0198,,,,,,,,ETF
IBMP,MFS Blended Research Small Cap Equity Fund Class R4,,MFS,44237720.0,0.0018,0.0,0.994,-0.0157,0.0144,,,,,,,,ETF
IBMQ,Bridgeway Small Cap Value Fund,,Bridgeway,65581948.0,0.0018,0.0,0.9961,-0.0045,0.0238,,,,,,,,ETF
ICOL,MFS Blended Research Small Cap Equity Fund 529C,Miscellaneous Region,MFS,41053376.0,0.0061,0.9956,0.0,-0.1187,0.234,-0.1015,-0.0255,,-21.9,1.73,34.24,-0.17,ETF
IDNA,MFS Blended Research Small Cap Equity Fund Class R6,Health,MFS,327333184.0,0.0047,0.9977,0.0,0.1338,0.3727,,,,,,,,ETF
IDRV,Bretton Fund,,Bretton Fund,388246048.0,0.0047,0.9976,0.0,0.1116,0.8519,,,,,,,,ETF
IDU,MFS Blended Research Value Equity Fund Class A,Utilities,MFS,784924928.0,0.0043,0.9967,0.0,0.0256,0.154,0.0911,0.0671,0.1007,3.03,0.4,15.07,0.58,ETF
IDV,MFS Blended Research Value Equity Fund Class B,Foreign Large Value,MFS,4428425216.0,0.0049,0.9908,0.0,0.13,0.3517,0.0642,0.0814,0.0438,-3.63,1.17,21.5,0.34,ETF
IECS,Bruce Fund,Consumer Defensive,Bruce,14655230.0,0.0018,0.9905,0.0,0.0619,0.2601,0.1343,,,2.52,0.71,14.96,0.83,ETF
IEDI,MFS Blended Research Value Equity Fund Class C,Consumer Cyclical,MFS,22287502.0,0.0018,0.991,0.0,0.1137,0.4168,0.2039,,,5.39,1.04,19.76,1.01,ETF
IEFN,MFS Blended Research Value Equity Fund Class I,Financial,MFS,6251090.0,0.0018,,,0.2425,0.5833,0.1226,,,-4.23,1.27,25.13,0.54,ETF
IEHS,MFS Blended Research Value Equity Fund Class R1,Health,MFS,35309488.0,0.0018,,,0.1139,0.353,0.1782,,,5.51,0.81,17.38,0.97,ETF
IEIH,MFS Blended Research Value Equity Fund Class R2,Health,MFS,38476692.0,0.0018,0.9924,0.0,0.0876,0.2033,0.1546,,,4.74,0.73,17.47,0.85,ETF
IEME,MFS Blended Research Value Equity Fund Class R3,Communications,MFS,19361152.0,0.0018,0.994,0.0,0.1433,0.5858,0.1508,,,-1.01,1.21,24.26,0.66,ETF
IEO,MFS Blended Research Value Equity Fund Class R4,Equity Energy,MFS,372593472.0,0.0042,0.9983,0.0,0.6113,0.7525,-0.0592,0.0217,-0.0039,-28.34,2.46,52.35,0.12,ETF
IETC,MFS Blended Research Value Equity Fund Class R6,Technology,MFS,123640440.0,0.0018,0.9942,0.0,0.1599,0.4455,0.3023,,,12.73,1.04,20.8,1.31,ETF
IEV,Bridgeway Ultra Small Company Fund,Europe Stock,Bridgeway,1880256000.0,0.0059,0.9924,0.0,0.1299,0.3502,0.0873,0.0996,0.0535,-1.15,1.07,19.33,0.45,ETF
IEZ,MFS Blended Research Growth Equity Fund Class A,Equity Energy,MFS,132638520.0,0.0042,0.9981,0.0,0.3726,0.8099,-0.2343,-0.1499,-0.1184,-48.73,2.93,59.71,-0.13,ETF
IGBH,MFS Blended Research Growth Equity Fund Class B,Corporate Bond,MFS,760461888.0,0.0016,,,0.0249,0.1532,0.0346,0.0497,,3.07,-0.12,10.36,0.25,ETF
IGE,MFS Blended Research Growth Equity Fund Class C,Natural Resources,MFS,468632000.0,0.0046,0.9983,0.0,0.3249,0.451,-0.023,0.015,-0.0107,-21.49,1.68,33.33,0.06,ETF
IGM,AMG Boston Common Global Impact Fund - Class I,Technology,AMG Funds,3553154048.0,0.0046,0.9988,0.0,0.1559,0.4506,0.2852,0.3041,0.2146,11.02,1.09,21.38,1.23,ETF
IGN,MFS Blended Research Growth Equity Fund Class I,Technology,MFS,109158112.0,0.0046,0.999,0.0,0.2237,0.4783,0.1223,0.1651,0.0936,-1.99,1.1,25.11,0.53,ETF
IGRO,MFS Blended Research Growth Equity Fund Class R1,,MFS,224333744.0,0.0015,0.9934,0.0,0.1041,0.4192,0.0999,0.0972,,1.12,1.04,18.59,0.55,ETF
IGV,MFS Blended Research Growth Equity Fund Class R2,Technology,MFS,5075934720.0,0.0046,0.9989,0.0,0.1015,0.3722,0.2909,0.3022,0.2029,12.65,1.01,21.67,1.24,ETF
IHE,MFS Blended Research Growth Equity Fund Class R3,Health,MFS,380501344.0,0.0042,0.9986,0.0,0.0429,0.2252,0.0855,0.0657,0.1129,-3.3,0.85,18.05,0.48,ETF
IHF,MFS Blended Research Growth Equity Fund Class R4,Health,MFS,1439102336.0,0.0042,0.9979,0.0,0.1381,0.3891,0.1699,0.1727,0.1601,4.78,0.85,21.01,0.79,ETF
IHI,MFS Blended Research Growth Equity Fund Class R6,Health,MFS,7722584064.0,0.0042,0.9987,0.0,0.1041,0.3676,0.22,0.2207,0.1895,9.15,0.8,17.97,1.13,ETF
IJJ,MFS Blended Research International Equity Fund Class A,Mid-Cap Value,MFS,8785441792.0,0.0018,0.9974,0.0,0.2291,0.612,0.1127,0.1254,0.1164,-10.37,1.33,26.74,0.49,ETF
IJK,MFS Blended Research International Equity Fund Class B,Mid-Cap Growth,MFS,8209742336.0,0.0017,0.9984,0.0,0.1231,0.4547,0.1401,0.1501,0.1241,-5.48,1.12,21.66,0.66,ETF
IJS,MFS Blended Research International Equity Fund Class C,Small Value,MFS,10140421120.0,0.0018,,,0.3041,0.7703,0.106,0.1424,0.1271,-11.18,1.37,28.51,0.46,ETF
ILCB,MFS Blended Research International Equity Fund Class I,Large Blend,MFS,901808832.0,0.0003,0.9973,0.0,0.1268,0.4096,0.1867,0.1687,0.1501,-0.24,1.02,19.02,0.93,ETF
ILCG,MFS Blended Research International Equity Fund Class R1,Large Growth,MFS,2045804544.0,0.0004,0.9985,0.0,0.1185,0.3847,0.2343,0.2337,0.1787,4.35,1.0,19.67,1.12,ETF
ILCV,MFS Blended Research International Equity Fund Class R2,Large Value,MFS,722636480.0,0.0004,0.9964,0.0,0.1614,0.3695,0.115,0.1137,0.1054,-5.34,0.96,18.81,0.62,ETF
IMCB,MFS Blended Research International Equity Fund Class R3,Mid-Cap Blend,MFS,894809536.0,0.0004,0.9973,0.0,0.1505,0.4709,0.1509,0.1408,0.13,-4.74,1.13,21.67,0.7,ETF
IMCG,MFS Blended Research International Equity Fund Class R4,Mid-Cap Growth,MFS,1209460864.0,0.0006,0.9983,0.0,0.0822,0.4122,0.2391,0.2194,0.1492,3.9,1.06,21.75,1.04,ETF
IMTM,MFS Blended Research International Equity Fund Class R6,Foreign Large Growth,MFS,790816384.0,0.003,,,0.0354,0.2476,0.1109,0.1039,,2.75,0.82,15.39,0.67,ETF
INDA,BlackRock Advantage ESG International Equity Fund Investor A,India Equity,BlackRock,5794894848.0,0.0069,,,0.1012,0.5275,0.1078,0.1049,,3.05,0.96,24.08,0.5,ETF
INTF,BlackRock Advantage ESG International Equity Fund Institutional,Foreign Large Blend,BlackRock,904970432.0,0.003,0.9945,0.0,0.13,0.3511,0.0608,0.093,,-3.35,1.03,18.43,0.34,ETF
IOO,BlackRock Advantage ESG International Equity Fund Class K,,BlackRock,3284439808.0,0.004,0.9964,0.0,0.1384,0.3666,0.1792,0.171,0.1088,3.67,0.94,17.2,0.97,ETF
IQLT,Northern Short Bond Fund,Foreign Large Blend,Northern Funds,3497106432.0,0.003,,,0.0945,0.3358,0.126,0.1182,,3.39,0.92,16.58,0.72,ETF
IRBO,Baird Short-Term Bond Fund Institutional Class,Technology,Baird,448485088.0,0.0047,0.9977,0.0,0.129,0.5279,0.244,,,7.28,1.18,24.58,0.97,ETF
ISCB,Baird Short-Term Bond Fund Investor Class,Small Blend,Baird,243381712.0,0.0004,0.9979,0.0,0.1946,0.5689,0.1107,0.1331,0.109,-9.8,1.26,25.16,0.5,ETF
ISCF,Brandes Small Cap Value Fund Class A,Foreign Small/Mid Blend,Brandes,183235376.0,0.004,,,0.1159,0.3748,0.0768,0.1173,,-1.72,1.07,19.66,0.42,ETF
ISCG,Sterling Capital South Carolina Intermediate Tax-Free Fund C Shares,Small Growth,Sterling Capital Funds,510297280.0,0.0006,0.9994,0.0,0.0258,0.4092,0.164,0.1887,0.1357,-3.0,1.13,24.29,0.7,ETF
ISCV,Sterling Capital South Carolina Intermediate Tax Free Fund Institutional Shares,Small Value,Sterling Capital Funds,467427648.0,0.0006,0.9976,0.0,0.2616,0.7324,0.0754,0.1032,0.1008,-14.85,1.45,29.88,0.36,ETF
ISVL,Brandes Small Cap Value Fund Class I,Foreign Small/Mid Value,Brandes,14331795.0,0.003,,,,,,,,,,,,ETF
ISZE,Brandes Small Cap Value Fund Class R6,Foreign Large Blend,Brandes,18955220.0,0.003,,,0.0897,0.3371,0.0654,0.0821,,-1.94,1.05,18.81,0.41,ETF
ITA,Bernzott U.S.all Cap Value Fund,Industrials,Bernzott Capital Advisors,2963257344.0,0.0042,0.9986,0.0,0.1619,0.3426,0.0576,0.1323,0.1426,-10.56,1.38,29.1,0.3,ETF
ITB,BlackRock SMID-Cap Growth Equity Fund Investor A,Consumer Cyclical,BlackRock,2307530752.0,0.0042,0.9993,0.0,0.2433,0.5751,0.2266,0.2074,0.1905,4.43,1.5,34.36,0.74,ETF
IVE,BlackRock SMID-Cap Growth Equity Fund Class K,Large Value,BlackRock,22273660928.0,0.0018,0.9972,0.0,0.163,0.3947,0.1297,0.1237,0.1168,-5.05,1.02,19.71,0.66,ETF
IVLU,Sterling Capital Short Duration Bond Fund Class A,Foreign Large Value,Sterling Capital Funds,1336065408.0,0.003,,,0.1467,0.3524,0.039,0.0817,,-5.58,1.1,20.5,0.22,ETF
IVW,Baird Small/Mid Cap Growth Fund Institutional Class,Large Growth,Baird,34188556288.0,0.0018,0.9986,0.0,0.1427,0.4127,0.2288,0.2161,0.1708,3.92,0.98,18.73,1.13,ETF
IWB,Baillie Gifford Long Term Global Growth Fund Class I,Large Blend,Baillie Gifford Funds,29750269952.0,0.0015,0.998,0.0,0.1491,0.4294,0.1899,0.1784,0.1475,-0.15,1.03,19.1,0.94,ETF
IWC,Baillie Gifford Developed EAFE All Cap Fund Class I,Small Blend,Baillie Gifford Funds,1356579456.0,0.006,0.9975,0.0,0.2885,0.7636,0.1436,0.18,0.1297,-6.44,1.27,27.94,0.58,ETF
IWD,BlackRock Advantage Small Cap Growth Fund Class R,Large Value,BlackRock,53917691904.0,0.0019,0.9979,0.0,0.1691,0.4347,0.1221,0.117,0.1141,-5.95,1.04,20.07,0.62,ETF
IWF,Baird Small/Mid Cap Growth Fund Investor Class,Large Growth,Baird,69161877504.0,0.0019,0.9981,0.0,0.1288,0.4233,0.2487,0.2342,0.1764,4.96,1.02,19.78,1.16,ETF
IWFH,BlackRock Sustainable High Yield Bond Fund Investor A,Communications,BlackRock,8901647.0,0.0047,0.9981,0.0,-0.0075,,,,,,,,,ETF
IWL,Bishop Street Hawaii Municipal Bond Fund Class Institutional,Large Blend,Bishop Street,950714944.0,0.0015,0.9981,0.0,0.1453,0.4076,0.1996,0.1881,0.1537,1.32,0.99,18.34,1.02,ETF
IWM,BlackRock Sustainable High Yield Bond Fund Class K,Small Blend,BlackRock,69794029568.0,0.0019,0.998,0.0,0.1738,0.6187,0.1341,0.164,0.1234,-7.73,1.27,25.56,0.57,ETF
IWN,BlackRock Strategic Income Opportunities Portfolio Investor C Shares,Small Value,BlackRock,16731935744.0,0.0024,0.9974,0.0,0.2643,0.7281,0.101,0.1344,0.1071,-10.74,1.29,26.87,0.45,ETF
IWO,BlackRock Sustainable High Yield Bond Fund Institutional,Small Growth,BlackRock,12403911680.0,0.0024,0.9983,0.0,0.0885,0.5125,0.1589,0.1874,0.1359,-5.25,1.25,25.57,0.66,ETF
IWX,BlackRock Strategic Income Opportunities Portfolio Institutional Shares,Large Value,BlackRock,1155814144.0,0.002,0.998,0.0,0.1575,0.3885,0.1227,0.117,0.113,-4.79,0.96,18.73,0.65,ETF
IWY,BlackRock Strategic Income Opportunities Portfolio Class K,Large Growth,BlackRock,3891326720.0,0.002,0.9986,0.0,0.1352,0.4223,0.2574,0.2437,0.1862,5.94,1.01,19.63,1.2,ETF
IYLD,BMO Small-Cap Growth Fund Class A,Allocation--30% to 50% Equity,BMO Funds,240894304.0,0.006,,,0.0167,0.1322,0.0451,0.0438,,-6.9,1.11,14.08,0.3,ETF
JJGTF,iShares Russell Small/Mid-Cap Index Fund Investor A Shares,,BlackRock,26119956.0,0.0075,,,0.2011,0.7518,0.113,-0.0034,-0.0353,10.79,0.53,21.86,0.58,ETF
JPXN,BlackRock SMID-Cap Growth Equity Fund Institutional,Japan Stock,BlackRock,86292920.0,0.0048,0.9946,0.0,0.0021,0.2296,0.0639,0.0932,0.0659,-0.9,0.74,15.46,0.39,ETF
JXI,iShares Russell Small/Mid-Cap Index Fund Institutional Shares,Utilities,BlackRock,142480432.0,0.0046,0.9941,0.0,0.0027,0.1496,0.0995,0.0732,0.0646,2.48,0.48,13.82,0.67,ETF
KSA,iShares Russell Small/Mid-Cap Index Fund Class K,Miscellaneous Region,BlackRock,841259456.0,0.0074,,,0.2791,0.5165,0.1029,0.1369,,3.4,0.81,19.06,0.57,ETF
KWT,Baird Strategic Municipal Bond Fund Institutional,Miscellaneous Region,Baird,17447976.0,0.0074,0.9969,0.0,0.1802,,,,,,,,,ETF
KXI,Baird Strategic Municipal Bond Fund Investor,Consumer Defensive,Baird,555424256.0,0.0046,0.9948,0.0,0.0607,0.2113,0.1031,0.066,0.088,0.9,0.6,13.09,0.72,ETF
LQDH,iShares S&P 500 Index Fund Investor A Shares,Corporate Bond,BlackRock,630685696.0,0.0024,,,0.0155,0.0921,0.0364,0.0418,,2.37,0.07,7.82,0.34,ETF
LQDI,iShares S&P 500 Index Fund Class G Shares,Corporate Bond,BlackRock,35500408.0,0.0018,,,0.0247,0.1371,0.0922,,,2.13,1.44,10.45,0.76,ETF
LRGF,iShares S&P 500 Index Fund Institutional Shares,Large Value,BlackRock,1042967296.0,0.002,0.9956,0.0,0.1423,0.3944,0.1258,0.1428,,-5.37,1.01,19.04,0.65,ETF
MIDF,iShares S&P 500 Index Fund Investor P Shares,Mid-Cap Blend,BlackRock,5509294.0,0.0025,0.9975,0.0,0.164,0.4763,,,,,,,,ETF
MJJ,iShares S&P 500 Index Fund Service Shares,Miscellaneous Sector,BlackRock,48937036.0,0.007,1.0,0.0,0.2009,0.6547,,,,,,,,ETF
MLPB,BlackRock Total Factor Fund Investor A Shares,Energy Limited Partnership,BlackRock,223107712.0,0.0085,,,0.4823,0.6338,0.0096,-0.0176,,-19.23,2.01,46.39,0.19,ETF
MLPR,BlackRock Total Factor Fund Investor C Shares,,BlackRock,30671500.0,,,,0.362,,,,,,,,,ETF
MVRL,BlackRock Total Factor Fund Institutional Shares,,BlackRock,43308600.0,,,,0.0813,,,,,,,,,ETF
MXI,BlackRock Total Factor Fund Class K,Natural Resources,BlackRock,1017577792.0,0.0045,0.9962,0.0,0.1301,0.4804,0.1343,0.1573,0.0456,-2.14,1.12,21.26,0.63,ETF
NRGD,BlackRock Technology Opportunities Fund Service Shares,,BlackRock,19298624.0,0.0095,1.0,0.0,-0.6854,-0.9826,,,,,,,,ETF
NRGU,BMO Small-Cap Value Fund Class R6,,BMO Funds,459934176.0,0.0095,1.0,0.0,1.1529,0.4763,,,,,,,,ETF
NYF,Baird SmallCap Value Fund Institutional Class,Muni New York Intermediate,Baird,533787072.0,0.0025,0.0,0.991,0.0113,0.0357,0.044,0.0257,0.0372,-0.38,0.92,3.74,0.85,ETF
PICK,Baird SmallCap Value Fund Investor Class,,Baird,1175769728.0,0.0039,0.9943,0.0,0.2431,1.212,0.1489,0.195,,-1.68,1.44,29.95,0.56,ETF
REET,Boston Trust Asset Management Fund,Real Estate,Boston Trust Walden Funds,3249966080.0,0.0014,,,0.1781,0.363,0.0725,0.0484,,-5.54,0.96,20.53,0.39,ETF
REM,Bitcoin Strategy ProFund Investor Class,Real Estate,ProFunds,1565561216.0,0.0048,,,0.2029,0.601,0.0377,0.0744,0.0646,-11.57,1.72,38.38,0.33,ETF
REML,Boston Trust Equity Fund,,Boston Trust Walden Funds,234940576.0,0.005,,,0.3631,1.8344,-0.198,,,-20.65,2.78,66.23,0.43,ETF
REZ,Brown Advisory Tax Exempt Bond Fund Institutional Shares,Real Estate,Brown Advisory Funds,666235392.0,0.0048,0.9956,0.0,0.2427,0.4296,0.1327,0.081,0.1072,2.59,0.77,19.84,0.67,ETF
RXI,BlackRock Technology Opportunities Fund Class K,Consumer Cyclical,BlackRock,462655392.0,0.0046,0.9986,0.0,0.1065,0.4528,0.1559,0.167,0.1324,-0.27,1.12,20.75,0.74,ETF
SCJ,BTS Tactical Fixed Income Fund Class A,Japan Stock,BTS,71845280.0,0.0051,0.9953,0.0,0.0185,0.2089,0.0322,0.0826,0.0775,-3.28,0.68,15.8,0.19,ETF
SIZE,BTS Tactical Fixed Income Fund Class C,Large Blend,BTS,853857216.0,0.0015,0.9963,0.0,0.171,0.4986,0.1734,0.1573,,-2.58,1.12,21.47,0.8,ETF
SLV,BTS Tactical Fixed Income Fund Class I,,BTS,14374981632.0,0.005,,,-0.0142,0.4239,0.1693,0.0628,-0.0329,15.08,1.18,34.11,0.57,ETF
SMIN,BTS Tactical Fixed Income Fund Class R,India Equity,BTS,320260992.0,0.0081,,,0.2902,0.8715,0.1034,0.1196,,3.48,1.1,31.7,0.43,ETF
SMLF,Northern U.S. Treasury Index Fund,Small Blend,Northern Funds,1000101120.0,0.003,0.9963,0.0,0.2026,0.5562,0.1095,0.1453,,-8.79,1.17,23.22,0.51,ETF
SMMD,DWS Equity 500 Index Fund - Class S,,DWS,307516480.0,0.0015,0.9961,0.0,0.1541,0.602,0.1507,,,-5.36,1.24,24.46,0.65,ETF
SUB,Belmont Theta Income Fund Institutional Class,Muni National Short,Belmont Capital Group,5082960896.0,0.0007,,,0.0011,0.0098,0.0226,0.0147,0.012,-0.26,0.31,1.41,0.67,ETF
SVAL,DWS Equity 500 Index Fund - Class Inst,Small Value,DWS,121394968.0,0.002,,,0.2601,,,,,,,,,ETF
TECB,DWS Equity 500 Index Fund - Class R6,Technology,DWS,428401632.0,0.004,0.9992,0.0,0.1421,0.3829,,,,,,,,ETF
TFLO,Baillie Gifford International Concentrated Growth Equities Fund Class K,Ultrashort Bond,Baillie Gifford Funds,271503904.0,0.0015,,,-0.0001,,0.0115,0.0109,,-0.03,,0.3,-0.39,ETF
THD,Baillie Gifford International Concentrated Growth Equities Fund Institutional Class,Miscellaneous Region,Baillie Gifford Funds,393006848.0,0.0059,0.9969,0.0,0.0273,0.1272,0.0056,0.0507,0.0468,-9.0,1.24,25.85,0.1,ETF
TOK,BMO Short-Term Income Fund Class A,,BMO Funds,185287072.0,0.0025,0.9957,0.0,0.1439,0.3965,0.1598,0.1533,0.1117,0.77,1.04,18.66,0.82,ETF
TVIXF,Boston Trust Midcap Fund,Trading--Miscellaneous,Boston Trust Walden Funds,17675852.0,0.0165,,,-0.6518,-0.9309,-0.745,-0.8258,-1.0,-43.2,-11.03,181.12,-0.26,ETF
UCIB,Baird Short-Term Municipal Bond Fund Institutional Class,Commodities Broad Basket,Baird,54136600.0,0.0055,,,0.27,0.5816,0.0844,0.092,,4.07,1.14,18.91,0.44,ETF
UGA,iShares MSCI EAFE International Index Fund Class K,,BlackRock,120135544.0,0.0075,,,0.4751,0.8923,0.0129,0.0666,-0.0324,9.2,2.46,54.08,0.34,ETF
UGAZF,iShares MSCI EAFE International Index Fund Investor P Shares,Trading--Leveraged Commodities,BlackRock,70079576.0,0.0165,,,1.448,0.0413,-0.7461,-0.7036,,-51.33,3.25,143.83,-0.27,ETF
UGLDF,Baird Short-Term Municipal Bond Fund Investor Class,Trading--Leveraged Commodities,Baird,74841744.0,0.0135,,,,-0.0167,0.2905,0.0825,,25.5,0.21,43.13,0.61,ETF
UNG,Salient Tactical Plus Fund Class F,,Salient Funds,277809920.0,0.0135,,,0.4217,0.2749,-0.1797,-0.1766,-0.229,-14.44,1.18,49.81,-0.2,ETF
UNL,BTS Managed Income Fund Class A Shares,,BTS,9979157.0,0.009,,,0.3412,0.3428,0.0211,-0.0088,-0.11,1.97,0.42,25.74,0.14,ETF
URTH,BTS Managed Income Fund Class C Shares,,BTS,1340442624.0,0.0024,0.9966,0.0,0.1349,0.3945,0.153,0.1505,,0.5,1.01,18.24,0.8,ETF
USCI,BTS Managed Income Fund Class I Shares,Commodities Broad Basket,BTS,234678656.0,0.011,,,0.2364,0.5196,-0.0261,-0.0133,-0.0446,-6.34,1.11,18.07,-0.12,ETF
USL,Boston Trust SMID Cap Fund,,Boston Trust Walden Funds,188204144.0,0.0088,,,0.4881,0.7354,0.0034,0.0574,-0.0519,-0.19,2.05,40.78,0.18,ETF
USLVF,BTS Managed Income Fund Class R Shares,Trading--Leveraged Commodities,BTS,150190352.0,0.0165,,,-0.2173,0.4626,0.0414,-0.1424,,39.06,3.5,109.44,0.48,ETF
VEGI,American Century Zero Coupon 2025 Fund Investor Class,Natural Resources,American Century Investments,89065976.0,0.0039,0.9966,0.0,0.1639,0.6115,0.1351,0.1335,,-0.58,1.02,20.23,0.67,ETF
WPS,CBOE Vest S&P 500 Buffer Strategy Fund Class A Shares,Global Real Estate,CBOE Vest,80536672.0,0.0048,,,0.0905,0.2995,0.0485,0.0567,0.0556,-7.36,0.9,18.92,0.28,ETF
ZIVZF,BlackRock U.S. Impact Fund Investor A,Trading--Miscellaneous,BlackRock,22840564.0,0.0135,,,,0.0144,-0.2638,-0.0568,0.0542,-5.52,-26.86,39.12,-0.43,ETF
EEM,Baird Ultra Short Bond Fund Institutional Class,Diversified Emerging Mkts,Baird,30988068864.0,0.0068,0.9929,0.0,0.0187,0.1941,0.0897,0.0969,0.0416,0.06,0.99,19.08,0.49,ETF
EIRL,Baird Ultra Short Bond Fund Investor Class,Miscellaneous Region,Baird,65597660.0,0.0051,0.9982,0.0,0.1433,0.5258,0.0801,0.1132,0.1156,-2.0,1.2,23.02,0.4,ETF
EPP,CBOE Vest S&P 500 Buffer Strategy Fund Class C Shares,Pacific/Asia ex-Japan Stk,CBOE Vest,2446532096.0,0.0048,0.997,0.0,0.0791,0.2945,0.0651,0.0811,0.0503,-1.66,1.12,20.75,0.35,ETF
ERUS,Buffalo Flexible Income Fund,Miscellaneous Region,Buffalo,576631808.0,0.0059,,,0.2027,0.3864,0.1597,0.1599,0.0136,5.0,1.31,26.89,0.64,ETF
EWA,Buffalo Dividend Focus Fund,Miscellaneous Region,Buffalo,1527076992.0,0.0051,0.9976,0.0,0.091,0.3235,0.0804,0.0869,0.0488,-0.56,1.24,23.76,0.4,ETF
EWC,Buffalo Large Cap Fund,Miscellaneous Region,Buffalo,4342182400.0,0.0051,0.9962,0.0,0.2159,0.4671,0.1183,0.1108,0.0387,1.33,1.2,22.46,0.56,ETF
EWD,Buffalo Growth Fund,Miscellaneous Region,Buffalo,685684480.0,0.0051,,,0.2447,0.474,0.1743,0.1509,0.0856,8.19,1.11,21.31,0.8,ETF
